image_id,image_name
1,1000092795.jpg
2,10002456.jpg
3,1000268201.jpg
4,1000344755.jpg
5,1000366164.jpg
6,1000523639.jpg
7,1000919630.jpg
8,10010052.jpg
9,1001465944.jpg
10,1001545525.jpg
11,1001573224.jpg
12,1001633352.jpg
13,1001773457.jpg
14,1001896054.jpg
15,100197432.jpg
16,100207720.jpg
17,1002674143.jpg
18,1003163366.jpg
19,1003420127.jpg
20,1003428081.jpg
21,100444898.jpg
22,1005216151.jpg
23,100577935.jpg
24,1006452823.jpg
25,100652400.jpg
26,1007129816.jpg
27,100716317.jpg
28,1007205537.jpg
29,1007320043.jpg
30,100759042.jpg
31,10082347.jpg
32,10082348.jpg
33,100845130.jpg
34,10090841.jpg
35,1009434119.jpg
36,1009692167.jpg
37,101001624.jpg
38,1010031975.jpg
39,1010087179.jpg
40,1010087623.jpg
41,10101477.jpg
42,1010470346.jpg
43,1010673430.jpg
44,101093029.jpg
45,101093045.jpg
46,1011572216.jpg
47,1012150929.jpg
48,1012212859.jpg
49,1012328893.jpg
50,101262930.jpg
51,1013536888.jpg
52,101362133.jpg
53,101362650.jpg
54,1014609273.jpg
55,101471792.jpg
56,1014785440.jpg
57,1015118661.jpg
58,1015584366.jpg
59,101559400.jpg
60,1015712668.jpg
61,10160966.jpg
62,101654506.jpg
63,1016626169.jpg
64,101669240.jpg
65,1016887272.jpg
66,1017675163.jpg
67,1018057225.jpg
68,1018148011.jpg
69,101859883.jpg
70,10188041.jpg
71,1019077836.jpg
72,101958970.jpg
73,1019604187.jpg
74,102030371.jpg
75,1020651753.jpg
76,1021293940.jpg
77,1021332107.jpg
78,1021439420.jpg
79,1021442086.jpg
80,1022454332.jpg
81,1022454428.jpg
82,102268204.jpg
83,1022975728.jpg
84,102351840.jpg
85,1024138940.jpg
86,102455176.jpg
87,1024613706.jpg
88,102520526.jpg
89,102575576.jpg
90,102617084.jpg
91,1026685415.jpg
92,1026792563.jpg
93,1027149103.jpg
94,1027211271.jpg
95,1028205764.jpg
96,102851549.jpg
97,102860573.jpg
98,10287332.jpg
99,1028982826.jpg
100,1029450589.jpg
101,1029737941.jpg
102,1029802110.jpg
103,102998070.jpg
104,1030041880.jpg
105,103031977.jpg
106,1030985833.jpg
107,103106960.jpg
108,103195344.jpg
109,1031973097.jpg
110,103205630.jpg
111,1032122270.jpg
112,1032460886.jpg
113,103306033.jpg
114,103328091.jpg
115,1033767085.jpg
116,1034276567.jpg
117,1034985636.jpg
118,1035019794.jpg
119,10350842.jpg
120,1035392784.jpg
121,103625356.jpg
122,103631543.jpg
123,1039360778.jpg
124,103953336.jpg
125,1039637574.jpg
126,10404007.jpg
127,1040426962.jpg
128,104136873.jpg
129,104180524.jpg
130,1042020065.jpg
131,1042359076.jpg
132,1042590306.jpg
133,104285082.jpg
134,1043819504.jpg
135,1043910339.jpg
136,1044434135.jpg
137,1044764620.jpg
138,1044798682.jpg
139,1045124251.jpg
140,1045309098.jpg
141,1045521051.jpg
142,10459869.jpg
143,104669470.jpg
144,104700891.jpg
145,104763189.jpg
146,1047921035.jpg
147,104816788.jpg
148,104824673.jpg
149,104835889.jpg
150,1048710776.jpg
151,1049955899.jpg
152,105077209.jpg
153,1051205546.jpg
154,1051290485.jpg
155,1051953669.jpg
156,105223874.jpg
157,1052358063.jpg
158,1053116826.jpg
159,1053243591.jpg
160,105335409.jpg
161,105342180.jpg
162,1053804096.jpg
163,1054620089.jpg
164,105493603.jpg
165,105493628.jpg
166,1055623002.jpg
167,1055753357.jpg
168,1056198351.jpg
169,1056249424.jpg
170,1056338697.jpg
171,1056359656.jpg
172,1056415186.jpg
173,105685221.jpg
174,1056873310.jpg
175,1057089366.jpg
176,1057210460.jpg
177,1057251835.jpg
178,105806535.jpg
179,1059514525.jpg
180,10602072.jpg
181,106027774.jpg
182,106027978.jpg
183,106039369.jpg
184,1060605297.jpg
185,1061467336.jpg
186,1061887159.jpg
187,106300392.jpg
188,106356264.jpg
189,10637120.jpg
190,106372282.jpg
191,1063866640.jpg
192,106490881.jpg
193,106514190.jpg
194,1065323785.jpg
195,1065831604.jpg
196,1066252238.jpg
197,1066831905.jpg
198,106691539.jpg
199,1067180831.jpg
200,1067675215.jpg
201,1067790824.jpg
202,1068427675.jpg
203,106959209.jpg
204,107022557.jpg
205,1071201387.jpg
206,1072153132.jpg
207,1072439304.jpg
208,1073145694.jpg
209,107318069.jpg
210,1073444492.jpg
211,107368840.jpg
212,10751489.jpg
213,107532584.jpg
214,1075716537.jpg
215,107582366.jpg
216,1075867198.jpg
217,1075881101.jpg
218,1076460267.jpg
219,1076503761.jpg
220,1077546505.jpg
221,1077931201.jpg
222,1078621572.jpg
223,1079013716.jpg
224,1079274291.jpg
225,107936523.jpg
226,107969134.jpg
227,1079742005.jpg
228,107985741.jpg
229,1080230428.jpg
230,108149945.jpg
231,10815824.jpg
232,1081595465.jpg
233,1082110795.jpg
234,1082223338.jpg
235,1082250005.jpg
236,1082252566.jpg
237,1082379191.jpg
238,1082478946.jpg
239,1082608010.jpg
240,1083240835.jpg
241,1084040636.jpg
242,1084104085.jpg
243,1084527029.jpg
244,108503753.jpg
245,10863862.jpg
246,108656820.jpg
247,1087168168.jpg
248,1087539207.jpg
249,1088385559.jpg
250,1088767354.jpg
251,108898978.jpg
252,108899015.jpg
253,1089059626.jpg
254,1089181217.jpg
255,1089354362.jpg
256,108957912.jpg
257,108970557.jpg
258,1089755335.jpg
259,109083036.jpg
260,1091942526.jpg
261,10919429.jpg
262,109202756.jpg
263,109202801.jpg
264,1092437557.jpg
265,109260216.jpg
266,109260218.jpg
267,1093716555.jpg
268,1093737381.jpg
269,109380144.jpg
270,1093807815.jpg
271,1094283901.jpg
272,1094462889.jpg
273,1094606832.jpg
274,1094671386.jpg
275,1095109931.jpg
276,10951809.jpg
277,109544260.jpg
278,1095476286.jpg
279,1095580424.jpg
280,1095590286.jpg
281,10956999.jpg
282,10957138.jpg
283,1095980313.jpg
284,109608573.jpg
285,1096097967.jpg
286,1096165011.jpg
287,1096305461.jpg
288,1096395242.jpg
289,109656696.jpg
290,109671650.jpg
291,1096800382.jpg
292,109738763.jpg
293,109738916.jpg
294,109741554.jpg
295,1097463464.jpg
296,109770830.jpg
297,1097710887.jpg
298,109823394.jpg
299,109823395.jpg
300,109823397.jpg
301,1099034049.jpg
302,1099434461.jpg
303,109982467.jpg
304,1100214449.jpg
305,1100708949.jpg
306,1101207553.jpg
307,1101291373.jpg
308,1101923011.jpg
309,110201971.jpg
310,110226481.jpg
311,11026590.jpg
312,110269384.jpg
313,1102763701.jpg
314,11034843.jpg
315,1104087374.jpg
316,1104133405.jpg
317,1104881373.jpg
318,1105137588.jpg
319,110590591.jpg
320,1105959054.jpg
321,110595925.jpg
322,110600869.jpg
323,110613709.jpg
324,110615445.jpg
325,110637863.jpg
326,110647073.jpg
327,1106644976.jpg
328,110671345.jpg
329,110671448.jpg
330,110695011.jpg
331,1107246521.jpg
332,1107471216.jpg
333,1107507919.jpg
334,1107716222.jpg
335,11079715.jpg
336,110802332.jpg
337,110820212.jpg
338,110964272.jpg
339,110983128.jpg
340,1110208841.jpg
341,111061041.jpg
342,111069375.jpg
343,111201721.jpg
344,1112212364.jpg
345,1112334131.jpg
346,111285749.jpg
347,11131022.jpg
348,1113186657.jpg
349,111390902.jpg
350,111413806.jpg
351,111419142.jpg
352,111497985.jpg
353,111537217.jpg
354,111537222.jpg
355,1115565519.jpg
356,1115679311.jpg
357,111671162.jpg
358,111737806.jpg
359,111766423.jpg
360,111796099.jpg
361,1117972841.jpg
362,111811048.jpg
363,1118168796.jpg
364,1118557877.jpg
365,1118752484.jpg
366,1119015538.jpg
367,1119034454.jpg
368,111908743.jpg
369,1119418776.jpg
370,1119463452.jpg
371,11205420.jpg
372,1121053156.jpg
373,1121416483.jpg
374,11214205.jpg
375,11214370.jpg
376,11214470.jpg
377,112178718.jpg
378,11220707.jpg
379,1122177096.jpg
380,112220869.jpg
381,1122357785.jpg
382,112243673.jpg
383,112245524.jpg
384,1122579380.jpg
385,112264837.jpg
386,1122944218.jpg
387,1123486015.jpg
388,112411540.jpg
389,1124448967.jpg
390,11245644.jpg
391,112459543.jpg
392,112550433.jpg
393,112604461.jpg
394,1126137905.jpg
395,1126403094.jpg
396,1126450961.jpg
397,112719695.jpg
398,1128230658.jpg
399,1128874064.jpg
400,112945950.jpg
401,1129704496.jpg
402,1130017585.jpg
403,1130295306.jpg
404,113032513.jpg
405,1130369873.jpg
406,1130401779.jpg
407,1131056918.jpg
408,113109101.jpg
409,1131155939.jpg
410,1131340021.jpg
411,1131800850.jpg
412,1131804997.jpg
413,1131883759.jpg
414,1131889107.jpg
415,1131932671.jpg
416,1132772170.jpg
417,113291048.jpg
418,11337976.jpg
419,11338041.jpg
420,113637264.jpg
421,1136497229.jpg
422,1136758631.jpg
423,113678030.jpg
424,113737410.jpg
425,11382381.jpg
426,1138784872.jpg
427,1139029795.jpg
428,11391827.jpg
429,114051287.jpg
430,114052371.jpg
431,1140793239.jpg
432,1141643526.jpg
433,1141644104.jpg
434,114164952.jpg
435,1141718391.jpg
436,1141739219.jpg
437,1142283988.jpg
438,1142847777.jpg
439,1142916102.jpg
440,1143373711.jpg
441,114368470.jpg
442,1143815134.jpg
443,1143882946.jpg
444,114410209.jpg
445,1144288288.jpg
446,114474325.jpg
447,1144865997.jpg
448,1144874057.jpg
449,1144885633.jpg
450,1144946743.jpg
451,1145145003.jpg
452,1145718750.jpg
453,1145722716.jpg
454,1145730606.jpg
455,1145755142.jpg
456,1145770960.jpg
457,1145781754.jpg
458,1145810912.jpg
459,1146490295.jpg
460,1146938063.jpg
461,114715590.jpg
462,114722877.jpg
463,1147391743.jpg
464,1148095714.jpg
465,1148238960.jpg
466,1148889628.jpg
467,1149097018.jpg
468,1149179852.jpg
469,1149286224.jpg
470,114939325.jpg
471,114941694.jpg
472,114949897.jpg
473,114954667.jpg
474,115018808.jpg
475,1150429218.jpg
476,115125072.jpg
477,1151321278.jpg
478,1151466868.jpg
479,1152274630.jpg
480,115275671.jpg
481,115275691.jpg
482,115275821.jpg
483,11533606.jpg
484,11536856.jpg
485,1153704539.jpg
486,1153857697.jpg
487,1154080132.jpg
488,115452730.jpg
489,1154930578.jpg
490,11551286.jpg
491,1155138244.jpg
492,115684808.jpg
493,1157215900.jpg
494,115767961.jpg
495,1157855775.jpg
496,1158255688.jpg
497,1158505981.jpg
498,1158897994.jpg
499,115903799.jpg
500,1159381599.jpg
501,1159425410.jpg
502,1159574340.jpg
503,116002648.jpg
504,1160034462.jpg
505,1160128934.jpg
506,116021030.jpg
507,1160441615.jpg
508,1160841776.jpg
509,11610969.jpg
510,1161159603.jpg
511,1162606352.jpg
512,1163282319.jpg
513,1163297375.jpg
514,116337803.jpg
515,1163438830.jpg
516,116382784.jpg
517,116409198.jpg
518,1164131282.jpg
519,116450583.jpg
520,116457850.jpg
521,1164765687.jpg
522,116482438.jpg
523,1165334998.jpg
524,116569042.jpg
525,116569046.jpg
526,116626604.jpg
527,116664780.jpg
528,1167144956.jpg
529,116734115.jpg
530,1167662968.jpg
531,1167669558.jpg
532,11678931.jpg
533,1167908324.jpg
534,116862076.jpg
535,1169307342.jpg
536,116976749.jpg
537,1170586898.jpg
538,1172514641.jpg
539,117430422.jpg
540,1174525839.jpg
541,1174629344.jpg
542,117478651.jpg
543,1175268298.jpg
544,1176580356.jpg
545,1177949654.jpg
546,1177994172.jpg
547,1178705300.jpg
548,117883760.jpg
549,1179086155.jpg
550,117919518.jpg
551,1179226886.jpg
552,117956563.jpg
553,11808546.jpg
554,1181708011.jpg
555,118187095.jpg
556,1182733666.jpg
557,118309463.jpg
558,1184340890.jpg
559,1184440714.jpg
560,1184910489.jpg
561,1184967930.jpg
562,1186128541.jpg
563,1186391461.jpg
564,118647903.jpg
565,1186603607.jpg
566,118667747.jpg
567,118668756.jpg
568,1187077747.jpg
569,118707970.jpg
570,118708295.jpg
571,118717792.jpg
572,1187252153.jpg
573,1187435567.jpg
574,1187593464.jpg
575,118771635.jpg
576,1187993157.jpg
577,118802644.jpg
578,1188199432.jpg
579,118854260.jpg
580,118865844.jpg
581,1188670028.jpg
582,118897631.jpg
583,118939364.jpg
584,118939861.jpg
585,1189977786.jpg
586,1190083977.jpg
587,119082045.jpg
588,1190951807.jpg
589,1191338263.jpg
590,1191423753.jpg
591,11914981.jpg
592,1191939974.jpg
593,1192725687.jpg
594,1193116658.jpg
595,1193547352.jpg
596,119364730.jpg
597,1193746118.jpg
598,119534510.jpg
599,1195966967.jpg
600,1196432301.jpg
601,1196602179.jpg
602,1196696476.jpg
603,1196746186.jpg
604,1196886054.jpg
605,1197800988.jpg
606,119805497.jpg
607,1198194316.jpg
608,1199376686.jpg
609,1199847613.jpg
610,120058071.jpg
611,1201218421.jpg
612,1202620814.jpg
613,120286774.jpg
614,120394296.jpg
615,120474559.jpg
616,1204996216.jpg
617,120538235.jpg
618,120542286.jpg
619,120545123.jpg
620,120545125.jpg
621,120545126.jpg
622,1205490378.jpg
623,1206506157.jpg
624,1207159468.jpg
625,120764850.jpg
626,120778976.jpg
627,120889725.jpg
628,1211015912.jpg
629,1211184847.jpg
630,1211196579.jpg
631,121178216.jpg
632,12118309.jpg
633,121197973.jpg
634,1212131969.jpg
635,1212658333.jpg
636,1213185795.jpg
637,1213336750.jpg
638,121335612.jpg
639,12142386.jpg
640,12142391.jpg
641,1215318051.jpg
642,1215334959.jpg
643,121551810.jpg
644,121556607.jpg
645,121556804.jpg
646,1215804065.jpg
647,121590361.jpg
648,121800200.jpg
649,1218091024.jpg
650,1218456659.jpg
651,121861208.jpg
652,121971540.jpg
653,1220027979.jpg
654,122019659.jpg
655,1220401002.jpg
656,122156386.jpg
657,122188825.jpg
658,122189647.jpg
659,122190424.jpg
660,122202217.jpg
661,1222063706.jpg
662,1222322358.jpg
663,122301379.jpg
664,1223671563.jpg
665,12238723.jpg
666,122427967.jpg
667,12243003.jpg
668,1224744193.jpg
669,1224851143.jpg
670,12252043.jpg
671,1225443522.jpg
672,1225603792.jpg
673,1225687681.jpg
674,122634567.jpg
675,1227655020.jpg
676,1228304869.jpg
677,122868800.jpg
678,1229536824.jpg
679,122958692.jpg
680,1229756013.jpg
681,1230594535.jpg
682,123101580.jpg
683,1231229740.jpg
684,1231348815.jpg
685,1232148178.jpg
686,123244147.jpg
687,123314995.jpg
688,123315267.jpg
689,123315301.jpg
690,123346365.jpg
691,12335073.jpg
692,123416768.jpg
693,1234206849.jpg
694,1234293791.jpg
695,1234638761.jpg
696,1234817607.jpg
697,123501647.jpg
698,1235099089.jpg
699,1235455146.jpg
700,1235580648.jpg
701,1235681222.jpg
702,1235685934.jpg
703,123628218.jpg
704,1236951314.jpg
705,1236964638.jpg
706,1237177353.jpg
707,123728333.jpg
708,12379850.jpg
709,1237985362.jpg
710,1238084765.jpg
711,123866385.jpg
712,1238849490.jpg
713,123889082.jpg
714,1239262721.jpg
715,12393802.jpg
716,12393804.jpg
717,1239873050.jpg
718,123997871.jpg
719,1240297429.jpg
720,124106477.jpg
721,124145159.jpg
722,124195430.jpg
723,1242394484.jpg
724,12424190.jpg
725,1242603438.jpg
726,1242629236.jpg
727,1243756.jpg
728,1243798805.jpg
729,124390903.jpg
730,1244140539.jpg
731,1244306891.jpg
732,1244485675.jpg
733,124488273.jpg
734,1245022983.jpg
735,1245194315.jpg
736,124523773.jpg
737,124534466.jpg
738,1246237064.jpg
739,1246239396.jpg
740,1246863003.jpg
741,1247181182.jpg
742,1247484195.jpg
743,1248357227.jpg
744,1248734482.jpg
745,1248747267.jpg
746,124880336.jpg
747,124881487.jpg
748,1248940539.jpg
749,1248953128.jpg
750,124972799.jpg
751,1250181412.jpg
752,1250745375.jpg
753,1250845715.jpg
754,1250854171.jpg
755,125093729.jpg
756,1251558317.jpg
757,1251583490.jpg
758,1251716308.jpg
759,1251898514.jpg
760,1252210354.jpg
761,1252396628.jpg
762,12526324.jpg
763,125272627.jpg
764,1252787177.jpg
765,1253095131.jpg
766,125319704.jpg
767,1253264731.jpg
768,1253275679.jpg
769,125382282.jpg
770,1254659.jpg
771,1255504166.jpg
772,1255599434.jpg
773,1255846277.jpg
774,125635185.jpg
775,1257692349.jpg
776,1258371874.jpg
777,1258913059.jpg
778,1259627071.jpg
779,1259936608.jpg
780,126042604.jpg
781,1260501563.jpg
782,1260816604.jpg
783,1262077938.jpg
784,126227418.jpg
785,126238618.jpg
786,1262454669.jpg
787,1262583859.jpg
788,1262720546.jpg
789,1262808368.jpg
790,1263126002.jpg
791,12637806.jpg
792,126378326.jpg
793,1263801010.jpg
794,126438084.jpg
795,12648121.jpg
796,126514207.jpg
797,1265343716.jpg
798,1265501253.jpg
799,126594141.jpg
800,1266008699.jpg
801,1266116986.jpg
802,1266359954.jpg
803,12668600.jpg
804,126762293.jpg
805,1267711451.jpg
806,126772535.jpg
807,126823727.jpg
808,126824259.jpg
809,1269021329.jpg
810,1269022629.jpg
811,1269470943.jpg
812,1269844288.jpg
813,1271210445.jpg
814,127146749.jpg
815,127149546.jpg
816,1271579512.jpg
817,1271960365.jpg
818,127257426.jpg
819,1273001772.jpg
820,127332812.jpg
821,12736326.jpg
822,1274268203.jpg
823,1274416519.jpg
824,127449574.jpg
825,127450902.jpg
826,127480623.jpg
827,127488876.jpg
828,127489408.jpg
829,127490019.jpg
830,1275693139.jpg
831,1275832390.jpg
832,127644661.jpg
833,127685074.jpg
834,12770842.jpg
835,1277185009.jpg
836,1277743944.jpg
837,1277949368.jpg
838,1278579569.jpg
839,1278589645.jpg
840,127875146.jpg
841,1278818225.jpg
842,1279422342.jpg
843,1279461814.jpg
844,1280147517.jpg
845,1280221720.jpg
846,1280320287.jpg
847,1280499679.jpg
848,128097991.jpg
849,1281282435.jpg
850,128128618.jpg
851,1282392036.jpg
852,12830823.jpg
853,1283466.jpg
854,128391889.jpg
855,128395402.jpg
856,128395441.jpg
857,128395625.jpg
858,128395941.jpg
859,128396110.jpg
860,128396150.jpg
861,128396207.jpg
862,1283974580.jpg
863,128404184.jpg
864,128452798.jpg
865,128479785.jpg
866,128479788.jpg
867,1285067106.jpg
868,1285874746.jpg
869,1286408831.jpg
870,1286805224.jpg
871,1287064529.jpg
872,128706814.jpg
873,128706819.jpg
874,1287073593.jpg
875,1287166023.jpg
876,1287475186.jpg
877,128755800.jpg
878,1287704027.jpg
879,1287768104.jpg
880,1287905264.jpg
881,1287920676.jpg
882,1287931016.jpg
883,1287982439.jpg
884,1288909046.jpg
885,128912885.jpg
886,1289142574.jpg
887,1289352548.jpg
888,1289352588.jpg
889,1289625678.jpg
890,1289951084.jpg
891,1289953720.jpg
892,1290285741.jpg
893,12904242.jpg
894,12904363.jpg
895,1290525613.jpg
896,1290571209.jpg
897,1290894194.jpg
898,1292033319.jpg
899,129269068.jpg
900,1292715668.jpg
901,129321675.jpg
902,129441311.jpg
903,1294431829.jpg
904,1294578091.jpg
905,129462636.jpg
906,129474628.jpg
907,1294940311.jpg
908,129528391.jpg
909,1295476404.jpg
910,1295669416.jpg
911,1295671216.jpg
912,1295698260.jpg
913,1295719054.jpg
914,1295747912.jpg
915,129599450.jpg
916,129602216.jpg
917,1296144016.jpg
918,1296395998.jpg
919,1296412797.jpg
920,129662899.jpg
921,1296740217.jpg
922,1296770308.jpg
923,12974441.jpg
924,1297871927.jpg
925,129790261.jpg
926,1298295313.jpg
927,129846884.jpg
928,129860826.jpg
929,129863111.jpg
930,1298866571.jpg
931,129891931.jpg
932,1299459550.jpg
933,1299459562.jpg
934,129978192.jpg
935,1299817309.jpg
936,129981966.jpg
937,1299923168.jpg
938,1300075854.jpg
939,130063845.jpg
940,1300744906.jpg
941,1301140633.jpg
942,1301292439.jpg
943,1301337349.jpg
944,130151401.jpg
945,1301532463.jpg
946,130163559.jpg
947,1301978702.jpg
948,130211457.jpg
949,1302657647.jpg
950,1303157527.jpg
951,1303213306.jpg
952,1303335399.jpg
953,1303548017.jpg
954,1303550623.jpg
955,1303573561.jpg
956,1303644819.jpg
957,1303727066.jpg
958,1303727828.jpg
959,1304100320.jpg
960,1304296861.jpg
961,13042995.jpg
962,1304428316.jpg
963,1304961697.jpg
964,130500771.jpg
965,130504182.jpg
966,130508055.jpg
967,13051044.jpg
968,1305564994.jpg
969,1306038218.jpg
970,1306080718.jpg
971,1306106329.jpg
972,1306145560.jpg
973,13061918.jpg
974,1306755031.jpg
975,1306824952.jpg
976,1307094208.jpg
977,1307635496.jpg
978,130784506.jpg
979,130792536.jpg
980,1308472581.jpg
981,1308617539.jpg
982,1309153515.jpg
983,1309330801.jpg
984,1310093059.jpg
985,131090759.jpg
986,1311132744.jpg
987,131114016.jpg
988,131122346.jpg
989,1311388430.jpg
990,131156353.jpg
991,1312020846.jpg
992,1312227131.jpg
993,1312269513.jpg
994,1312440023.jpg
995,131254736.jpg
996,1312954382.jpg
997,1313693129.jpg
998,1313869424.jpg
999,1313961775.jpg
1000,1313987366.jpg
1001,1314231418.jpg
1002,1315116409.jpg
1003,1315402173.jpg
1004,131624221.jpg
1005,1316247213.jpg
1006,131632409.jpg
1007,1316458112.jpg
1008,1316505120.jpg
1009,1317156.jpg
1010,1317292658.jpg
1011,1318029076.jpg
1012,131840964.jpg
1013,131853788.jpg
1014,131890223.jpg
1015,1318903794.jpg
1016,1319634306.jpg
1017,1319788022.jpg
1018,1319977717.jpg
1019,132056499.jpg
1020,132099100.jpg
1021,1321651400.jpg
1022,1321723162.jpg
1023,1321949151.jpg
1024,1322323208.jpg
1025,132298659.jpg
1026,132305274.jpg
1027,13237748.jpg
1028,1323858296.jpg
1029,132421833.jpg
1030,1324673652.jpg
1031,1324816249.jpg
1032,132489044.jpg
1033,132523566.jpg
1034,13255060.jpg
1035,1325756278.jpg
1036,1325846369.jpg
1037,132717787.jpg
1038,1327485320.jpg
1039,1327764519.jpg
1040,1328411383.jpg
1041,1328655944.jpg
1042,132887917.jpg
1043,132935992.jpg
1044,132935994.jpg
1045,132955537.jpg
1046,132966111.jpg
1047,1329832826.jpg
1048,132991765.jpg
1049,133010954.jpg
1050,13301546.jpg
1051,133031387.jpg
1052,1330645772.jpg
1053,133087820.jpg
1054,1330981138.jpg
1055,133189853.jpg
1056,1332208215.jpg
1057,133243755.jpg
1058,1332492622.jpg
1059,133267753.jpg
1060,13327175.jpg
1061,1332722096.jpg
1062,1332790049.jpg
1063,133280380.jpg
1064,133280430.jpg
1065,1332815795.jpg
1066,1332823164.jpg
1067,1332867233.jpg
1068,133312329.jpg
1069,1333788342.jpg
1070,1333888922.jpg
1071,13341510.jpg
1072,1334403090.jpg
1073,133456953.jpg
1074,1334737240.jpg
1075,1334892555.jpg
1076,1335519498.jpg
1077,1335617803.jpg
1078,1335877186.jpg
1079,1335877200.jpg
1080,1336100240.jpg
1081,1336391319.jpg
1082,1336600636.jpg
1083,133661473.jpg
1084,1336772621.jpg
1085,133684581.jpg
1086,133767049.jpg
1087,1337792872.jpg
1088,1338067602.jpg
1089,1338219999.jpg
1090,1338243125.jpg
1091,1338282180.jpg
1092,1338523142.jpg
1093,133868556.jpg
1094,133905560.jpg
1095,1339342911.jpg
1096,1339596997.jpg
1097,1339866098.jpg
1098,1341077576.jpg
1099,1341529446.jpg
1100,1341787777.jpg
1101,134201079.jpg
1102,134206.jpg
1103,1342407554.jpg
1104,1342766791.jpg
1105,1342780478.jpg
1106,134283905.jpg
1107,1343426964.jpg
1108,1343787097.jpg
1109,1344692842.jpg
1110,1344701234.jpg
1111,1345459258.jpg
1112,1345907464.jpg
1113,1346051107.jpg
1114,1346095724.jpg
1115,134642833.jpg
1116,1346529555.jpg
1117,134653574.jpg
1118,1347001782.jpg
1119,134724228.jpg
1120,134747073.jpg
1121,1347519824.jpg
1122,13478218.jpg
1123,1348113612.jpg
1124,1348113713.jpg
1125,1348278340.jpg
1126,134829866.jpg
1127,1348304997.jpg
1128,1348517063.jpg
1129,1348517311.jpg
1130,134857559.jpg
1131,134867998.jpg
1132,1348891916.jpg
1133,134894450.jpg
1134,1348947380.jpg
1135,1348957576.jpg
1136,1349095760.jpg
1137,1349427689.jpg
1138,134973484.jpg
1139,1350418415.jpg
1140,1350811702.jpg
1141,1350936809.jpg
1142,1350948838.jpg
1143,1351315701.jpg
1144,1351500610.jpg
1145,1351594833.jpg
1146,1351635108.jpg
1147,1351764581.jpg
1148,1351939717.jpg
1149,135200870.jpg
1150,1352231156.jpg
1151,135235570.jpg
1152,1352398363.jpg
1153,1352410176.jpg
1154,1352549200.jpg
1155,1353009866.jpg
1156,1353176657.jpg
1157,1353425777.jpg
1158,1354131040.jpg
1159,135426024.jpg
1160,1354318519.jpg
1161,135436842.jpg
1162,135444196.jpg
1163,135444722.jpg
1164,1354495198.jpg
1165,135515207.jpg
1166,1355224458.jpg
1167,1355450069.jpg
1168,1355703632.jpg
1169,1355833561.jpg
1170,1355935187.jpg
1171,1355945307.jpg
1172,135608578.jpg
1173,135613639.jpg
1174,1356543628.jpg
1175,1356627150.jpg
1176,1356796100.jpg
1177,1356895715.jpg
1178,1357689954.jpg
1179,1357724865.jpg
1180,1357753846.jpg
1181,1358089136.jpg
1182,1358398144.jpg
1183,1358477469.jpg
1184,1358892595.jpg
1185,1359101233.jpg
1186,135911244.jpg
1187,135916133.jpg
1188,1359765497.jpg
1189,135980645.jpg
1190,135992929.jpg
1191,1360456780.jpg
1192,1361420539.jpg
1193,136151338.jpg
1194,13615892.jpg
1195,1361790462.jpg
1196,1362097957.jpg
1197,1362128028.jpg
1198,1362206741.jpg
1199,1362276354.jpg
1200,1362539060.jpg
1201,1362794608.jpg
1202,1362851262.jpg
1203,1362882269.jpg
1204,1362987900.jpg
1205,136310496.jpg
1206,1363343745.jpg
1207,1363345475.jpg
1208,136358691.jpg
1209,1363843090.jpg
1210,136391987.jpg
1211,1363924449.jpg
1212,136399365.jpg
1213,1364031423.jpg
1214,1364148267.jpg
1215,1364148789.jpg
1216,1364747344.jpg
1217,13648274.jpg
1218,136493345.jpg
1219,1365040902.jpg
1220,13651137.jpg
1221,13652901.jpg
1222,136552115.jpg
1223,136581487.jpg
1224,1365896144.jpg
1225,136639119.jpg
1226,136644343.jpg
1227,136644885.jpg
1228,136645716.jpg
1229,136679463.jpg
1230,136693281.jpg
1231,136693284.jpg
1232,1367424701.jpg
1233,1367685772.jpg
1234,1368082221.jpg
1235,1368108583.jpg
1236,1368320477.jpg
1237,1368338041.jpg
1238,1368383637.jpg
1239,1368512916.jpg
1240,136886677.jpg
1241,1369162.jpg
1242,13691837.jpg
1243,1369506388.jpg
1244,1370293802.jpg
1245,1370615506.jpg
1246,1370773415.jpg
1247,1371076688.jpg
1248,137231942.jpg
1249,137306602.jpg
1250,137306998.jpg
1251,1373135088.jpg
1252,137338651.jpg
1253,137398669.jpg
1254,137422713.jpg
1255,137430875.jpg
1256,137430923.jpg
1257,137430967.jpg
1258,137431020.jpg
1259,137431037.jpg
1260,137431115.jpg
1261,137431253.jpg
1262,137444338.jpg
1263,137444466.jpg
1264,137444523.jpg
1265,137453677.jpg
1266,137453678.jpg
1267,137453681.jpg
1268,1374577120.jpg
1269,1375501091.jpg
1270,1376871596.jpg
1271,1377428277.jpg
1272,1377668044.jpg
1273,1378557186.jpg
1274,137861003.jpg
1275,1379026456.jpg
1276,138043357.jpg
1277,138235288.jpg
1278,1383698008.jpg
1279,1383840121.jpg
1280,1384292980.jpg
1281,1384302953.jpg
1282,138475481.jpg
1283,138482998.jpg
1284,1385492203.jpg
1285,1386207171.jpg
1286,1386251841.jpg
1287,1386964743.jpg
1288,1386973587.jpg
1289,1386994947.jpg
1290,1387014885.jpg
1291,138705546.jpg
1292,138718600.jpg
1293,1387443857.jpg
1294,1387461595.jpg
1295,1387785218.jpg
1296,13880312.jpg
1297,1388346434.jpg
1298,1388373425.jpg
1299,1388970365.jpg
1300,1389156021.jpg
1301,1389264266.jpg
1302,1389323170.jpg
1303,1389651420.jpg
1304,1390184143.jpg
1305,1390254777.jpg
1306,1390268323.jpg
1307,1390436676.jpg
1308,1390654687.jpg
1309,1390860274.jpg
1310,1391386453.jpg
1311,1391394685.jpg
1312,139165197.jpg
1313,1392272228.jpg
1314,139245992.jpg
1315,139252428.jpg
1316,1393205795.jpg
1317,1393424041.jpg
1318,1393707375.jpg
1319,1393947190.jpg
1320,1394239063.jpg
1321,1394276597.jpg
1322,1394317098.jpg
1323,1394319096.jpg
1324,1394368714.jpg
1325,1394396709.jpg
1326,1394599090.jpg
1327,1394620454.jpg
1328,1394673080.jpg
1329,1394756978.jpg
1330,1394796089.jpg
1331,1394927474.jpg
1332,1395107023.jpg
1333,1395173766.jpg
1334,139539078.jpg
1335,139540338.jpg
1336,1395410911.jpg
1337,1396064003.jpg
1338,1396703063.jpg
1339,139719522.jpg
1340,1397295388.jpg
1341,1397344877.jpg
1342,139765126.jpg
1343,1397737225.jpg
1344,1397887419.jpg
1345,1397923690.jpg
1346,139818748.jpg
1347,1398606571.jpg
1348,1398613231.jpg
1349,1398766312.jpg
1350,1398873613.jpg
1351,1398957709.jpg
1352,1399295078.jpg
1353,1400091666.jpg
1354,1400421768.jpg
1355,1400424834.jpg
1356,1401324296.jpg
1357,1401351228.jpg
1358,1401961581.jpg
1359,1401998185.jpg
1360,1402173695.jpg
1361,1402489103.jpg
1362,1402640441.jpg
1363,1402641725.jpg
1364,1402843760.jpg
1365,1402859872.jpg
1366,1403064674.jpg
1367,1403414927.jpg
1368,1403608604.jpg
1369,140377584.jpg
1370,1403846093.jpg
1371,1403857072.jpg
1372,140407961.jpg
1373,140430106.jpg
1374,1404471863.jpg
1375,140468532.jpg
1376,1404832008.jpg
1377,1405005999.jpg
1378,1405221276.jpg
1379,140526326.jpg
1380,140526327.jpg
1381,1405383834.jpg
1382,140557878.jpg
1383,1405650076.jpg
1384,1405665934.jpg
1385,1406010299.jpg
1386,1406296515.jpg
1387,14072289.jpg
1388,140732943.jpg
1389,140738818.jpg
1390,140770875.jpg
1391,140774394.jpg
1392,1408554531.jpg
1393,1408677769.jpg
1394,1408958345.jpg
1395,1409001204.jpg
1396,1409041007.jpg
1397,1409064481.jpg
1398,1409702228.jpg
1399,1409723496.jpg
1400,1409731198.jpg
1401,1409784126.jpg
1402,1409801982.jpg
1403,1409969752.jpg
1404,1410019664.jpg
1405,1410039760.jpg
1406,1410193619.jpg
1407,1410585992.jpg
1408,141066782.jpg
1409,14107151.jpg
1410,1410849159.jpg
1411,141118204.jpg
1412,141126420.jpg
1413,141139674.jpg
1414,141140165.jpg
1415,1411855204.jpg
1416,141186473.jpg
1417,1412022357.jpg
1418,141203926.jpg
1419,141213544.jpg
1420,1412318227.jpg
1421,1412361982.jpg
1422,1412832223.jpg
1423,141329248.jpg
1424,14133592.jpg
1425,1413647425.jpg
1426,141364977.jpg
1427,141372871.jpg
1428,1413956047.jpg
1429,141429107.jpg
1430,1414412467.jpg
1431,1414454789.jpg
1432,1414520123.jpg
1433,1414570503.jpg
1434,1414779054.jpg
1435,1414820925.jpg
1436,1414911626.jpg
1437,1415147666.jpg
1438,1415310632.jpg
1439,14153510.jpg
1440,1415455940.jpg
1441,1415591512.jpg
1442,141559699.jpg
1443,1415960251.jpg
1444,1417031097.jpg
1445,1417068537.jpg
1446,1417224277.jpg
1447,1417295167.jpg
1448,141734985.jpg
1449,141736784.jpg
1450,141755290.jpg
1451,141755292.jpg
1452,1417637704.jpg
1453,1417882092.jpg
1454,1417941060.jpg
1455,1418019748.jpg
1456,1418257247.jpg
1457,1418266617.jpg
1458,141841337.jpg
1459,1418503947.jpg
1460,1418632004.jpg
1461,1419062069.jpg
1462,1419286010.jpg
1463,1419385780.jpg
1464,1419394636.jpg
1465,1420060020.jpg
1466,1420060118.jpg
1467,1420185620.jpg
1468,1420461308.jpg
1469,142078565.jpg
1470,1421047822.jpg
1471,142117251.jpg
1472,14220927.jpg
1473,142258955.jpg
1474,1422951807.jpg
1475,1423126855.jpg
1476,1423335781.jpg
1477,1423449879.jpg
1478,142347382.jpg
1479,1423997242.jpg
1480,1424170200.jpg
1481,1424237335.jpg
1482,1424775129.jpg
1483,1425013325.jpg
1484,1425069308.jpg
1485,1425069590.jpg
1486,1425188219.jpg
1487,14252494.jpg
1488,1425366395.jpg
1489,1425485485.jpg
1490,1425529973.jpg
1491,1425919702.jpg
1492,1426014905.jpg
1493,14264287.jpg
1494,1427391496.jpg
1495,1427670417.jpg
1496,1427822472.jpg
1497,142786312.jpg
1498,142802798.jpg
1499,1428349199.jpg
1500,1428578577.jpg
1501,1428641354.jpg
1502,1428681303.jpg
1503,1428839421.jpg
1504,1428925375.jpg
1505,1429040704.jpg
1506,1429383749.jpg
1507,1429546659.jpg
1508,1429561783.jpg
1509,1429714512.jpg
1510,1429723917.jpg
1511,1429814475.jpg
1512,1430154945.jpg
1513,143149186.jpg
1514,1432179046.jpg
1515,1432196901.jpg
1516,1432342377.jpg
1517,143237785.jpg
1518,1432411014.jpg
1519,1432506301.jpg
1520,143263604.jpg
1521,1432734769.jpg
1522,1433046578.jpg
1523,1433088025.jpg
1524,1433142189.jpg
1525,1433149277.jpg
1526,1433154463.jpg
1527,1433259849.jpg
1528,1433262517.jpg
1529,1433397131.jpg
1530,1433577867.jpg
1531,1433924222.jpg
1532,1433937960.jpg
1533,1434005938.jpg
1534,1434090555.jpg
1535,1434128388.jpg
1536,1434147314.jpg
1537,1434151732.jpg
1538,1434155791.jpg
1539,1434167828.jpg
1540,143428094.jpg
1541,143446265.jpg
1542,1434607942.jpg
1543,1434753225.jpg
1544,1434874674.jpg
1545,1435187650.jpg
1546,1435194718.jpg
1547,1435242484.jpg
1548,143552697.jpg
1549,143552829.jpg
1550,143561756.jpg
1551,143572368.jpg
1552,1436661786.jpg
1553,1436760519.jpg
1554,143680442.jpg
1555,143680966.jpg
1556,1436832881.jpg
1557,143684568.jpg
1558,143688205.jpg
1559,143688283.jpg
1560,143688895.jpg
1561,1437408671.jpg
1562,14377317.jpg
1563,143793054.jpg
1564,1438580125.jpg
1565,1438632858.jpg
1566,1438769690.jpg
1567,1439046601.jpg
1568,1439282131.jpg
1569,1440024115.jpg
1570,1440465.jpg
1571,1441148458.jpg
1572,1441477578.jpg
1573,1442179848.jpg
1574,1442562321.jpg
1575,1443030135.jpg
1576,144328407.jpg
1577,1443807993.jpg
1578,144429279.jpg
1579,1444710198.jpg
1580,1445123245.jpg
1581,144571886.jpg
1582,1445754124.jpg
1583,1446053356.jpg
1584,1446933195.jpg
1585,1447077067.jpg
1586,1448065625.jpg
1587,1448269321.jpg
1588,144844274.jpg
1589,1448457547.jpg
1590,1448511770.jpg
1591,1449163823.jpg
1592,1449370354.jpg
1593,1449625950.jpg
1594,1449692616.jpg
1595,1449758127.jpg
1596,1450150621.jpg
1597,145053276.jpg
1598,145097595.jpg
1599,1450988692.jpg
1600,1451143609.jpg
1601,1452176236.jpg
1602,1452361926.jpg
1603,1452555387.jpg
1604,1452564679.jpg
1605,14526359.jpg
1606,145282619.jpg
1607,145291221.jpg
1608,1453011588.jpg
1609,1453251773.jpg
1610,1453366750.jpg
1611,1453423744.jpg
1612,1453516451.jpg
1613,1454217779.jpg
1614,145424240.jpg
1615,1454439103.jpg
1616,1454678644.jpg
1617,1454841725.jpg
1618,145557317.jpg
1619,145558685.jpg
1620,14559446.jpg
1621,1456393634.jpg
1622,145645390.jpg
1623,1456630952.jpg
1624,1457162537.jpg
1625,145721496.jpg
1626,145721498.jpg
1627,145754126.jpg
1628,1457673153.jpg
1629,1457762320.jpg
1630,1457898867.jpg
1631,14580804.jpg
1632,1458395412.jpg
1633,1458551560.jpg
1634,1459024518.jpg
1635,1459032057.jpg
1636,1459250022.jpg
1637,1459581481.jpg
1638,1459582913.jpg
1639,146019208.jpg
1640,146021298.jpg
1641,1460352062.jpg
1642,1460443444.jpg
1643,1460450364.jpg
1644,1460500597.jpg
1645,146098876.jpg
1646,146100443.jpg
1647,1461329041.jpg
1648,1461653394.jpg
1649,1461667284.jpg
1650,1461886497.jpg
1651,1462460316.jpg
1652,1462461942.jpg
1653,1462927288.jpg
1654,1463072715.jpg
1655,146343683.jpg
1656,1463638541.jpg
1657,1463732130.jpg
1658,1463732807.jpg
1659,146380493.jpg
1660,1463864223.jpg
1661,1463946109.jpg
1662,1464120327.jpg
1663,1464513701.jpg
1664,1464745434.jpg
1665,1464745948.jpg
1666,146479460.jpg
1667,146479462.jpg
1668,1464813188.jpg
1669,1465531335.jpg
1670,1465666502.jpg
1671,146577645.jpg
1672,146577646.jpg
1673,1466307485.jpg
1674,1466307489.jpg
1675,1466440286.jpg
1676,1466479163.jpg
1677,1466752561.jpg
1678,146684257.jpg
1679,1467533293.jpg
1680,146758244.jpg
1681,146779920.jpg
1682,1468103286.jpg
1683,1468182643.jpg
1684,1468389504.jpg
1685,1468429623.jpg
1686,1468741099.jpg
1687,1468962616.jpg
1688,1469000260.jpg
1689,146903144.jpg
1690,146906547.jpg
1691,1469107065.jpg
1692,1469138762.jpg
1693,1469358746.jpg
1694,14698352.jpg
1695,14698542.jpg
1696,1469990860.jpg
1697,1470061031.jpg
1698,1470132731.jpg
1699,1470536919.jpg
1700,1471163137.jpg
1701,1472053993.jpg
1702,1472230829.jpg
1703,1472249944.jpg
1704,147236031.jpg
1705,1472433625.jpg
1706,1472511399.jpg
1707,1472550839.jpg
1708,1472653060.jpg
1709,1472882567.jpg
1710,147288810.jpg
1711,1473080948.jpg
1712,1473250020.jpg
1713,1473618073.jpg
1714,1474240647.jpg
1715,1474474514.jpg
1716,14748953.jpg
1717,1475046848.jpg
1718,1475155352.jpg
1719,1476002408.jpg
1720,1476241331.jpg
1721,1476592333.jpg
1722,1477476722.jpg
1723,1477503966.jpg
1724,1478268555.jpg
1725,1478294229.jpg
1726,1478414349.jpg
1727,1478576516.jpg
1728,1478606153.jpg
1729,1479028910.jpg
1730,1479124077.jpg
1731,1479513774.jpg
1732,147966138.jpg
1733,1479679558.jpg
1734,1479857177.jpg
1735,147992532.jpg
1736,14799369.jpg
1737,1480467399.jpg
1738,1480712062.jpg
1739,1481062342.jpg
1740,14813436.jpg
1741,1481393167.jpg
1742,1481728325.jpg
1743,1482376928.jpg
1744,148255382.jpg
1745,1482654385.jpg
1746,148284.jpg
1747,1482960952.jpg
1748,148314924.jpg
1749,1483574454.jpg
1750,1483784737.jpg
1751,1483804641.jpg
1752,148407193.jpg
1753,148441028.jpg
1754,1484584782.jpg
1755,1484711469.jpg
1756,1484815652.jpg
1757,148512773.jpg
1758,1486273777.jpg
1759,1486399999.jpg
1760,14868339.jpg
1761,1487016591.jpg
1762,148717151.jpg
1763,148774287.jpg
1764,148819644.jpg
1765,14887980.jpg
1766,1488937076.jpg
1767,1489286545.jpg
1768,1489471156.jpg
1769,1489529980.jpg
1770,1490213660.jpg
1771,149042906.jpg
1772,149043687.jpg
1773,149057633.jpg
1774,1490670858.jpg
1775,1491016655.jpg
1776,149110905.jpg
1777,1491192153.jpg
1778,149149251.jpg
1779,149150776.jpg
1780,149150917.jpg
1781,149167610.jpg
1782,14919212.jpg
1783,149206827.jpg
1784,149231190.jpg
1785,1493288603.jpg
1786,1493598687.jpg
1787,149388615.jpg
1788,14955512.jpg
1789,149588792.jpg
1790,1496289999.jpg
1791,1496599281.jpg
1792,1496935683.jpg
1793,1497927568.jpg
1794,149806768.jpg
1795,149882790.jpg
1796,14989976.jpg
1797,149934002.jpg
1798,1499495021.jpg
1799,1499554025.jpg
1800,1499581619.jpg
1801,1499928560.jpg
1802,1499929907.jpg
1803,1500576335.jpg
1804,1500853305.jpg
1805,1500989694.jpg
1806,1501297480.jpg
1807,1501398164.jpg
1808,1501438486.jpg
1809,1501811302.jpg
1810,15019062.jpg
1811,1501985304.jpg
1812,1503230955.jpg
1813,150387174.jpg
1814,1504104816.jpg
1815,150411291.jpg
1816,150521539.jpg
1817,1505686764.jpg
1818,150575729.jpg
1819,150582765.jpg
1820,150598969.jpg
1821,150650816.jpg
1822,1506768047.jpg
1823,1506789462.jpg
1824,150710406.jpg
1825,150712506.jpg
1826,150725531.jpg
1827,1507563902.jpg
1828,1508269285.jpg
1829,15085612.jpg
1830,1508599000.jpg
1831,1509274237.jpg
1832,1509338579.jpg
1833,1509437339.jpg
1834,1509542787.jpg
1835,1509786421.jpg
1836,1510078253.jpg
1837,151011164.jpg
1838,151021636.jpg
1839,1510447859.jpg
1840,1510669311.jpg
1841,1510926782.jpg
1842,151155158.jpg
1843,151177193.jpg
1844,1511807116.jpg
1845,151198526.jpg
1846,1512068441.jpg
1847,151215569.jpg
1848,1512770347.jpg
1849,1512967800.jpg
1850,1514957266.jpg
1851,1515025681.jpg
1852,1515883224.jpg
1853,1516097777.jpg
1854,1516714577.jpg
1855,1516839584.jpg
1856,1516994798.jpg
1857,1517036435.jpg
1858,1517340899.jpg
1859,1517682494.jpg
1860,1517721825.jpg
1861,1517807181.jpg
1862,151853042.jpg
1863,151853044.jpg
1864,151853983.jpg
1865,1518841737.jpg
1866,1519172943.jpg
1867,1519576998.jpg
1868,151970521.jpg
1869,152027605.jpg
1870,152029243.jpg
1871,1521623639.jpg
1872,1521979323.jpg
1873,1522291943.jpg
1874,1522787272.jpg
1875,1523800748.jpg
1876,1523984678.jpg
1877,152500619.jpg
1878,1525153022.jpg
1879,1526181215.jpg
1880,1526260626.jpg
1881,1526325728.jpg
1882,15269955.jpg
1883,1527297882.jpg
1884,1527333441.jpg
1885,1527513023.jpg
1886,152809468.jpg
1887,1528205014.jpg
1888,152836785.jpg
1889,152881593.jpg
1890,1529044279.jpg
1891,152979089.jpg
1892,15305247.jpg
1893,15308698.jpg
1894,15308702.jpg
1895,153106887.jpg
1896,153299765.jpg
1897,1533470077.jpg
1898,153374075.jpg
1899,153374889.jpg
1900,1534524182.jpg
1901,1534613774.jpg
1902,1534920819.jpg
1903,1535963458.jpg
1904,153598671.jpg
1905,1536597926.jpg
1906,1536774449.jpg
1907,1537093085.jpg
1908,153809771.jpg
1909,1538278785.jpg
1910,1538589805.jpg
1911,1538738682.jpg
1912,1539166395.jpg
1913,153955101.jpg
1914,153963868.jpg
1915,1540631615.jpg
1916,154094533.jpg
1917,1541272333.jpg
1918,1542033433.jpg
1919,1542401004.jpg
1920,154257460.jpg
1921,154295293.jpg
1922,1542970158.jpg
1923,1542970798.jpg
1924,154362163.jpg
1925,1544836085.jpg
1926,154501143.jpg
1927,1545049746.jpg
1928,154653766.jpg
1929,154656621.jpg
1930,1546632452.jpg
1931,1547321789.jpg
1932,1547327107.jpg
1933,1547575241.jpg
1934,1547883892.jpg
1935,154789578.jpg
1936,154864542.jpg
1937,154871781.jpg
1938,154873964.jpg
1939,1549878731.jpg
1940,154995199.jpg
1941,155014252.jpg
1942,1550772959.jpg
1943,1552065993.jpg
1944,155210731.jpg
1945,155215518.jpg
1946,155215598.jpg
1947,155221027.jpg
1948,1552467862.jpg
1949,1553023640.jpg
1950,1553926084.jpg
1951,1554086730.jpg
1952,1554713437.jpg
1953,155490259.jpg
1954,155515294.jpg
1955,155560281.jpg
1956,15558523.jpg
1957,1557451043.jpg
1958,1557838421.jpg
1959,1558042903.jpg
1960,1558272464.jpg
1961,1558277287.jpg
1962,1558753996.jpg
1963,1558848564.jpg
1964,1558872760.jpg
1965,1559295897.jpg
1966,1559709077.jpg
1967,1559931223.jpg
1968,1559968723.jpg
1969,156021287.jpg
1970,1560281711.jpg
1971,1561077967.jpg
1972,1561246336.jpg
1973,1561658940.jpg
1974,1561665101.jpg
1975,156204899.jpg
1976,156205911.jpg
1977,156222796.jpg
1978,1562392511.jpg
1979,156246815.jpg
1980,1562478333.jpg
1981,1562478713.jpg
1982,156249400.jpg
1983,1563625080.jpg
1984,1563731247.jpg
1985,156377245.jpg
1986,1563984945.jpg
1987,15641879.jpg
1988,156453471.jpg
1989,1564614124.jpg
1990,1566117559.jpg
1991,156642718.jpg
1992,1567005236.jpg
1993,156740459.jpg
1994,1568700473.jpg
1995,1568723169.jpg
1996,15688495.jpg
1997,15688683.jpg
1998,1569562856.jpg
1999,156967462.jpg
2000,1569687608.jpg
2001,1570065565.jpg
2002,1570083074.jpg
2003,1570723692.jpg
2004,157139628.jpg
2005,1571528274.jpg
2006,1571875240.jpg
2007,157192048.jpg
2008,1572227770.jpg
2009,1572286502.jpg
2010,157245265.jpg
2011,1572532018.jpg
2012,1573017288.jpg
2013,157308126.jpg
2014,157397733.jpg
2015,1574401950.jpg
2016,157487936.jpg
2017,157490554.jpg
2018,157492155.jpg
2019,157557961.jpg
2020,157613268.jpg
2021,157616263.jpg
2022,1576185717.jpg
2023,157747588.jpg
2024,1577632685.jpg
2025,1577667570.jpg
2026,1577697374.jpg
2027,1577929305.jpg
2028,1578355853.jpg
2029,1578427672.jpg
2030,157875980.jpg
2031,1578894657.jpg
2032,157910841.jpg
2033,157912479.jpg
2034,1579198375.jpg
2035,1579206585.jpg
2036,1579287915.jpg
2037,1579291454.jpg
2038,157955034.jpg
2039,1579798212.jpg
2040,1580159719.jpg
2041,1580172290.jpg
2042,1580359117.jpg
2043,1580671272.jpg
2044,1580920460.jpg
2045,158093226.jpg
2046,1581304802.jpg
2047,1581822598.jpg
2048,158388874.jpg
2049,1584315962.jpg
2050,158484558.jpg
2051,15859665.jpg
2052,15874606.jpg
2053,15875060.jpg
2054,1587652280.jpg
2055,158827073.jpg
2056,158857536.jpg
2057,1588931550.jpg
2058,158898445.jpg
2059,1589475284.jpg
2060,158982617.jpg
2061,1590016063.jpg
2062,159096105.jpg
2063,1592910015.jpg
2064,1594038143.jpg
2065,15950702.jpg
2066,1595227547.jpg
2067,1595300147.jpg
2068,15965185.jpg
2069,1596758323.jpg
2070,159712188.jpg
2071,1597319381.jpg
2072,1597557856.jpg
2073,1598085252.jpg
2074,159845627.jpg
2075,1598809111.jpg
2076,1600208439.jpg
2077,160065765.jpg
2078,160128865.jpg
2079,1601358043.jpg
2080,1601783524.jpg
2081,160210791.jpg
2082,160210792.jpg
2083,160228320.jpg
2084,1602852890.jpg
2085,160387736.jpg
2086,160394722.jpg
2087,160417285.jpg
2088,1604212051.jpg
2089,1604496657.jpg
2090,160500826.jpg
2091,1605250088.jpg
2092,160541986.jpg
2093,160566014.jpg
2094,160585932.jpg
2095,1605883315.jpg
2096,1606988704.jpg
2097,160792599.jpg
2098,160805827.jpg
2099,1609454863.jpg
2100,161158687.jpg
2101,161240978.jpg
2102,161329629.jpg
2103,161347959.jpg
2104,1614180289.jpg
2105,161456716.jpg
2106,1614698671.jpg
2107,16151663.jpg
2108,161542404.jpg
2109,1615608252.jpg
2110,16158623.jpg
2111,1616016569.jpg
2112,1616085092.jpg
2113,1616086463.jpg
2114,1616220830.jpg
2115,1616482811.jpg
2116,161661145.jpg
2117,161669933.jpg
2118,1617438392.jpg
2119,1618094569.jpg
2120,161877800.jpg
2121,1619001772.jpg
2122,161905204.jpg
2123,161948711.jpg
2124,161975117.jpg
2125,161975684.jpg
2126,161987106.jpg
2127,1620397000.jpg
2128,162060045.jpg
2129,162152393.jpg
2130,162161519.jpg
2131,1621733153.jpg
2132,1622115176.jpg
2133,1622619190.jpg
2134,1624055939.jpg
2135,1624481.jpg
2136,1625306051.jpg
2137,162534240.jpg
2138,1626116016.jpg
2139,1626754053.jpg
2140,162743064.jpg
2141,162759228.jpg
2142,162839055.jpg
2143,1628398329.jpg
2144,1629314152.jpg
2145,1629337128.jpg
2146,1629549272.jpg
2147,1629595358.jpg
2148,162967671.jpg
2149,1629709872.jpg
2150,1634058639.jpg
2151,1634820545.jpg
2152,163804372.jpg
2153,16396183.jpg
2154,16396193.jpg
2155,16396205.jpg
2156,16397322.jpg
2157,164048211.jpg
2158,164200567.jpg
2159,16437914.jpg
2160,164380865.jpg
2161,1643915227.jpg
2162,164428441.jpg
2163,16448369.jpg
2164,164622257.jpg
2165,164788783.jpg
2166,1648918035.jpg
2167,164954325.jpg
2168,16495609.jpg
2169,164969525.jpg
2170,1650280501.jpg
2171,165173293.jpg
2172,1652324440.jpg
2173,1655781989.jpg
2174,165634708.jpg
2175,165703421.jpg
2176,165764051.jpg
2177,165772854.jpg
2178,1659337157.jpg
2179,1659358133.jpg
2180,1659358141.jpg
2181,1659396176.jpg
2182,165984091.jpg
2183,1660269454.jpg
2184,166174352.jpg
2185,1662261486.jpg
2186,16626851.jpg
2187,166283675.jpg
2188,16630920.jpg
2189,166321259.jpg
2190,166321294.jpg
2191,1663454406.jpg
2192,1663751778.jpg
2193,16639719.jpg
2194,166433861.jpg
2195,1664475761.jpg
2196,1664475859.jpg
2197,166507476.jpg
2198,16653104.jpg
2199,166654939.jpg
2200,166695748.jpg
2201,166774567.jpg
2202,166779879.jpg
2203,167001809.jpg
2204,1670592963.jpg
2205,167063396.jpg
2206,167094639.jpg
2207,167282806.jpg
2208,167285940.jpg
2209,167295035.jpg
2210,1673433891.jpg
2211,1673911365.jpg
2212,1674159861.jpg
2213,1674493314.jpg
2214,167452748.jpg
2215,1674612291.jpg
2216,167481877.jpg
2217,1675332284.jpg
2218,1675485579.jpg
2219,1675679141.jpg
2220,1676601498.jpg
2221,1676898063.jpg
2222,1678256882.jpg
2223,1678345419.jpg
2224,1678396864.jpg
2225,1678844410.jpg
2226,16793868.jpg
2227,1679557684.jpg
2228,1679565118.jpg
2229,1679607622.jpg
2230,1679617928.jpg
2231,1679732375.jpg
2232,1680126311.jpg
2233,1680409989.jpg
2234,16806669.jpg
2235,1680674943.jpg
2236,1681253990.jpg
2237,168131914.jpg
2238,1682079482.jpg
2239,1683444418.jpg
2240,1683695914.jpg
2241,168482401.jpg
2242,168536743.jpg
2243,1685463722.jpg
2244,1685990174.jpg
2245,168728234.jpg
2246,1687886596.jpg
2247,1688699579.jpg
2248,1689265814.jpg
2249,1689283621.jpg
2250,1689658980.jpg
2251,1689991150.jpg
2252,169003493.jpg
2253,1690043294.jpg
2254,1690350208.jpg
2255,1690926854.jpg
2256,1691038839.jpg
2257,1691573772.jpg
2258,1693115528.jpg
2259,1693120546.jpg
2260,16933558.jpg
2261,1693733107.jpg
2262,1694114389.jpg
2263,169450570.jpg
2264,1694555858.jpg
2265,169490297.jpg
2266,169629403.jpg
2267,16988097.jpg
2268,1698837338.jpg
2269,1698995792.jpg
2270,169959689.jpg
2271,170007535.jpg
2272,1700282068.jpg
2273,170100272.jpg
2274,170258785.jpg
2275,170273913.jpg
2276,170292350.jpg
2277,1703971772.jpg
2278,170405864.jpg
2279,170473787.jpg
2280,170525064.jpg
2281,170525554.jpg
2282,170540666.jpg
2283,170541259.jpg
2284,170541548.jpg
2285,170547828.jpg
2286,170550385.jpg
2287,170614554.jpg
2288,170701864.jpg
2289,170704395.jpg
2290,170717653.jpg
2291,170719224.jpg
2292,170737141.jpg
2293,170876266.jpg
2294,1708957026.jpg
2295,170947689.jpg
2296,17095593.jpg
2297,1710765330.jpg
2298,171132928.jpg
2299,171133671.jpg
2300,171134073.jpg
2301,171211612.jpg
2302,1713248047.jpg
2303,1713248099.jpg
2304,171397599.jpg
2305,1714316707.jpg
2306,1714754988.jpg
2307,171486070.jpg
2308,171488318.jpg
2309,1714937792.jpg
2310,1716077525.jpg
2311,171614657.jpg
2312,1716219111.jpg
2313,1716445442.jpg
2314,1717077532.jpg
2315,1718184338.jpg
2316,171822522.jpg
2317,17185253.jpg
2318,17186135.jpg
2319,1720302155.jpg
2320,1720431026.jpg
2321,1720835468.jpg
2322,172092461.jpg
2323,172092464.jpg
2324,172097782.jpg
2325,172097783.jpg
2326,1721637099.jpg
2327,172327171.jpg
2328,172647823.jpg
2329,17266976.jpg
2330,172719061.jpg
2331,17273391.jpg
2332,172892648.jpg
2333,172923228.jpg
2334,173020287.jpg
2335,17314123.jpg
2336,1731546544.jpg
2337,173170364.jpg
2338,1732047510.jpg
2339,1732217138.jpg
2340,173227546.jpg
2341,1732436777.jpg
2342,1732567333.jpg
2343,1733590931.jpg
2344,1733595275.jpg
2345,1733671069.jpg
2346,1733676900.jpg
2347,1733724955.jpg
2348,1733807750.jpg
2349,1733825113.jpg
2350,1733853950.jpg
2351,1734643212.jpg
2352,173499538.jpg
2353,173500456.jpg
2354,173616185.jpg
2355,173621789.jpg
2356,173742923.jpg
2357,1737441377.jpg
2358,173767922.jpg
2359,173831485.jpg
2360,173906610.jpg
2361,173933370.jpg
2362,17396786.jpg
2363,174040619.jpg
2364,174056037.jpg
2365,174180610.jpg
2366,174217492.jpg
2367,174236758.jpg
2368,174385510.jpg
2369,174466741.jpg
2370,174487818.jpg
2371,1745110280.jpg
2372,174557398.jpg
2373,174611183.jpg
2374,1748132477.jpg
2375,17484203.jpg
2376,1749201369.jpg
2377,1749235955.jpg
2378,1749702972.jpg
2379,174984835.jpg
2380,1750167036.jpg
2381,175077366.jpg
2382,17516940.jpg
2383,1752454466.jpg
2384,175299591.jpg
2385,175369436.jpg
2386,175398811.jpg
2387,175400432.jpg
2388,1754775147.jpg
2389,175556963.jpg
2390,175826463.jpg
2391,175973485.jpg
2392,1761060826.jpg
2393,176230509.jpg
2394,1763020597.jpg
2395,176374083.jpg
2396,1763754548.jpg
2397,17641927.jpg
2398,1764955991.jpg
2399,1765164972.jpg
2400,176527896.jpg
2401,176673870.jpg
2402,1770036088.jpg
2403,177106188.jpg
2404,1771353346.jpg
2405,1771490732.jpg
2406,177222949.jpg
2407,177241092.jpg
2408,1772859261.jpg
2409,177302997.jpg
2410,177351658.jpg
2411,1773928579.jpg
2412,1774246825.jpg
2413,17744613.jpg
2414,1775007639.jpg
2415,1775029934.jpg
2416,1775223211.jpg
2417,177522874.jpg
2418,1775741422.jpg
2419,177591612.jpg
2420,1776981714.jpg
2421,177769047.jpg
2422,1777816180.jpg
2423,1778020185.jpg
2424,1780262510.jpg
2425,1780384960.jpg
2426,178045.jpg
2427,1780790804.jpg
2428,1781227288.jpg
2429,178249309.jpg
2430,1782543772.jpg
2431,1783147941.jpg
2432,178342849.jpg
2433,17840997.jpg
2434,1784309115.jpg
2435,1785138090.jpg
2436,1785224814.jpg
2437,1786425974.jpg
2438,1787222774.jpg
2439,17877225.jpg
2440,1788886557.jpg
2441,1788892671.jpg
2442,1789111454.jpg
2443,178935935.jpg
2444,178977151.jpg
2445,178980177.jpg
2446,179009558.jpg
2447,179081851.jpg
2448,179122558.jpg
2449,1791491934.jpg
2450,179172576.jpg
2451,179214616.jpg
2452,1793982293.jpg
2453,1794098993.jpg
2454,1794818900.jpg
2455,1794856976.jpg
2456,179486571.jpg
2457,179510508.jpg
2458,1795151944.jpg
2459,179620911.jpg
2460,1796521614.jpg
2461,179656683.jpg
2462,1796608106.jpg
2463,179686172.jpg
2464,179686689.jpg
2465,179717373.jpg
2466,1797436026.jpg
2467,1797507760.jpg
2468,1797554350.jpg
2469,179778822.jpg
2470,1798089612.jpg
2471,1798209205.jpg
2472,1798215547.jpg
2473,179828434.jpg
2474,179829865.jpg
2475,1799165532.jpg
2476,1799188614.jpg
2477,1799256185.jpg
2478,1799271536.jpg
2479,1799847835.jpg
2480,180027584.jpg
2481,1800601130.jpg
2482,1800739200.jpg
2483,1800778962.jpg
2484,180094434.jpg
2485,1801063894.jpg
2486,1801188148.jpg
2487,1801283994.jpg
2488,180146696.jpg
2489,180150786.jpg
2490,1801663973.jpg
2491,1801697440.jpg
2492,1801874841.jpg
2493,1802092493.jpg
2494,180209719.jpg
2495,180217379.jpg
2496,1802509657.jpg
2497,180312736.jpg
2498,1803299842.jpg
2499,180361087.jpg
2500,180362495.jpg
2501,180362693.jpg
2502,1803631090.jpg
2503,1804144683.jpg
2504,180476372.jpg
2505,180506881.jpg
2506,180524168.jpg
2507,1805628702.jpg
2508,18056405.jpg
2509,1805677013.jpg
2510,1805990081.jpg
2511,1806088665.jpg
2512,1806580620.jpg
2513,1807169176.jpg
2514,1807463181.jpg
2515,180753784.jpg
2516,1808007704.jpg
2517,1808370027.jpg
2518,1808504612.jpg
2519,1809476783.jpg
2520,1809758121.jpg
2521,1809796012.jpg
2522,1809926566.jpg
2523,18105594.jpg
2524,1810651611.jpg
2525,181103691.jpg
2526,18111123.jpg
2527,181157221.jpg
2528,181172072.jpg
2529,18119750.jpg
2530,1812525037.jpg
2531,1813069437.jpg
2532,1813266419.jpg
2533,181343499.jpg
2534,1813597483.jpg
2535,1813777902.jpg
2536,1814086703.jpg
2537,181415975.jpg
2538,1814372530.jpg
2539,1814391289.jpg
2540,181465013.jpg
2541,1815242986.jpg
2542,181600316.jpg
2543,181616579.jpg
2544,181618457.jpg
2545,1816224182.jpg
2546,181702621.jpg
2547,18171073.jpg
2548,1817746886.jpg
2549,181777261.jpg
2550,1818403842.jpg
2551,181876171.jpg
2552,1819261140.jpg
2553,181967064.jpg
2554,181970350.jpg
2555,181989658.jpg
2556,181989740.jpg
2557,182013889.jpg
2558,182030893.jpg
2559,182074740.jpg
2560,1820795682.jpg
2561,1821238649.jpg
2562,1821672488.jpg
2563,182169366.jpg
2564,182184279.jpg
2565,182246705.jpg
2566,182396080.jpg
2567,182493240.jpg
2568,182503906.jpg
2569,1827287777.jpg
2570,1827560917.jpg
2571,182825639.jpg
2572,18284727.jpg
2573,182897345.jpg
2574,1829597760.jpg
2575,183018056.jpg
2576,183118393.jpg
2577,1832085044.jpg
2578,1833327575.jpg
2579,183390543.jpg
2580,183437158.jpg
2581,1834548648.jpg
2582,183502317.jpg
2583,1835319755.jpg
2584,1835511273.jpg
2585,1836335410.jpg
2586,183647966.jpg
2587,183656175.jpg
2588,183696864.jpg
2589,18378347.jpg
2590,1837976956.jpg
2591,183886578.jpg
2592,183975129.jpg
2593,183998963.jpg
2594,184037893.jpg
2595,184108585.jpg
2596,184256548.jpg
2597,184326428.jpg
2598,184457569.jpg
2599,1844580277.jpg
2600,184477778.jpg
2601,1846193652.jpg
2602,1847245312.jpg
2603,184855171.jpg
2604,18498385.jpg
2605,185006469.jpg
2606,185019676.jpg
2607,185057637.jpg
2608,185075930.jpg
2609,1850901757.jpg
2610,1850910604.jpg
2611,185188962.jpg
2612,1853559110.jpg
2613,185368429.jpg
2614,185404966.jpg
2615,185411054.jpg
2616,1855352188.jpg
2617,185571867.jpg
2618,1855937878.jpg
2619,1855985590.jpg
2620,1857399990.jpg
2621,1857479783.jpg
2622,1858123511.jpg
2623,1858963639.jpg
2624,185905926.jpg
2625,185960419.jpg
2626,185961883.jpg
2627,185972340.jpg
2628,1859726819.jpg
2629,1859941832.jpg
2630,186007260.jpg
2631,1860543210.jpg
2632,1861966852.jpg
2633,186346360.jpg
2634,186348874.jpg
2635,18638572.jpg
2636,18638574.jpg
2637,18638962.jpg
2638,1864566210.jpg
2639,186487635.jpg
2640,1865794063.jpg
2641,1865794069.jpg
2642,1867334641.jpg
2643,186758532.jpg
2644,186828224.jpg
2645,186890601.jpg
2646,186890605.jpg
2647,186911943.jpg
2648,1869615544.jpg
2649,1869706826.jpg
2650,187011497.jpg
2651,1870425036.jpg
2652,1872000955.jpg
2653,1872407275.jpg
2654,187245342.jpg
2655,1873155511.jpg
2656,187347143.jpg
2657,1873655403.jpg
2658,1873666741.jpg
2659,1873681277.jpg
2660,1873704867.jpg
2661,1874497944.jpg
2662,1874520584.jpg
2663,1874530310.jpg
2664,1874617189.jpg
2665,1875237930.jpg
2666,1876536922.jpg
2667,1877018139.jpg
2668,1877141031.jpg
2669,1877161207.jpg
2670,187780595.jpg
2671,1877935642.jpg
2672,1877995954.jpg
2673,187839415.jpg
2674,1878454684.jpg
2675,187907408.jpg
2676,1879693922.jpg
2677,188004244.jpg
2678,188043055.jpg
2679,1881494074.jpg
2680,188244881.jpg
2681,18835207.jpg
2682,188352363.jpg
2683,188370695.jpg
2684,1884065356.jpg
2685,1884727806.jpg
2686,188552459.jpg
2687,188576164.jpg
2688,18865365.jpg
2689,188741283.jpg
2690,1889398867.jpg
2691,1889535339.jpg
2692,189022647.jpg
2693,189035312.jpg
2694,189038731.jpg
2695,189100641.jpg
2696,1891331926.jpg
2697,1891462514.jpg
2698,1891510004.jpg
2699,189233427.jpg
2700,189244453.jpg
2701,18924662.jpg
2702,1893252455.jpg
2703,189374296.jpg
2704,1893769156.jpg
2705,189400451.jpg
2706,189478619.jpg
2707,189479565.jpg
2708,189519520.jpg
2709,189521182.jpg
2710,189570539.jpg
2711,1895768965.jpg
2712,18965154.jpg
2713,1897025969.jpg
2714,1897067588.jpg
2715,189721896.jpg
2716,189740668.jpg
2717,189940458.jpg
2718,190083339.jpg
2719,1901514112.jpg
2720,1901867746.jpg
2721,19023618.jpg
2722,1904112245.jpg
2723,190634565.jpg
2724,190638179.jpg
2725,190878894.jpg
2726,190965502.jpg
2727,190966995.jpg
2728,1910013808.jpg
2729,191003283.jpg
2730,191003284.jpg
2731,191003285.jpg
2732,191003287.jpg
2733,191103855.jpg
2734,191227760.jpg
2735,1912483048.jpg
2736,191295067.jpg
2737,191375755.jpg
2738,191457211.jpg
2739,191488669.jpg
2740,191592626.jpg
2741,191652362.jpg
2742,1916798494.jpg
2743,1916832697.jpg
2744,1917203130.jpg
2745,1917265421.jpg
2746,1918573100.jpg
2747,1918789327.jpg
2748,1918894054.jpg
2749,1919181287.jpg
2750,191925197.jpg
2751,1919433649.jpg
2752,1919589525.jpg
2753,1920465.jpg
2754,1921102799.jpg
2755,19212715.jpg
2756,1921398767.jpg
2757,192305414.jpg
2758,192309867.jpg
2759,1923476156.jpg
2760,1924234308.jpg
2761,1924261173.jpg
2762,1924265693.jpg
2763,19245206.jpg
2764,192475213.jpg
2765,192486925.jpg
2766,1925066432.jpg
2767,1925086298.jpg
2768,1925434818.jpg
2769,1925838315.jpg
2770,1926129518.jpg
2771,192618386.jpg
2772,192786590.jpg
2773,192807051.jpg
2774,1928319708.jpg
2775,1928789813.jpg
2776,193082928.jpg
2777,1930975781.jpg
2778,1931018353.jpg
2779,1931690777.jpg
2780,1932161768.jpg
2781,193225278.jpg
2782,1932314876.jpg
2783,1932532591.jpg
2784,1935109593.jpg
2785,1935334324.jpg
2786,1935532481.jpg
2787,193596215.jpg
2788,193596775.jpg
2789,193597277.jpg
2790,1936215201.jpg
2791,193657666.jpg
2792,19366040.jpg
2793,1936972115.jpg
2794,1937104503.jpg
2795,1937262236.jpg
2796,1937816088.jpg
2797,1939130031.jpg
2798,1939402682.jpg
2799,193945487.jpg
2800,1941285231.jpg
2801,1941613807.jpg
2802,194166920.jpg
2803,194197375.jpg
2804,194201167.jpg
2805,1942726879.jpg
2806,1942789089.jpg
2807,1943286082.jpg
2808,194332758.jpg
2809,194408176.jpg
2810,1944238257.jpg
2811,194433740.jpg
2812,194464865.jpg
2813,194467104.jpg
2814,194467990.jpg
2815,1944813674.jpg
2816,1944940887.jpg
2817,1944949081.jpg
2818,194498965.jpg
2819,1944997202.jpg
2820,1945250762.jpg
2821,1945324358.jpg
2822,1945370692.jpg
2823,1945930488.jpg
2824,1945939774.jpg
2825,1945973944.jpg
2826,19469520.jpg
2827,194702176.jpg
2828,194703038.jpg
2829,194704310.jpg
2830,194705585.jpg
2831,1947255786.jpg
2832,194730600.jpg
2833,1947351225.jpg
2834,194827949.jpg
2835,194827953.jpg
2836,194935702.jpg
2837,194970718.jpg
2838,195038634.jpg
2839,195051721.jpg
2840,195065912.jpg
2841,195084264.jpg
2842,195137262.jpg
2843,195140746.jpg
2844,195193694.jpg
2845,195226258.jpg
2846,1952896009.jpg
2847,19541210.jpg
2848,1955172907.jpg
2849,195546059.jpg
2850,1955468182.jpg
2851,195611212.jpg
2852,1956585457.jpg
2853,1956678973.jpg
2854,1956944011.jpg
2855,19570587.jpg
2856,1957371533.jpg
2857,1957683077.jpg
2858,1957701886.jpg
2859,19581538.jpg
2860,195962284.jpg
2861,195962790.jpg
2862,196016880.jpg
2863,19610188.jpg
2864,1961696686.jpg
2865,196176872.jpg
2866,1962729184.jpg
2867,1962824702.jpg
2868,1963679809.jpg
2869,196371457.jpg
2870,196381488.jpg
2871,196437391.jpg
2872,196521598.jpg
2873,196522488.jpg
2874,196523254.jpg
2875,1965278563.jpg
2876,196583746.jpg
2877,19663315.jpg
2878,19663663.jpg
2879,1968453344.jpg
2880,1969573381.jpg
2881,196968178.jpg
2882,197025804.jpg
2883,1970275389.jpg
2884,197107117.jpg
2885,197142902.jpg
2886,19719902.jpg
2887,197232267.jpg
2888,197310292.jpg
2889,1973993787.jpg
2890,1974336555.jpg
2891,1974820694.jpg
2892,197504190.jpg
2893,1975171469.jpg
2894,1975531316.jpg
2895,197688193.jpg
2896,197745829.jpg
2897,197746193.jpg
2898,1977827746.jpg
2899,19786858.jpg
2900,19786861.jpg
2901,19787273.jpg
2902,19788551.jpg
2903,19788552.jpg
2904,1979233991.jpg
2905,197924859.jpg
2906,19796500.jpg
2907,197976461.jpg
2908,1980315248.jpg
2909,1980882959.jpg
2910,19810652.jpg
2911,1981187517.jpg
2912,1982852140.jpg
2913,198409708.jpg
2914,198456565.jpg
2915,1984905752.jpg
2916,1984936420.jpg
2917,19852513.jpg
2918,198534816.jpg
2919,1985706518.jpg
2920,198770290.jpg
2921,1989145280.jpg
2922,1989609.jpg
2923,199149017.jpg
2924,1991806812.jpg
2925,199412398.jpg
2926,199412680.jpg
2927,199412869.jpg
2928,199413509.jpg
2929,199413572.jpg
2930,1994416869.jpg
2931,199463720.jpg
2932,199604929.jpg
2933,19965828.jpg
2934,199809190.jpg
2935,1998255400.jpg
2936,1998457059.jpg
2937,19986766.jpg
2938,1999444757.jpg
2939,2000387055.jpg
2940,2000459828.jpg
2941,2001867714.jpg
2942,200269546.jpg
2943,200275830.jpg
2944,200276116.jpg
2945,200278000.jpg
2946,2003663004.jpg
2947,2004326408.jpg
2948,2004674713.jpg
2949,200553102.jpg
2950,200763637.jpg
2951,200764606.jpg
2952,200764658.jpg
2953,200767661.jpg
2954,200771289.jpg
2955,200778628.jpg
2956,200778857.jpg
2957,2007844443.jpg
2958,200797624.jpg
2959,200875615.jpg
2960,2009636597.jpg
2961,2010898020.jpg
2962,201108031.jpg
2963,2011797111.jpg
2964,201214645.jpg
2965,201314419.jpg
2966,2013827826.jpg
2967,2015953389.jpg
2968,201682811.jpg
2969,2017276266.jpg
2970,201965684.jpg
2971,201995559.jpg
2972,202029970.jpg
2973,202029988.jpg
2974,2021602343.jpg
2975,2021613437.jpg
2976,2021671653.jpg
2977,202174004.jpg
2978,202174343.jpg
2979,202174998.jpg
2980,202175131.jpg
2981,202233774.jpg
2982,2022338217.jpg
2983,2022443431.jpg
2984,2023525113.jpg
2985,2023529314.jpg
2986,202380905.jpg
2987,202436011.jpg
2988,202440477.jpg
2989,20249851.jpg
2990,2026594159.jpg
2991,2027440528.jpg
2992,2029280005.jpg
2993,2029546318.jpg
2994,203062683.jpg
2995,2030781555.jpg
2996,203114209.jpg
2997,203146155.jpg
2998,203198713.jpg
2999,2032982693.jpg
3000,203343043.jpg
3001,2033696343.jpg
3002,203390686.jpg
3003,2034553054.jpg
3004,2034865941.jpg
3005,2034882405.jpg
3006,20354191.jpg
3007,2035511078.jpg
3008,2035902801.jpg
3009,2036080069.jpg
3010,2036181263.jpg
3011,2036407732.jpg
3012,203701114.jpg
3013,2037264035.jpg
3014,2037916421.jpg
3015,203792206.jpg
3016,2038282729.jpg
3017,2038335029.jpg
3018,2038662925.jpg
3019,2039175551.jpg
3020,2039457436.jpg
3021,2039918946.jpg
3022,2040056561.jpg
3023,2040122955.jpg
3024,2040622503.jpg
3025,2040941056.jpg
3026,2040964486.jpg
3027,204150602.jpg
3028,2041867793.jpg
3029,2042009399.jpg
3030,2042048597.jpg
3031,2042058437.jpg
3032,2042110579.jpg
3033,2042114239.jpg
3034,2042159643.jpg
3035,2042572803.jpg
3036,2042765371.jpg
3037,2042765375.jpg
3038,2042894614.jpg
3039,2042915648.jpg
3040,2043372516.jpg
3041,2043427251.jpg
3042,2043520315.jpg
3043,2043989659.jpg
3044,2044063458.jpg
3045,2044172209.jpg
3046,2044546977.jpg
3047,2045023435.jpg
3048,20450474.jpg
3049,2045109977.jpg
3050,2045127186.jpg
3051,2045336190.jpg
3052,2045443590.jpg
3053,2045444296.jpg
3054,2045445292.jpg
3055,2045562030.jpg
3056,2045928594.jpg
3057,2046222127.jpg
3058,2046332896.jpg
3059,2046333894.jpg
3060,2046778775.jpg
3061,2047030603.jpg
3062,2047182655.jpg
3063,2047471190.jpg
3064,2047543321.jpg
3065,20486069.jpg
3066,2048850427.jpg
3067,204886976.jpg
3068,2049051050.jpg
3069,2049530722.jpg
3070,2049646140.jpg
3071,2050067751.jpg
3072,205038743.jpg
3073,2050742372.jpg
3074,2050956538.jpg
3075,2051194177.jpg
3076,205149260.jpg
3077,205152134.jpg
3078,2052088545.jpg
3079,2052102628.jpg
3080,2052202553.jpg
3081,2052702658.jpg
3082,2052953131.jpg
3083,2053006423.jpg
3084,2053441349.jpg
3085,2053665832.jpg
3086,2053683299.jpg
3087,205371152.jpg
3088,2053733930.jpg
3089,2053777548.jpg
3090,205404905.jpg
3091,2054058639.jpg
3092,2054125670.jpg
3093,2054308369.jpg
3094,2054584135.jpg
3095,2054869561.jpg
3096,205496450.jpg
3097,205520729.jpg
3098,2055214203.jpg
3099,2055646179.jpg
3100,2055909552.jpg
3101,2056041678.jpg
3102,2056042552.jpg
3103,205635075.jpg
3104,2056377805.jpg
3105,205675005.jpg
3106,205682549.jpg
3107,2056930414.jpg
3108,2057160636.jpg
3109,2057257734.jpg
3110,2057257964.jpg
3111,2057262566.jpg
3112,2057282116.jpg
3113,2057305043.jpg
3114,2057306459.jpg
3115,2057420842.jpg
3116,205744277.jpg
3117,2057898230.jpg
3118,2057991743.jpg
3119,2058091220.jpg
3120,2058124718.jpg
3121,2058215181.jpg
3122,205842.jpg
3123,2058472558.jpg
3124,2058947638.jpg
3125,2058989634.jpg
3126,2059372842.jpg
3127,2059616165.jpg
3128,2059842472.jpg
3129,2059930850.jpg
3130,2060031241.jpg
3131,2060472076.jpg
3132,206051614.jpg
3133,206087108.jpg
3134,2060904593.jpg
3135,206094882.jpg
3136,2061144717.jpg
3137,2061171746.jpg
3138,2061354254.jpg
3139,2061397486.jpg
3140,2061588118.jpg
3141,2061781501.jpg
3142,2061927950.jpg
3143,2061944672.jpg
3144,2062224960.jpg
3145,2062425492.jpg
3146,2062567933.jpg
3147,2062607137.jpg
3148,206290645.jpg
3149,2063272936.jpg
3150,2063277300.jpg
3151,2063399864.jpg
3152,206370514.jpg
3153,206373157.jpg
3154,206373158.jpg
3155,2064046067.jpg
3156,2064417101.jpg
3157,206475531.jpg
3158,2064780645.jpg
3159,2064790732.jpg
3160,2064792226.jpg
3161,2064841667.jpg
3162,2065300784.jpg
3163,2065309381.jpg
3164,2065349349.jpg
3165,2065595152.jpg
3166,2065875490.jpg
3167,2066048248.jpg
3168,2066212078.jpg
3169,2066241589.jpg
3170,2066271441.jpg
3171,206647555.jpg
3172,206648789.jpg
3173,2066691122.jpg
3174,2066711451.jpg
3175,2066986243.jpg
3176,2067362863.jpg
3177,2067833088.jpg
3178,2068403258.jpg
3179,2068465241.jpg
3180,2068556363.jpg
3181,2068960566.jpg
3182,2069110603.jpg
3183,2069279767.jpg
3184,2069390245.jpg
3185,2069887.jpg
3186,206991381.jpg
3187,2070067282.jpg
3188,207015505.jpg
3189,20702864.jpg
3190,2070311532.jpg
3191,2070798293.jpg
3192,2070831281.jpg
3193,2070831523.jpg
3194,2071273039.jpg
3195,2071309418.jpg
3196,2071705189.jpg
3197,2071830584.jpg
3198,2072040759.jpg
3199,2072154465.jpg
3200,207216904.jpg
3201,207225205.jpg
3202,2072268965.jpg
3203,2072331027.jpg
3204,207237775.jpg
3205,207240631.jpg
3206,2072574835.jpg
3207,207275121.jpg
3208,2072907691.jpg
3209,2073105823.jpg
3210,2073174497.jpg
3211,207344485.jpg
3212,207347050.jpg
3213,2073756099.jpg
3214,2073964624.jpg
3215,2074146683.jpg
3216,2074244690.jpg
3217,2074430847.jpg
3218,2074557615.jpg
3219,2074642785.jpg
3220,2074686457.jpg
3221,2074764331.jpg
3222,2074781877.jpg
3223,2074835945.jpg
3224,2075041394.jpg
3225,2075321027.jpg
3226,2075493556.jpg
3227,2075627357.jpg
3228,207584893.jpg
3229,2075893362.jpg
3230,207601580.jpg
3231,2076208076.jpg
3232,2076428547.jpg
3233,2076524082.jpg
3234,2076865206.jpg
3235,2076906555.jpg
3236,2077063153.jpg
3237,2077079696.jpg
3238,207731022.jpg
3239,2077346067.jpg
3240,2077433632.jpg
3241,2077649684.jpg
3242,2078016024.jpg
3243,2078020414.jpg
3244,207822513.jpg
3245,2078311270.jpg
3246,207857944.jpg
3247,2078665663.jpg
3248,2078709661.jpg
3249,2079110798.jpg
3250,2079152458.jpg
3251,207930963.jpg
3252,2079491560.jpg
3253,2079499010.jpg
3254,207950260.jpg
3255,207952798.jpg
3256,2079554580.jpg
3257,207955925.jpg
3258,207958110.jpg
3259,2080033499.jpg
3260,208025491.jpg
3261,20803565.jpg
3262,20804307.jpg
3263,2080474604.jpg
3264,208053776.jpg
3265,20805896.jpg
3266,208062991.jpg
3267,2081033707.jpg
3268,2081041537.jpg
3269,2081141788.jpg
3270,2081446176.jpg
3271,2081615901.jpg
3272,2081679622.jpg
3273,2081721157.jpg
3274,2082005167.jpg
3275,2082399131.jpg
3276,2082620071.jpg
3277,2082663150.jpg
3278,2083434441.jpg
3279,2083673004.jpg
3280,2083778090.jpg
3281,2083844357.jpg
3282,208408910.jpg
3283,2084103826.jpg
3284,2084157130.jpg
3285,2084217208.jpg
3286,2084622444.jpg
3287,208469029.jpg
3288,208471765.jpg
3289,208472767.jpg
3290,208473386.jpg
3291,2084851847.jpg
3292,2085078076.jpg
3293,2085255128.jpg
3294,2085284792.jpg
3295,2085301572.jpg
3296,2085400856.jpg
3297,2085403342.jpg
3298,2085557551.jpg
3299,2085726719.jpg
3300,2086462231.jpg
3301,2086513494.jpg
3302,2086532897.jpg
3303,2086534745.jpg
3304,2086678529.jpg
3305,2087317114.jpg
3306,2087332880.jpg
3307,2087423271.jpg
3308,2087469385.jpg
3309,2087640654.jpg
3310,2087764795.jpg
3311,2087954558.jpg
3312,2088052469.jpg
3313,2088120475.jpg
3314,208820195.jpg
3315,2088263269.jpg
3316,2088460083.jpg
3317,2088532947.jpg
3318,2088705195.jpg
3319,2088748696.jpg
3320,2088891100.jpg
3321,2088910854.jpg
3322,2088999297.jpg
3323,2089122314.jpg
3324,2089171831.jpg
3325,2089340439.jpg
3326,2089350172.jpg
3327,2089426086.jpg
3328,2089442007.jpg
3329,2089473570.jpg
3330,2089539651.jpg
3331,2089542487.jpg
3332,2089555297.jpg
3333,2089851860.jpg
3334,2089953680.jpg
3335,2090215703.jpg
3336,2090327868.jpg
3337,2090339522.jpg
3338,2090386465.jpg
3339,2090387793.jpg
3340,2090545563.jpg
3341,2090601289.jpg
3342,209063078.jpg
3343,2090723611.jpg
3344,209073498.jpg
3345,209080235.jpg
3346,209088049.jpg
3347,209088143.jpg
3348,2090997177.jpg
3349,209101256.jpg
3350,2091171488.jpg
3351,2091394493.jpg
3352,2091893535.jpg
3353,2092177624.jpg
3354,2092197560.jpg
3355,2092223894.jpg
3356,2092291476.jpg
3357,2092405046.jpg
3358,2092419948.jpg
3359,2092425006.jpg
3360,2092480356.jpg
3361,209274114.jpg
3362,2092870249.jpg
3363,2092922849.jpg
3364,2093272744.jpg
3365,2093588635.jpg
3366,2093742216.jpg
3367,2094076980.jpg
3368,2094323311.jpg
3369,2094369401.jpg
3370,2094543127.jpg
3371,2094810449.jpg
3372,2095007523.jpg
3373,2095078658.jpg
3374,2095197165.jpg
3375,2095435987.jpg
3376,2095444126.jpg
3377,2095478050.jpg
3378,209552483.jpg
3379,2095667691.jpg
3380,2095711097.jpg
3381,2095835659.jpg
3382,2095845115.jpg
3383,2095949968.jpg
3384,209604956.jpg
3385,209605542.jpg
3386,2096485764.jpg
3387,2096630557.jpg
3388,2096686198.jpg
3389,2096771662.jpg
3390,20971288.jpg
3391,2097398349.jpg
3392,2097403787.jpg
3393,2097407245.jpg
3394,2097420505.jpg
3395,2097446644.jpg
3396,2097489021.jpg
3397,2097615120.jpg
3398,2097650932.jpg
3399,2097697050.jpg
3400,20977655.jpg
3401,209803062.jpg
3402,2098174172.jpg
3403,2098418613.jpg
3404,2098646162.jpg
3405,2098777590.jpg
3406,2098819594.jpg
3407,2098915312.jpg
3408,209900973.jpg
3409,2099140476.jpg
3410,2099323664.jpg
3411,2099852435.jpg
3412,20999014.jpg
3413,2100046085.jpg
3414,2100433835.jpg
3415,2100610920.jpg
3416,2100735137.jpg
3417,2100816230.jpg
3418,2100909581.jpg
3419,2101068655.jpg
3420,2101128963.jpg
3421,210126070.jpg
3422,2101413509.jpg
3423,2101426869.jpg
3424,2101457132.jpg
3425,2101729860.jpg
3426,2101738845.jpg
3427,2101741007.jpg
3428,2101748221.jpg
3429,2101755951.jpg
3430,2101756743.jpg
3431,2101808682.jpg
3432,2102029863.jpg
3433,2102030040.jpg
3434,2102102709.jpg
3435,2102115587.jpg
3436,2102118915.jpg
3437,2102315758.jpg
3438,2102317779.jpg
3439,2102360862.jpg
3440,2102422015.jpg
3441,2102531792.jpg
3442,2102538696.jpg
3443,2102581664.jpg
3444,2102724238.jpg
3445,2102732029.jpg
3446,2102835360.jpg
3447,2102842726.jpg
3448,2102899292.jpg
3449,2102902012.jpg
3450,2102909744.jpg
3451,2103055320.jpg
3452,2103077124.jpg
3453,2103080234.jpg
3454,2103104748.jpg
3455,2103361407.jpg
3456,2103568100.jpg
3457,2103812912.jpg
3458,2103982884.jpg
3459,2104009548.jpg
3460,2104091463.jpg
3461,2105302133.jpg
3462,2105320784.jpg
3463,2105756457.jpg
3464,2105893101.jpg
3465,2105895823.jpg
3466,210593985.jpg
3467,210625425.jpg
3468,2106679648.jpg
3469,2106772874.jpg
3470,210686241.jpg
3471,2107091533.jpg
3472,210711305.jpg
3473,210713758.jpg
3474,2107144323.jpg
3475,210765316.jpg
3476,2107837987.jpg
3477,2107838729.jpg
3478,210788423.jpg
3479,2107951699.jpg
3480,210839948.jpg
3481,2108799322.jpg
3482,2109038463.jpg
3483,2109280562.jpg
3484,2109370875.jpg
3485,2109479807.jpg
3486,2109911919.jpg
3487,211026975.jpg
3488,2110357944.jpg
3489,2110633040.jpg
3490,2110692070.jpg
3491,2110775531.jpg
3492,2110898123.jpg
3493,2110979954.jpg
3494,2111025576.jpg
3495,2111061687.jpg
3496,2111360187.jpg
3497,2112072519.jpg
3498,2112114341.jpg
3499,2112624980.jpg
3500,2112661738.jpg
3501,211277478.jpg
3502,2112830327.jpg
3503,2112870497.jpg
3504,2112921744.jpg
3505,211295363.jpg
3506,2113124815.jpg
3507,211341511.jpg
3508,2113530024.jpg
3509,2113592981.jpg
3510,2113694192.jpg
3511,2113870582.jpg
3512,21138719.jpg
3513,2113996953.jpg
3514,2114005241.jpg
3515,211402278.jpg
3516,2114126343.jpg
3517,2114355355.jpg
3518,2114739371.jpg
3519,2114931518.jpg
3520,2114936514.jpg
3521,2115112541.jpg
3522,2115524376.jpg
3523,2115525592.jpg
3524,2115527854.jpg
3525,2115620856.jpg
3526,2115631346.jpg
3527,2115721452.jpg
3528,2115849046.jpg
3529,2116316160.jpg
3530,2116381816.jpg
3531,211640856.jpg
3532,2116444946.jpg
3533,21164875.jpg
3534,21166859.jpg
3535,2116705590.jpg
3536,21167868.jpg
3537,2116857398.jpg
3538,2117004715.jpg
3539,2117596127.jpg
3540,2117609024.jpg
3541,2117904671.jpg
3542,211829805.jpg
3543,2118681002.jpg
3544,2118681098.jpg
3545,2118795339.jpg
3546,2119044348.jpg
3547,2119062313.jpg
3548,2119206841.jpg
3549,2119283186.jpg
3550,2119302248.jpg
3551,2119380659.jpg
3552,2119381041.jpg
3553,2119381199.jpg
3554,2119660490.jpg
3555,2119793019.jpg
3556,211981411.jpg
3557,2120161244.jpg
3558,2120309245.jpg
3559,2120383553.jpg
3560,2120411340.jpg
3561,2120469056.jpg
3562,2120512339.jpg
3563,2120571547.jpg
3564,2121140070.jpg
3565,2121234287.jpg
3566,2121357310.jpg
3567,2121436056.jpg
3568,21214696.jpg
3569,212155635.jpg
3570,2122394961.jpg
3571,21225351.jpg
3572,212332005.jpg
3573,2123838998.jpg
3574,2123858003.jpg
3575,2123932281.jpg
3576,212396217.jpg
3577,2123995873.jpg
3578,2124040721.jpg
3579,2124547387.jpg
3580,2124926718.jpg
3581,2125074196.jpg
3582,2125216241.jpg
3583,212525046.jpg
3584,2125288750.jpg
3585,2125356719.jpg
3586,212536960.jpg
3587,2125454445.jpg
3588,212556127.jpg
3589,2125626631.jpg
3590,212574396.jpg
3591,2126230680.jpg
3592,2126242287.jpg
3593,2126950128.jpg
3594,2126984420.jpg
3595,2127031632.jpg
3596,2127097896.jpg
3597,2127166904.jpg
3598,2127207912.jpg
3599,2127209046.jpg
3600,2127566743.jpg
3601,2127570593.jpg
3602,2128119486.jpg
3603,2128309854.jpg
3604,2128327566.jpg
3605,2128343049.jpg
3606,212857743.jpg
3607,212863746.jpg
3608,2128893830.jpg
3609,2129341575.jpg
3610,2129430111.jpg
3611,2130106406.jpg
3612,2130203183.jpg
3613,2130851544.jpg
3614,213093138.jpg
3615,2130986011.jpg
3616,2131161531.jpg
3617,2131716223.jpg
3618,2131732576.jpg
3619,2131732722.jpg
3620,2131762850.jpg
3621,213216174.jpg
3622,213224451.jpg
3623,2132295466.jpg
3624,213269168.jpg
3625,2132881811.jpg
3626,2133199628.jpg
3627,2133427475.jpg
3628,213344147.jpg
3629,2133650765.jpg
3630,2133733793.jpg
3631,213412641.jpg
3632,213412642.jpg
3633,2134207062.jpg
3634,213435930.jpg
3635,2134495868.jpg
3636,2135070245.jpg
3637,213534496.jpg
3638,2135360514.jpg
3639,2135425492.jpg
3640,2135453792.jpg
3641,2135502491.jpg
3642,213583123.jpg
3643,2136080450.jpg
3644,213609234.jpg
3645,2136455112.jpg
3646,2136514643.jpg
3647,2136634882.jpg
3648,2136992638.jpg
3649,2137071442.jpg
3650,2137419658.jpg
3651,213759069.jpg
3652,2137789511.jpg
3653,2137836768.jpg
3654,2137837860.jpg
3655,213836461.jpg
3656,2138487671.jpg
3657,2138735584.jpg
3658,2139519215.jpg
3659,213973239.jpg
3660,213980367.jpg
3661,2140182410.jpg
3662,2140220291.jpg
3663,2140222017.jpg
3664,2140305708.jpg
3665,2140332319.jpg
3666,2140747429.jpg
3667,2141065212.jpg
3668,214165084.jpg
3669,214166720.jpg
3670,214167512.jpg
3671,214168917.jpg
3672,2141692397.jpg
3673,2141713971.jpg
3674,2142232919.jpg
3675,2142414731.jpg
3676,2142457568.jpg
3677,2142526754.jpg
3678,2142574136.jpg
3679,2142631327.jpg
3680,214320850.jpg
3681,2143439626.jpg
3682,2144049642.jpg
3683,2144050118.jpg
3684,214417276.jpg
3685,2144459403.jpg
3686,2144670301.jpg
3687,2144678775.jpg
3688,2144846312.jpg
3689,2145008658.jpg
3690,214501174.jpg
3691,214543992.jpg
3692,214597976.jpg
3693,2146316159.jpg
3694,2146530566.jpg
3695,2146600736.jpg
3696,2146640888.jpg
3697,2147107496.jpg
3698,2147199188.jpg
3699,2147266048.jpg
3700,2147281526.jpg
3701,2147623140.jpg
3702,214774826.jpg
3703,2147866213.jpg
3704,2147870343.jpg
3705,2147876139.jpg
3706,2148013097.jpg
3707,214815592.jpg
3708,2148234367.jpg
3709,2148607546.jpg
3710,2148663218.jpg
3711,2148680620.jpg
3712,2148695079.jpg
3713,2148747441.jpg
3714,2148916767.jpg
3715,2148982.jpg
3716,2148991939.jpg
3717,2149434880.jpg
3718,2149521096.jpg
3719,2149968397.jpg
3720,2149982207.jpg
3721,2150321274.jpg
3722,2150416621.jpg
3723,2150564996.jpg
3724,2150590181.jpg
3725,2150834797.jpg
3726,2151056407.jpg
3727,2151149988.jpg
3728,2151229468.jpg
3729,2151230100.jpg
3730,215123993.jpg
3731,2151300603.jpg
3732,21514026.jpg
3733,2151514290.jpg
3734,2152057198.jpg
3735,2152070348.jpg
3736,215214751.jpg
3737,215228832.jpg
3738,2152688935.jpg
3739,215405524.jpg
3740,2154062056.jpg
3741,2154618839.jpg
3742,215529821.jpg
3743,215529847.jpg
3744,2155529081.jpg
3745,2155533127.jpg
3746,2155536271.jpg
3747,2155653460.jpg
3748,2155994202.jpg
3749,2156122117.jpg
3750,2156131463.jpg
3751,2156328004.jpg
3752,2156331904.jpg
3753,2156726763.jpg
3754,2156952166.jpg
3755,2157003092.jpg
3756,2157173498.jpg
3757,215797019.jpg
3758,215806759.jpg
3759,2158247955.jpg
3760,2158267555.jpg
3761,2158500020.jpg
3762,2158625230.jpg
3763,215876547.jpg
3764,2158925258.jpg
3765,2159081186.jpg
3766,2159440067.jpg
3767,2159447283.jpg
3768,2159526836.jpg
3769,215978818.jpg
3770,215982386.jpg
3771,2160230494.jpg
3772,2160266952.jpg
3773,2161273260.jpg
3774,216172386.jpg
3775,2161799386.jpg
3776,2162367970.jpg
3777,2162469360.jpg
3778,2162564553.jpg
3779,2162746678.jpg
3780,216308314.jpg
3781,2163780897.jpg
3782,2164018393.jpg
3783,2164363131.jpg
3784,2164429357.jpg
3785,2164591530.jpg
3786,2164665069.jpg
3787,2165459064.jpg
3788,2165461920.jpg
3789,2165677531.jpg
3790,2165724565.jpg
3791,216585846.jpg
3792,216594524.jpg
3793,2166120300.jpg
3794,216627488.jpg
3795,2166278644.jpg
3796,2166417615.jpg
3797,2166529027.jpg
3798,2166946777.jpg
3799,216696529.jpg
3800,2167365840.jpg
3801,2167644298.jpg
3802,2167711328.jpg
3803,216778085.jpg
3804,2168021521.jpg
3805,21687074.jpg
3806,2168723623.jpg
3807,2168809436.jpg
3808,21688595.jpg
3809,2169067981.jpg
3810,2169709244.jpg
3811,2169788484.jpg
3812,2169951750.jpg
3813,2169986652.jpg
3814,217013833.jpg
3815,2170187328.jpg
3816,2170222061.jpg
3817,217108448.jpg
3818,2171154778.jpg
3819,2171388397.jpg
3820,2171576939.jpg
3821,2171891283.jpg
3822,2172329361.jpg
3823,2172493537.jpg
3824,2172526745.jpg
3825,2172570753.jpg
3826,2172572633.jpg
3827,2172574039.jpg
3828,2173061319.jpg
3829,2173115233.jpg
3830,217330024.jpg
3831,2173312932.jpg
3832,2173362914.jpg
3833,2173677067.jpg
3834,2173828253.jpg
3835,2173831145.jpg
3836,217388728.jpg
3837,2174206711.jpg
3838,2174343200.jpg
3839,2174583700.jpg
3840,217460891.jpg
3841,2174648405.jpg
3842,2175184797.jpg
3843,2175631995.jpg
3844,217571210.jpg
3845,2175758177.jpg
3846,217583047.jpg
3847,217593609.jpg
3848,2175980524.jpg
3849,2176147758.jpg
3850,2176229181.jpg
3851,2176364472.jpg
3852,2176776800.jpg
3853,2176874361.jpg
3854,2176980976.jpg
3855,2178064851.jpg
3856,2178095150.jpg
3857,2178295140.jpg
3858,2178295748.jpg
3859,2178306830.jpg
3860,217838128.jpg
3861,2178985121.jpg
3862,2179330298.jpg
3863,217949158.jpg
3864,2179759270.jpg
3865,218004295.jpg
3866,2180356743.jpg
3867,2180480870.jpg
3868,2180726636.jpg
3869,2180731945.jpg
3870,2180886307.jpg
3871,218096711.jpg
3872,218109620.jpg
3873,2181117039.jpg
3874,2181144377.jpg
3875,2181724497.jpg
3876,2181846120.jpg
3877,2182050469.jpg
3878,218211630.jpg
3879,218225539.jpg
3880,2182488373.jpg
3881,2182575588.jpg
3882,2183114919.jpg
3883,2183123018.jpg
3884,2183227136.jpg
3885,21833287.jpg
3886,218342358.jpg
3887,2183468990.jpg
3888,2183877589.jpg
3889,2183967273.jpg
3890,218428071.jpg
3891,218437159.jpg
3892,218442982.jpg
3893,2184664834.jpg
3894,2184817596.jpg
3895,218483471.jpg
3896,2184898283.jpg
3897,2185255150.jpg
3898,2185325305.jpg
3899,2185509485.jpg
3900,218553496.jpg
3901,218556922.jpg
3902,2185734339.jpg
3903,2185793891.jpg
3904,2186087673.jpg
3905,218610963.jpg
3906,2186139563.jpg
3907,218620913.jpg
3908,2186277673.jpg
3909,2186361690.jpg
3910,2186367337.jpg
3911,2187222896.jpg
3912,2187356302.jpg
3913,2187503678.jpg
3914,2187720319.jpg
3915,2187904131.jpg
3916,2188171629.jpg
3917,2188192752.jpg
3918,2188535529.jpg
3919,218854747.jpg
3920,2188599628.jpg
3921,2188688248.jpg
3922,2188790173.jpg
3923,2189181027.jpg
3924,2189627515.jpg
3925,2189721750.jpg
3926,2189995738.jpg
3927,2190006822.jpg
3928,2190137367.jpg
3929,2190227737.jpg
3930,219070971.jpg
3931,2190899457.jpg
3932,2190966429.jpg
3933,219123214.jpg
3934,2191329761.jpg
3935,2191453879.jpg
3936,2191522758.jpg
3937,2191566772.jpg
3938,2191572962.jpg
3939,2191598990.jpg
3940,2191779063.jpg
3941,2191783475.jpg
3942,2191788665.jpg
3943,2191896524.jpg
3944,2192026581.jpg
3945,2192131110.jpg
3946,2192333873.jpg
3947,2192411521.jpg
3948,2192436502.jpg
3949,2192475933.jpg
3950,2192547226.jpg
3951,2192573.jpg
3952,2192802444.jpg
3953,219288082.jpg
3954,2193001254.jpg
3955,219301553.jpg
3956,219301555.jpg
3957,2193223202.jpg
3958,2193223637.jpg
3959,219357394.jpg
3960,2193980605.jpg
3961,2194167019.jpg
3962,2194194725.jpg
3963,2194283350.jpg
3964,2194286203.jpg
3965,2194450229.jpg
3966,2194466679.jpg
3967,2194494220.jpg
3968,2194495372.jpg
3969,2194794307.jpg
3970,2194797921.jpg
3971,2194806429.jpg
3972,2195256068.jpg
3973,2195316844.jpg
3974,2195419145.jpg
3975,21954377.jpg
3976,2195620255.jpg
3977,2195887578.jpg
3978,2196023570.jpg
3979,2196050115.jpg
3980,2196107384.jpg
3981,2196284168.jpg
3982,219630410.jpg
3983,2196316998.jpg
3984,2196846255.jpg
3985,2196862437.jpg
3986,2197275664.jpg
3987,219730733.jpg
3988,2197552440.jpg
3989,2197587684.jpg
3990,219810920.jpg
3991,219843859.jpg
3992,219843860.jpg
3993,2198484810.jpg
3994,2198494923.jpg
3995,2198511848.jpg
3996,2198918037.jpg
3997,2198941911.jpg
3998,2198964806.jpg
3999,2199083344.jpg
4000,2199200615.jpg
4001,2199250692.jpg
4002,2199710546.jpg
4003,2199721922.jpg
4004,2199793371.jpg
4005,2199932695.jpg
4006,2200070339.jpg
4007,220028982.jpg
4008,2200337743.jpg
4009,2200338547.jpg
4010,2200688503.jpg
4011,2200875336.jpg
4012,2200901777.jpg
4013,2201050079.jpg
4014,2201122447.jpg
4015,2201136364.jpg
4016,2201192417.jpg
4017,2201202388.jpg
4018,2201222219.jpg
4019,2201480583.jpg
4020,2201734906.jpg
4021,2201858857.jpg
4022,2201877660.jpg
4023,2201951953.jpg
4024,2201951969.jpg
4025,2201978994.jpg
4026,2202059975.jpg
4027,2202443907.jpg
4028,2202625355.jpg
4029,2203168780.jpg
4030,2203224077.jpg
4031,2203234266.jpg
4032,2203286182.jpg
4033,2203398833.jpg
4034,2203449950.jpg
4035,2203585314.jpg
4036,2203586218.jpg
4037,2203615439.jpg
4038,2204277704.jpg
4039,2204545235.jpg
4040,2204550058.jpg
4041,2204677106.jpg
4042,2204695848.jpg
4043,2204777844.jpg
4044,2204991372.jpg
4045,2204993532.jpg
4046,2205088706.jpg
4047,220513228.jpg
4048,2205328215.jpg
4049,2205336881.jpg
4050,2205915732.jpg
4051,2205958052.jpg
4052,2206060803.jpg
4053,2206282062.jpg
4054,2206284983.jpg
4055,220631119.jpg
4056,2206403470.jpg
4057,2206501278.jpg
4058,220655860.jpg
4059,2206594874.jpg
4060,2206600240.jpg
4061,220689305.jpg
4062,2206960564.jpg
4063,2207244634.jpg
4064,2207346072.jpg
4065,220747961.jpg
4066,2208055895.jpg
4067,2208067635.jpg
4068,2208250764.jpg
4069,2208310655.jpg
4070,2208631481.jpg
4071,2208652989.jpg
4072,2208662604.jpg
4073,2209036528.jpg
4074,2209317.jpg
4075,2209496328.jpg
4076,2209610692.jpg
4077,2209751.jpg
4078,2209766109.jpg
4079,2209888959.jpg
4080,2210054257.jpg
4081,2210059361.jpg
4082,2210065293.jpg
4083,2210068481.jpg
4084,2210070009.jpg
4085,2210173140.jpg
4086,221024576.jpg
4087,221024947.jpg
4088,2210339046.jpg
4089,2210368267.jpg
4090,221062338.jpg
4091,2210633831.jpg
4092,221063801.jpg
4093,2211495714.jpg
4094,2211593099.jpg
4095,2211946621.jpg
4096,2212472643.jpg
4097,2212734287.jpg
4098,2212794589.jpg
4099,2213113526.jpg
4100,221331362.jpg
4101,2213528463.jpg
4102,2213615142.jpg
4103,221365576.jpg
4104,2213762298.jpg
4105,221377138.jpg
4106,2213987357.jpg
4107,2214132302.jpg
4108,221421001.jpg
4109,221422499.jpg
4110,2214322704.jpg
4111,22143604.jpg
4112,2214383094.jpg
4113,2214403949.jpg
4114,2214596481.jpg
4115,2214780248.jpg
4116,2214821600.jpg
4117,2214847438.jpg
4118,221510405.jpg
4119,2215136723.jpg
4120,2215165918.jpg
4121,2215305500.jpg
4122,2215331791.jpg
4123,2215393122.jpg
4124,2215737172.jpg
4125,2215767852.jpg
4126,2215770048.jpg
4127,2215797676.jpg
4128,2215837479.jpg
4129,221586389.jpg
4130,2215875786.jpg
4131,2215925780.jpg
4132,221596640.jpg
4133,221597303.jpg
4134,2215975928.jpg
4135,2216568822.jpg
4136,2216631622.jpg
4137,2216695423.jpg
4138,2216878754.jpg
4139,2217244400.jpg
4140,2217258342.jpg
4141,2217328285.jpg
4142,2217728745.jpg
4143,2217903873.jpg
4144,2218161586.jpg
4145,2218334049.jpg
4146,2218519240.jpg
4147,2218609886.jpg
4148,2218743570.jpg
4149,2218821842.jpg
4150,2218843713.jpg
4151,2218907190.jpg
4152,2218984085.jpg
4153,2219301968.jpg
4154,2219522227.jpg
4155,221973402.jpg
4156,2219805467.jpg
4157,2219805677.jpg
4158,2219959872.jpg
4159,2220175999.jpg
4160,2220185725.jpg
4161,2220274048.jpg
4162,2220333513.jpg
4163,2220612655.jpg
4164,2221241506.jpg
4165,2221349444.jpg
4166,222141960.jpg
4167,22215229.jpg
4168,2221818690.jpg
4169,2222186636.jpg
4170,2222498879.jpg
4171,2222559267.jpg
4172,2222732183.jpg
4173,2222944983.jpg
4174,2222976136.jpg
4175,222310878.jpg
4176,2223151597.jpg
4177,2223272586.jpg
4178,2223382277.jpg
4179,222369445.jpg
4180,2224450291.jpg
4181,2224524855.jpg
4182,2224541007.jpg
4183,2224790243.jpg
4184,2224836155.jpg
4185,2224995194.jpg
4186,2225231022.jpg
4187,2225241766.jpg
4188,2225385013.jpg
4189,2225530026.jpg
4190,2225552348.jpg
4191,2225611270.jpg
4192,2225642606.jpg
4193,2225864432.jpg
4194,2226233759.jpg
4195,2226280160.jpg
4196,2226316813.jpg
4197,2226343167.jpg
4198,222635053.jpg
4199,2226440063.jpg
4200,2226449279.jpg
4201,2226534154.jpg
4202,2226587791.jpg
4203,22267437.jpg
4204,2226811586.jpg
4205,2226898412.jpg
4206,222714744.jpg
4207,2227179257.jpg
4208,222759342.jpg
4209,2227599410.jpg
4210,2228022180.jpg
4211,2228156682.jpg
4212,2228167286.jpg
4213,2228329399.jpg
4214,2228361155.jpg
4215,2228381169.jpg
4216,2228619706.jpg
4217,222867549.jpg
4218,222878446.jpg
4219,2229108152.jpg
4220,2229177914.jpg
4221,2229179070.jpg
4222,2229180161.jpg
4223,2229237521.jpg
4224,2229509318.jpg
4225,2229571601.jpg
4226,2229737667.jpg
4227,2230067846.jpg
4228,2230134548.jpg
4229,2230140329.jpg
4230,2230206919.jpg
4231,2230260635.jpg
4232,2230347683.jpg
4233,2230363237.jpg
4234,2230363312.jpg
4235,2230396241.jpg
4236,2230411771.jpg
4237,2230458748.jpg
4238,2230482572.jpg
4239,2230503574.jpg
4240,2230620391.jpg
4241,2230693384.jpg
4242,2230813326.jpg
4243,2230871228.jpg
4244,2230885062.jpg
4245,2230908726.jpg
4246,2230971412.jpg
4247,2230983294.jpg
4248,2231041390.jpg
4249,2231048328.jpg
4250,2231052760.jpg
4251,2231089996.jpg
4252,2231193384.jpg
4253,2231220920.jpg
4254,2231225870.jpg
4255,2231245129.jpg
4256,2231551206.jpg
4257,2231843419.jpg
4258,2231847779.jpg
4259,2231977553.jpg
4260,223203610.jpg
4261,2232255534.jpg
4262,2232518012.jpg
4263,2232694969.jpg
4264,2232718966.jpg
4265,2232822316.jpg
4266,223299137.jpg
4267,223299142.jpg
4268,223320049.jpg
4269,2233426944.jpg
4270,223385817.jpg
4271,2234018985.jpg
4272,223424495.jpg
4273,2234368402.jpg
4274,2234681386.jpg
4275,2234702530.jpg
4276,2234726075.jpg
4277,2234842557.jpg
4278,2234910971.jpg
4279,2234941793.jpg
4280,2235220530.jpg
4281,2235958906.jpg
4282,2236016316.jpg
4283,2236059848.jpg
4284,2236756644.jpg
4285,2236851350.jpg
4286,2236895638.jpg
4287,2237153173.jpg
4288,2237256401.jpg
4289,2237350782.jpg
4290,2237363031.jpg
4291,2237364221.jpg
4292,2237436639.jpg
4293,223761052.jpg
4294,2238019823.jpg
4295,2238166082.jpg
4296,2238237729.jpg
4297,223864886.jpg
4298,2238759450.jpg
4299,2238925844.jpg
4300,2239499718.jpg
4301,2239938351.jpg
4302,224026428.jpg
4303,2240539658.jpg
4304,224069602.jpg
4305,2240785083.jpg
4306,2240975290.jpg
4307,2241328814.jpg
4308,224152690.jpg
4309,224153937.jpg
4310,2241665783.jpg
4311,2241768909.jpg
4312,224203430.jpg
4313,2242178517.jpg
4314,2242347403.jpg
4315,2242559074.jpg
4316,2242676214.jpg
4317,224273695.jpg
4318,2242863004.jpg
4319,2243345188.jpg
4320,224344397.jpg
4321,224369028.jpg
4322,2243700772.jpg
4323,2243728869.jpg
4324,2243904502.jpg
4325,2243943940.jpg
4326,2244024374.jpg
4327,2244157257.jpg
4328,2244171992.jpg
4329,2244376697.jpg
4330,2244385560.jpg
4331,2244551043.jpg
4332,2244594614.jpg
4333,2244613488.jpg
4334,2245019332.jpg
4335,2245348304.jpg
4336,2245551446.jpg
4337,2245618207.jpg
4338,2245677806.jpg
4339,2245777475.jpg
4340,2245914678.jpg
4341,2245916742.jpg
4342,2245918465.jpg
4343,2245989501.jpg
4344,2246522206.jpg
4345,224657109.jpg
4346,224663185.jpg
4347,2246717855.jpg
4348,224702241.jpg
4349,224702242.jpg
4350,2247101794.jpg
4351,2247138288.jpg
4352,2247174236.jpg
4353,2247192427.jpg
4354,2247645547.jpg
4355,224766705.jpg
4356,2247889670.jpg
4357,2248275918.jpg
4358,2248395289.jpg
4359,2248487950.jpg
4360,2248487956.jpg
4361,224882899.jpg
4362,2248974479.jpg
4363,2249034258.jpg
4364,2249094622.jpg
4365,2249141510.jpg
4366,2249264723.jpg
4367,2249480913.jpg
4368,2249682069.jpg
4369,2249688223.jpg
4370,2249783327.jpg
4371,2249783869.jpg
4372,2249784123.jpg
4373,2249865945.jpg
4374,2249912075.jpg
4375,224998257.jpg
4376,2250479700.jpg
4377,2250555512.jpg
4378,2250571576.jpg
4379,2250580906.jpg
4380,2250713748.jpg
4381,2250750713.jpg
4382,2250870111.jpg
4383,225110635.jpg
4384,2251152321.jpg
4385,2251277216.jpg
4386,2251418114.jpg
4387,2251447809.jpg
4388,225157506.jpg
4389,2251575301.jpg
4390,2251707859.jpg
4391,2251747182.jpg
4392,2251830139.jpg
4393,2251992614.jpg
4394,2252036322.jpg
4395,2252123185.jpg
4396,225221024.jpg
4397,2252264255.jpg
4398,2252299132.jpg
4399,2252299187.jpg
4400,2252311564.jpg
4401,2252403744.jpg
4402,2252613928.jpg
4403,2252635585.jpg
4404,2252722473.jpg
4405,2252918695.jpg
4406,2253052296.jpg
4407,2253091968.jpg
4408,2253417961.jpg
4409,2253938667.jpg
4410,2254100058.jpg
4411,225434569.jpg
4412,2254442869.jpg
4413,2254697851.jpg
4414,2254902963.jpg
4415,2254913901.jpg
4416,2254990707.jpg
4417,2255252910.jpg
4418,2255266906.jpg
4419,2255280884.jpg
4420,2255332561.jpg
4421,2255338013.jpg
4422,2255342813.jpg
4423,2255375425.jpg
4424,2255631358.jpg
4425,2255633616.jpg
4426,2255685792.jpg
4427,2255753004.jpg
4428,2256000607.jpg
4429,2256091090.jpg
4430,2256133102.jpg
4431,2256138896.jpg
4432,2256218522.jpg
4433,2256231539.jpg
4434,2256320794.jpg
4435,2256447557.jpg
4436,225692535.jpg
4437,2256976298.jpg
4438,225699652.jpg
4439,2257099774.jpg
4440,2257233228.jpg
4441,2257238490.jpg
4442,2257294002.jpg
4443,2257332250.jpg
4444,2257631407.jpg
4445,2257798999.jpg
4446,2258277193.jpg
4447,2258662398.jpg
4448,2258951972.jpg
4449,225909073.jpg
4450,2259134148.jpg
4451,2259203920.jpg
4452,2259336826.jpg
4453,2260099785.jpg
4454,2260369648.jpg
4455,2260537673.jpg
4456,2260560631.jpg
4457,2260649048.jpg
4458,226065257.jpg
4459,2260891072.jpg
4460,226113880.jpg
4461,226115048.jpg
4462,226115542.jpg
4463,2261169495.jpg
4464,2261257940.jpg
4465,2261264620.jpg
4466,2261346505.jpg
4467,2261550615.jpg
4468,2261962622.jpg
4469,2262919211.jpg
4470,226310408.jpg
4471,226310412.jpg
4472,2263132077.jpg
4473,2263655670.jpg
4474,2264280779.jpg
4475,2264316030.jpg
4476,2264439641.jpg
4477,226456619.jpg
4478,226481576.jpg
4479,2265096094.jpg
4480,2265100168.jpg
4481,2265106886.jpg
4482,226531363.jpg
4483,2265367960.jpg
4484,226538968.jpg
4485,226539616.jpg
4486,226539844.jpg
4487,2266019996.jpg
4488,2266061169.jpg
4489,226607225.jpg
4490,2266142543.jpg
4491,2266144051.jpg
4492,226630666.jpg
4493,226631401.jpg
4494,226634003.jpg
4495,226634801.jpg
4496,226642878.jpg
4497,226646458.jpg
4498,226653504.jpg
4499,226659133.jpg
4500,226664962.jpg
4501,226675419.jpg
4502,226680398.jpg
4503,226685261.jpg
4504,226687996.jpg
4505,2266901263.jpg
4506,226697434.jpg
4507,2267682214.jpg
4508,2267819545.jpg
4509,2267846791.jpg
4510,2267923837.jpg
4511,2268109835.jpg
4512,2268115375.jpg
4513,2268207503.jpg
4514,2268596214.jpg
4515,2268601066.jpg
4516,2268729848.jpg
4517,2268801262.jpg
4518,2268986632.jpg
4519,2269021076.jpg
4520,2269418002.jpg
4521,2269795781.jpg
4522,226980061.jpg
4523,2269850223.jpg
4524,2269961438.jpg
4525,227000285.jpg
4526,2270034724.jpg
4527,2270097521.jpg
4528,2270483627.jpg
4529,2270490287.jpg
4530,2270649560.jpg
4531,2270885646.jpg
4532,2270955453.jpg
4533,2271099293.jpg
4534,2271264741.jpg
4535,2271468944.jpg
4536,2271667421.jpg
4537,2271671533.jpg
4538,2271755053.jpg
4539,227181630.jpg
4540,2271890493.jpg
4541,2271955077.jpg
4542,2272290126.jpg
4543,2272361718.jpg
4544,2272426567.jpg
4545,2272489996.jpg
4546,2272491304.jpg
4547,2272548482.jpg
4548,2272750492.jpg
4549,2272823323.jpg
4550,2272967004.jpg
4551,2273028514.jpg
4552,2273038287.jpg
4553,2273105617.jpg
4554,2273591668.jpg
4555,2273648636.jpg
4556,2273650537.jpg
4557,2273799395.jpg
4558,2273871383.jpg
4559,2274021471.jpg
4560,227441355.jpg
4561,2274602044.jpg
4562,2274849448.jpg
4563,2274992140.jpg
4564,2275029674.jpg
4565,2275214054.jpg
4566,2275253272.jpg
4567,227533659.jpg
4568,2275372714.jpg
4569,227585300.jpg
4570,2275928920.jpg
4571,2276120079.jpg
4572,2276230068.jpg
4573,2276237758.jpg
4574,2276314067.jpg
4575,2276436566.jpg
4576,22764427.jpg
4577,2276499757.jpg
4578,227689211.jpg
4579,227701311.jpg
4580,2277081067.jpg
4581,2277294556.jpg
4582,2277299634.jpg
4583,22779038.jpg
4584,22779916.jpg
4585,2278010569.jpg
4586,2278110011.jpg
4587,2278490028.jpg
4588,2278766574.jpg
4589,2278776373.jpg
4590,2279380309.jpg
4591,2279380619.jpg
4592,2279416167.jpg
4593,2279432034.jpg
4594,2279496715.jpg
4595,2279729059.jpg
4596,2279894890.jpg
4597,2279906281.jpg
4598,2279945145.jpg
4599,2279980395.jpg
4600,2280211549.jpg
4601,2280354512.jpg
4602,2280437733.jpg
4603,2280438093.jpg
4604,2280525192.jpg
4605,228075008.jpg
4606,2281006675.jpg
4607,2281054343.jpg
4608,2281075738.jpg
4609,2281226546.jpg
4610,2281254839.jpg
4611,2281443699.jpg
4612,2281768510.jpg
4613,2282043629.jpg
4614,2282098850.jpg
4615,22822422.jpg
4616,2282260240.jpg
4617,2282522980.jpg
4618,2282530092.jpg
4619,2282573692.jpg
4620,2282600972.jpg
4621,228280430.jpg
4622,228280436.jpg
4623,2282895743.jpg
4624,2283350490.jpg
4625,2283966256.jpg
4626,2284231661.jpg
4627,2284239186.jpg
4628,228447922.jpg
4629,2284894733.jpg
4630,2284991229.jpg
4631,2285152690.jpg
4632,2285570521.jpg
4633,2285664.jpg
4634,2285693889.jpg
4635,2285741931.jpg
4636,2285847538.jpg
4637,22860067.jpg
4638,2286032269.jpg
4639,2286062045.jpg
4640,2286235203.jpg
4641,2286236765.jpg
4642,2286239223.jpg
4643,2286270205.jpg
4644,2286377428.jpg
4645,228646477.jpg
4646,2286624900.jpg
4647,2286823363.jpg
4648,2287023569.jpg
4649,228716636.jpg
4650,2287313464.jpg
4651,2287499786.jpg
4652,2287887341.jpg
4653,2287938451.jpg
4654,2287962706.jpg
4655,2288099178.jpg
4656,228822815.jpg
4657,2288303942.jpg
4658,2288314045.jpg
4659,2288315705.jpg
4660,2288530008.jpg
4661,228866972.jpg
4662,2288770647.jpg
4663,228879479.jpg
4664,2288929515.jpg
4665,2288988751.jpg
4666,2289068031.jpg
4667,2289096282.jpg
4668,2289160261.jpg
4669,2289212650.jpg
4670,2289283018.jpg
4671,228947041.jpg
4672,228949247.jpg
4673,228949397.jpg
4674,2289711389.jpg
4675,2289751916.jpg
4676,2289754578.jpg
4677,2289762817.jpg
4678,2289840578.jpg
4679,2290122740.jpg
4680,2290330500.jpg
4681,2290556804.jpg
4682,2290589734.jpg
4683,229059021.jpg
4684,2290936635.jpg
4685,2291485126.jpg
4686,2291511815.jpg
4687,2291536922.jpg
4688,2291589859.jpg
4689,2291596684.jpg
4690,229169021.jpg
4691,229189301.jpg
4692,2291954537.jpg
4693,2291956529.jpg
4694,2291957839.jpg
4695,2291958125.jpg
4696,2292235516.jpg
4697,2292406847.jpg
4698,2292512420.jpg
4699,2292621342.jpg
4700,22926358.jpg
4701,22926817.jpg
4702,22928793.jpg
4703,22930048.jpg
4704,2293149170.jpg
4705,2293308835.jpg
4706,2293424366.jpg
4707,229352841.jpg
4708,229352848.jpg
4709,2294231101.jpg
4710,2294516804.jpg
4711,2294598473.jpg
4712,2294688426.jpg
4713,2294913223.jpg
4714,2295177295.jpg
4715,2295199606.jpg
4716,2295215289.jpg
4717,2295216243.jpg
4718,2295399288.jpg
4719,2295447147.jpg
4720,2295489839.jpg
4721,229565492.jpg
4722,229574079.jpg
4723,2295750198.jpg
4724,2295894587.jpg
4725,2295920018.jpg
4726,2296139788.jpg
4727,2296166785.jpg
4728,2297345744.jpg
4729,229736617.jpg
4730,2297471897.jpg
4731,2297744130.jpg
4732,2298077331.jpg
4733,2298097636.jpg
4734,2298283771.jpg
4735,229862312.jpg
4736,2298661279.jpg
4737,2298946012.jpg
4738,229897292.jpg
4739,2299427360.jpg
4740,229944849.jpg
4741,229951087.jpg
4742,229954612.jpg
4743,229954873.jpg
4744,2299558545.jpg
4745,2299720433.jpg
4746,229978782.jpg
4747,2299859649.jpg
4748,2299867034.jpg
4749,230016181.jpg
4750,2300168895.jpg
4751,2300229745.jpg
4752,2300353380.jpg
4753,23008270.jpg
4754,23008340.jpg
4755,23008408.jpg
4756,2300920203.jpg
4757,230100504.jpg
4758,230105501.jpg
4759,23010569.jpg
4760,2301155278.jpg
4761,23012542.jpg
4762,23012579.jpg
4763,23012662.jpg
4764,23012796.jpg
4765,230135931.jpg
4766,2301379282.jpg
4767,2301467704.jpg
4768,2301525531.jpg
4769,23015660.jpg
4770,23015940.jpg
4771,23016091.jpg
4772,23016221.jpg
4773,23016250.jpg
4774,23016347.jpg
4775,23017628.jpg
4776,23017965.jpg
4777,230182039.jpg
4778,23018379.jpg
4779,2301867590.jpg
4780,23018702.jpg
4781,23022402.jpg
4782,2302336943.jpg
4783,2302516347.jpg
4784,2302523930.jpg
4785,230269706.jpg
4786,230269912.jpg
4787,2302747917.jpg
4788,2302815083.jpg
4789,2302816463.jpg
4790,230282077.jpg
4791,2302955243.jpg
4792,2303016989.jpg
4793,2303356248.jpg
4794,230339366.jpg
4795,2303426046.jpg
4796,2303609756.jpg
4797,2303951441.jpg
4798,2304191667.jpg
4799,2304374703.jpg
4800,2304444199.jpg
4801,2304469976.jpg
4802,230471791.jpg
4803,230486268.jpg
4804,2304938797.jpg
4805,2305290449.jpg
4806,2305313435.jpg
4807,2305437797.jpg
4808,2305517013.jpg
4809,2305869802.jpg
4810,2305872258.jpg
4811,2306129640.jpg
4812,2306186887.jpg
4813,2306254712.jpg
4814,2306497411.jpg
4815,2306603691.jpg
4816,2306674172.jpg
4817,2306799249.jpg
4818,2307109231.jpg
4819,2307118114.jpg
4820,2307451605.jpg
4821,230756074.jpg
4822,2307661164.jpg
4823,2307757311.jpg
4824,2307807200.jpg
4825,2307886611.jpg
4826,2308029439.jpg
4827,2308108566.jpg
4828,230819485.jpg
4829,2308256827.jpg
4830,2308271254.jpg
4831,2308322210.jpg
4832,2308339460.jpg
4833,2308352490.jpg
4834,2308491551.jpg
4835,2308978137.jpg
4836,230904909.jpg
4837,2309327462.jpg
4838,2309469243.jpg
4839,2309649133.jpg
4840,2309682355.jpg
4841,2309779665.jpg
4842,2309860995.jpg
4843,2310108346.jpg
4844,231011373.jpg
4845,2310126952.jpg
4846,2310202774.jpg
4847,2310231104.jpg
4848,2310233145.jpg
4849,2310317326.jpg
4850,2310336052.jpg
4851,2310452540.jpg
4852,2310972631.jpg
4853,2311401527.jpg
4854,2311412902.jpg
4855,2311616095.jpg
4856,2311624099.jpg
4857,2311690895.jpg
4858,231178641.jpg
4859,2311850831.jpg
4860,2311881432.jpg
4861,2312559422.jpg
4862,2312731013.jpg
4863,2312746782.jpg
4864,2312747482.jpg
4865,2312984882.jpg
4866,2313085243.jpg
4867,2313230479.jpg
4868,2313551145.jpg
4869,2313598755.jpg
4870,2313609814.jpg
4871,2313785743.jpg
4872,2313822078.jpg
4873,2314192527.jpg
4874,2314377503.jpg
4875,231439338.jpg
4876,2314492671.jpg
4877,2314528789.jpg
4878,2314541227.jpg
4879,2314547049.jpg
4880,2314684787.jpg
4881,2314722788.jpg
4882,2314732154.jpg
4883,2314958979.jpg
4884,2315113960.jpg
4885,2315285438.jpg
4886,2315320158.jpg
4887,2315325912.jpg
4888,2315335328.jpg
4889,2315350560.jpg
4890,2315418282.jpg
4891,2315464116.jpg
4892,2315593294.jpg
4893,2315807231.jpg
4894,231584770.jpg
4895,2315867011.jpg
4896,2315973850.jpg
4897,2316097768.jpg
4898,2316219570.jpg
4899,2316682128.jpg
4900,2316704473.jpg
4901,231673877.jpg
4902,2316854039.jpg
4903,2316985974.jpg
4904,2317013853.jpg
4905,2317077597.jpg
4906,2317271.jpg
4907,2317276332.jpg
4908,2317417015.jpg
4909,2317665783.jpg
4910,2317714088.jpg
4911,2318027669.jpg
4912,2318502106.jpg
4913,2318659263.jpg
4914,2318721455.jpg
4915,2318744295.jpg
4916,2318834690.jpg
4917,2318927873.jpg
4918,2319087586.jpg
4919,2319175397.jpg
4920,2319181371.jpg
4921,2319197581.jpg
4922,231935782.jpg
4923,2319389144.jpg
4924,2319539346.jpg
4925,2319541416.jpg
4926,2319808437.jpg
4927,2319917704.jpg
4928,2319954644.jpg
4929,2319963351.jpg
4930,2319973991.jpg
4931,2319989266.jpg
4932,2320125735.jpg
4933,2320420111.jpg
4934,2320742338.jpg
4935,2320787588.jpg
4936,2321094365.jpg
4937,2321466753.jpg
4938,2321764238.jpg
4939,2321773207.jpg
4940,2321833466.jpg
4941,2321865325.jpg
4942,232193739.jpg
4943,2322046574.jpg
4944,2322050182.jpg
4945,2322327298.jpg
4946,2322334640.jpg
4947,2322393931.jpg
4948,2322593776.jpg
4949,2322601965.jpg
4950,2322675642.jpg
4951,2322797357.jpg
4952,2322820623.jpg
4953,2323096887.jpg
4954,2323167250.jpg
4955,2323220432.jpg
4956,2324374253.jpg
4957,2324565145.jpg
4958,2324581814.jpg
4959,2324749825.jpg
4960,2324779494.jpg
4961,2324804923.jpg
4962,2324842075.jpg
4963,2324842927.jpg
4964,2324917982.jpg
4965,2324963565.jpg
4966,2324979199.jpg
4967,232501417.jpg
4968,2325025735.jpg
4969,2325258180.jpg
4970,2325386353.jpg
4971,2325436092.jpg
4972,2325436612.jpg
4973,2325808609.jpg
4974,2325816912.jpg
4975,2326133103.jpg
4976,2326177720.jpg
4977,2326294409.jpg
4978,2326587605.jpg
4979,2326664830.jpg
4980,2326666568.jpg
4981,2326669450.jpg
4982,2326730558.jpg
4983,2326795765.jpg
4984,2326879311.jpg
4985,2327088022.jpg
4986,2327240505.jpg
4987,2328016702.jpg
4988,2328104318.jpg
4989,2328106090.jpg
4990,2328210895.jpg
4991,2328321679.jpg
4992,2328550379.jpg
4993,2328616978.jpg
4994,232874193.jpg
4995,2329001416.jpg
4996,2329299623.jpg
4997,2329331195.jpg
4998,2329631855.jpg
4999,2330030299.jpg
5000,2330062180.jpg
5001,2330069984.jpg
5002,2330310763.jpg
5003,2330536645.jpg
5004,233066798.jpg
5005,2330765551.jpg
5006,2330843604.jpg
5007,2331094501.jpg
5008,2331510788.jpg
5009,2331539025.jpg
5010,2331539071.jpg
5011,2331539171.jpg
5012,233169292.jpg
5013,2331755236.jpg
5014,2331827016.jpg
5015,2331883719.jpg
5016,233207548.jpg
5017,2332186035.jpg
5018,2332390060.jpg
5019,233242340.jpg
5020,2332540384.jpg
5021,2332673042.jpg
5022,233270519.jpg
5023,2332806484.jpg
5024,2332975167.jpg
5025,23329858.jpg
5026,2332986053.jpg
5027,233319956.jpg
5028,233327292.jpg
5029,2333288869.jpg
5030,2333584535.jpg
5031,233361142.jpg
5032,2333643699.jpg
5033,2333712689.jpg
5034,2333758916.jpg
5035,2333816000.jpg
5036,2333975414.jpg
5037,2334045755.jpg
5038,2334257670.jpg
5039,2334774767.jpg
5040,2334933071.jpg
5041,2334933083.jpg
5042,2334983049.jpg
5043,2335017036.jpg
5044,2335071959.jpg
5045,2335129954.jpg
5046,2335150014.jpg
5047,2335170310.jpg
5048,2335428699.jpg
5049,2335504881.jpg
5050,2335511314.jpg
5051,2335524364.jpg
5052,2335619125.jpg
5053,2335634931.jpg
5054,233581449.jpg
5055,2335931883.jpg
5056,2336606243.jpg
5057,2336616258.jpg
5058,2336635043.jpg
5059,2337377811.jpg
5060,2337578794.jpg
5061,2337757064.jpg
5062,2337809114.jpg
5063,2337825352.jpg
5064,2337919839.jpg
5065,2338197287.jpg
5066,2338572904.jpg
5067,2338627102.jpg
5068,2338791560.jpg
5069,2338798208.jpg
5070,2338968043.jpg
5071,2339102058.jpg
5072,2339106348.jpg
5073,2339140905.jpg
5074,2339164918.jpg
5075,2339273772.jpg
5076,2339275057.jpg
5077,2339331195.jpg
5078,2339516180.jpg
5079,2339530872.jpg
5080,2339533906.jpg
5081,2339573065.jpg
5082,2339632913.jpg
5083,2339946012.jpg
5084,2339966133.jpg
5085,2340111592.jpg
5086,2340206885.jpg
5087,2340467281.jpg
5088,2340568853.jpg
5089,2340594453.jpg
5090,2340688349.jpg
5091,2340695455.jpg
5092,2340774655.jpg
5093,2340919359.jpg
5094,2341080150.jpg
5095,2341245764.jpg
5096,2341254813.jpg
5097,2341283462.jpg
5098,2341565486.jpg
5099,2341587426.jpg
5100,2341594530.jpg
5101,2341755936.jpg
5102,2341757202.jpg
5103,2341850464.jpg
5104,2341902084.jpg
5105,2341904462.jpg
5106,234201393.jpg
5107,2342035754.jpg
5108,2342055949.jpg
5109,2342283510.jpg
5110,2342288990.jpg
5111,234241682.jpg
5112,2342478660.jpg
5113,234249498.jpg
5114,2342643387.jpg
5115,234265703.jpg
5116,2342915028.jpg
5117,2343145630.jpg
5118,2343525685.jpg
5119,234374617.jpg
5120,234374711.jpg
5121,2343879696.jpg
5122,2343886894.jpg
5123,2344186101.jpg
5124,234418819.jpg
5125,2344323083.jpg
5126,2344412916.jpg
5127,23445819.jpg
5128,2344625369.jpg
5129,2344680432.jpg
5130,2344699642.jpg
5131,2344820947.jpg
5132,2344875609.jpg
5133,2344898759.jpg
5134,2344943371.jpg
5135,2344969116.jpg
5136,2345386817.jpg
5137,2345391999.jpg
5138,2345750552.jpg
5139,234580030.jpg
5140,2345980168.jpg
5141,2345984157.jpg
5142,2346189044.jpg
5143,2346401538.jpg
5144,2346402952.jpg
5145,2346468781.jpg
5146,2346523971.jpg
5147,2346564235.jpg
5148,2346564851.jpg
5149,2346629210.jpg
5150,2346709709.jpg
5151,2346772831.jpg
5152,2347056265.jpg
5153,2347251375.jpg
5154,23473996.jpg
5155,2347570082.jpg
5156,2347763226.jpg
5157,2347772881.jpg
5158,2347823813.jpg
5159,2347921097.jpg
5160,2348491126.jpg
5161,2348557363.jpg
5162,2348924378.jpg
5163,2349079995.jpg
5164,2349386416.jpg
5165,2349645589.jpg
5166,2349781135.jpg
5167,2349785157.jpg
5168,2350400382.jpg
5169,2350565030.jpg
5170,2350646648.jpg
5171,235065283.jpg
5172,2350687181.jpg
5173,235074044.jpg
5174,2350843831.jpg
5175,2351153998.jpg
5176,2351479551.jpg
5177,2351694146.jpg
5178,2351762979.jpg
5179,235181781.jpg
5180,235183419.jpg
5181,2351870496.jpg
5182,2351917277.jpg
5183,2352354708.jpg
5184,2352414953.jpg
5185,2352452459.jpg
5186,2352684051.jpg
5187,235287598.jpg
5188,2352961328.jpg
5189,2353088412.jpg
5190,2353102255.jpg
5191,2353119813.jpg
5192,2353504999.jpg
5193,2353560222.jpg
5194,2353830402.jpg
5195,2353995765.jpg
5196,2353999195.jpg
5197,2354007039.jpg
5198,2354064281.jpg
5199,235434641.jpg
5200,2354366043.jpg
5201,2354405491.jpg
5202,2354456107.jpg
5203,2354516058.jpg
5204,2354540393.jpg
5205,2354792215.jpg
5206,2354827014.jpg
5207,2354829523.jpg
5208,2354834216.jpg
5209,2354914657.jpg
5210,2354914661.jpg
5211,2354925198.jpg
5212,2355066658.jpg
5213,2355093195.jpg
5214,2355098740.jpg
5215,2355339096.jpg
5216,2355358070.jpg
5217,235541303.jpg
5218,2355578735.jpg
5219,2355763034.jpg
5220,2355819665.jpg
5221,2355880294.jpg
5222,2356153548.jpg
5223,2356574282.jpg
5224,2356664078.jpg
5225,2356731338.jpg
5226,2357238936.jpg
5227,2357648783.jpg
5228,235834122.jpg
5229,2358359289.jpg
5230,2358447641.jpg
5231,2358554995.jpg
5232,2358561039.jpg
5233,2358600155.jpg
5234,2358816385.jpg
5235,2358877768.jpg
5236,2358898017.jpg
5237,2359100647.jpg
5238,2359499627.jpg
5239,2359784186.jpg
5240,235982200.jpg
5241,2359862217.jpg
5242,2360159351.jpg
5243,2360194369.jpg
5244,2360213217.jpg
5245,2360279956.jpg
5246,2360310311.jpg
5247,2360371074.jpg
5248,2360449647.jpg
5249,2360775984.jpg
5250,236095031.jpg
5251,236095034.jpg
5252,2361367949.jpg
5253,236144859.jpg
5254,2362068632.jpg
5255,236223192.jpg
5256,2362377137.jpg
5257,2362481035.jpg
5258,2362918118.jpg
5259,2363006088.jpg
5260,2363029863.jpg
5261,2363092753.jpg
5262,2363100645.jpg
5263,2363419943.jpg
5264,2363520556.jpg
5265,2363540508.jpg
5266,2363918218.jpg
5267,2364096157.jpg
5268,2364394224.jpg
5269,2364728258.jpg
5270,236474697.jpg
5271,236476706.jpg
5272,2364774105.jpg
5273,2364942064.jpg
5274,2364982285.jpg
5275,2365175507.jpg
5276,236518934.jpg
5277,2365499852.jpg
5278,2365507630.jpg
5279,236557331.jpg
5280,236569968.jpg
5281,2365721660.jpg
5282,2365727980.jpg
5283,2365967839.jpg
5284,2366020313.jpg
5285,2366166967.jpg
5286,2366292699.jpg
5287,2366296895.jpg
5288,2366306683.jpg
5289,2366421102.jpg
5290,2366522060.jpg
5291,2366643786.jpg
5292,236680927.jpg
5293,2366958894.jpg
5294,2367139509.jpg
5295,236730743.jpg
5296,2367317953.jpg
5297,2367318629.jpg
5298,2367387854.jpg
5299,2367726871.jpg
5300,2367816288.jpg
5301,236788203.jpg
5302,2367949659.jpg
5303,2368008984.jpg
5304,236819162.jpg
5305,2368266191.jpg
5306,2368321486.jpg
5307,2369248869.jpg
5308,2369452202.jpg
5309,2369809845.jpg
5310,2369840118.jpg
5311,2370209156.jpg
5312,2370221025.jpg
5313,2370275359.jpg
5314,2370481277.jpg
5315,2371143807.jpg
5316,2371173787.jpg
5317,2371201464.jpg
5318,2371313211.jpg
5319,23714402.jpg
5320,2371475978.jpg
5321,2371500738.jpg
5322,2371545499.jpg
5323,237168242.jpg
5324,2371749487.jpg
5325,2371809188.jpg
5326,2371988553.jpg
5327,2372047444.jpg
5328,237212706.jpg
5329,2372262128.jpg
5330,2372541545.jpg
5331,2372572028.jpg
5332,2372751425.jpg
5333,2372763106.jpg
5334,237277765.jpg
5335,2372820502.jpg
5336,2373018323.jpg
5337,2373234213.jpg
5338,2373293667.jpg
5339,2373358061.jpg
5340,2373370266.jpg
5341,2373790865.jpg
5342,2373932560.jpg
5343,2374179071.jpg
5344,2374180609.jpg
5345,237424188.jpg
5346,2374247382.jpg
5347,2374289148.jpg
5348,2374319960.jpg
5349,2374382816.jpg
5350,2374523052.jpg
5351,2374570771.jpg
5352,2374652725.jpg
5353,2374710187.jpg
5354,2375282125.jpg
5355,2375402652.jpg
5356,237547381.jpg
5357,2375770917.jpg
5358,2375872999.jpg
5359,2375924666.jpg
5360,2375981973.jpg
5361,2376252671.jpg
5362,2376413845.jpg
5363,237650533.jpg
5364,2376694294.jpg
5365,2376878930.jpg
5366,23770160.jpg
5367,237726613.jpg
5368,2377460540.jpg
5369,2377496811.jpg
5370,23775702.jpg
5371,2378055886.jpg
5372,2378127945.jpg
5373,2378149488.jpg
5374,2378196105.jpg
5375,2378342922.jpg
5376,2378356400.jpg
5377,2378544134.jpg
5378,2378791487.jpg
5379,2379150102.jpg
5380,2379421650.jpg
5381,2379463203.jpg
5382,237953705.jpg
5383,237958272.jpg
5384,2379737358.jpg
5385,2379795688.jpg
5386,238008466.jpg
5387,2380093030.jpg
5388,2380406703.jpg
5389,238046200.jpg
5390,2380464803.jpg
5391,2380519648.jpg
5392,238062992.jpg
5393,2380740486.jpg
5394,2380765956.jpg
5395,2381102729.jpg
5396,2381583688.jpg
5397,2381613738.jpg
5398,238177432.jpg
5399,2381926946.jpg
5400,2381937867.jpg
5401,2382000085.jpg
5402,2382117842.jpg
5403,2382326464.jpg
5404,2382411771.jpg
5405,2382611526.jpg
5406,238269802.jpg
5407,2382847674.jpg
5408,2382950929.jpg
5409,2383471951.jpg
5410,2383642818.jpg
5411,2383712490.jpg
5412,2383814994.jpg
5413,2384147448.jpg
5414,2384353160.jpg
5415,2384401298.jpg
5416,2384507273.jpg
5417,2384550175.jpg
5418,2384626662.jpg
5419,2384728877.jpg
5420,2384754746.jpg
5421,2384917638.jpg
5422,2385000670.jpg
5423,2385034500.jpg
5424,2385079235.jpg
5425,238512430.jpg
5426,2385146732.jpg
5427,2385522475.jpg
5428,2385547130.jpg
5429,2385673753.jpg
5430,238573199.jpg
5431,2385744837.jpg
5432,2385871165.jpg
5433,2385871317.jpg
5434,2386358817.jpg
5435,2386366490.jpg
5436,2386366590.jpg
5437,2386635533.jpg
5438,2386924148.jpg
5439,2386938131.jpg
5440,2387154171.jpg
5441,2387197355.jpg
5442,2387419639.jpg
5443,2387494200.jpg
5444,2387661071.jpg
5445,2387900324.jpg
5446,2388533183.jpg
5447,2389107995.jpg
5448,2389237751.jpg
5449,2389238787.jpg
5450,2389278652.jpg
5451,238964239.jpg
5452,238967220.jpg
5453,2390134107.jpg
5454,2390286467.jpg
5455,2390369143.jpg
5456,2390383101.jpg
5457,2390400553.jpg
5458,239051548.jpg
5459,2390551509.jpg
5460,2390778197.jpg
5461,2391015435.jpg
5462,2391035976.jpg
5463,2391048897.jpg
5464,2391094555.jpg
5465,239112510.jpg
5466,2391152358.jpg
5467,2391269207.jpg
5468,2391442557.jpg
5469,2391509645.jpg
5470,2391657339.jpg
5471,239175477.jpg
5472,2391812384.jpg
5473,2391883944.jpg
5474,2391929964.jpg
5475,2392144860.jpg
5476,23922298.jpg
5477,2392281446.jpg
5478,2392460773.jpg
5479,23925202.jpg
5480,2392625002.jpg
5481,239274377.jpg
5482,2392760448.jpg
5483,2392763642.jpg
5484,239279280.jpg
5485,2392928516.jpg
5486,2393059551.jpg
5487,239316347.jpg
5488,2393196444.jpg
5489,2393264648.jpg
5490,2393298349.jpg
5491,2393410666.jpg
5492,2393747608.jpg
5493,2393911878.jpg
5494,2393924525.jpg
5495,2393971707.jpg
5496,2394003437.jpg
5497,2394237885.jpg
5498,2394267183.jpg
5499,2394275528.jpg
5500,239453674.jpg
5501,2394763838.jpg
5502,2394824046.jpg
5503,2394857899.jpg
5504,2394919002.jpg
5505,2394922193.jpg
5506,2395360530.jpg
5507,2395801215.jpg
5508,2395967330.jpg
5509,2396025708.jpg
5510,2396034865.jpg
5511,2396096161.jpg
5512,2396100671.jpg
5513,2396669903.jpg
5514,2396691909.jpg
5515,2396746868.jpg
5516,239720301.jpg
5517,2397509331.jpg
5518,2397886149.jpg
5519,2397886291.jpg
5520,2397903687.jpg
5521,239807547.jpg
5522,2398466720.jpg
5523,2398605966.jpg
5524,2398856861.jpg
5525,2398915100.jpg
5526,2398918048.jpg
5527,2398919704.jpg
5528,2398922618.jpg
5529,2399114095.jpg
5530,2399219552.jpg
5531,2399551242.jpg
5532,2399586099.jpg
5533,2399665042.jpg
5534,2399674240.jpg
5535,2400312023.jpg
5536,240034176.jpg
5537,2400461120.jpg
5538,2400700373.jpg
5539,2400768851.jpg
5540,2400958566.jpg
5541,240101066.jpg
5542,2401027304.jpg
5543,2401201668.jpg
5544,2401530530.jpg
5545,2401794446.jpg
5546,2401947932.jpg
5547,2401957281.jpg
5548,2402088539.jpg
5549,2402301574.jpg
5550,2402462857.jpg
5551,2402549000.jpg
5552,2402665750.jpg
5553,2402729264.jpg
5554,2402744031.jpg
5555,2402762193.jpg
5556,2402793046.jpg
5557,2403078014.jpg
5558,2403376030.jpg
5559,2403532277.jpg
5560,2403544744.jpg
5561,2403610816.jpg
5562,2403832405.jpg
5563,2404046478.jpg
5564,2404173027.jpg
5565,2404406118.jpg
5566,2404488732.jpg
5567,2404520067.jpg
5568,2404560299.jpg
5569,2404692474.jpg
5570,2404747797.jpg
5571,2404959574.jpg
5572,2405325546.jpg
5573,24053752.jpg
5574,2405599120.jpg
5575,2405740253.jpg
5576,240583223.jpg
5577,2405978603.jpg
5578,2406062461.jpg
5579,2406591500.jpg
5580,240696675.jpg
5581,2407091303.jpg
5582,2407214681.jpg
5583,2407470303.jpg
5584,2407528766.jpg
5585,2407865161.jpg
5586,2408099454.jpg
5587,2408224709.jpg
5588,2408570692.jpg
5589,2409312675.jpg
5590,2409597310.jpg
5591,2409771090.jpg
5592,2410040397.jpg
5593,2410153942.jpg
5594,241031254.jpg
5595,241031670.jpg
5596,2410320522.jpg
5597,2410399168.jpg
5598,241046599.jpg
5599,2410562803.jpg
5600,2410618963.jpg
5601,2410906422.jpg
5602,241109594.jpg
5603,2411585767.jpg
5604,2411824767.jpg
5605,241198768.jpg
5606,2412152032.jpg
5607,2412281172.jpg
5608,2412390588.jpg
5609,2412614152.jpg
5610,2412716991.jpg
5611,241345323.jpg
5612,241345427.jpg
5613,241345446.jpg
5614,241345522.jpg
5615,241345533.jpg
5616,241345596.jpg
5617,241345639.jpg
5618,241345656.jpg
5619,241345721.jpg
5620,241345770.jpg
5621,241345811.jpg
5622,241345844.jpg
5623,241345864.jpg
5624,241345905.jpg
5625,241345942.jpg
5626,241345981.jpg
5627,241346105.jpg
5628,241346146.jpg
5629,241346215.jpg
5630,241346260.jpg
5631,241346317.jpg
5632,241346352.jpg
5633,241346402.jpg
5634,241346434.jpg
5635,241346471.jpg
5636,241346508.jpg
5637,241346580.jpg
5638,241346709.jpg
5639,241346794.jpg
5640,241346885.jpg
5641,241346923.jpg
5642,241346971.jpg
5643,241347067.jpg
5644,241347114.jpg
5645,241347150.jpg
5646,241347204.jpg
5647,241347214.jpg
5648,241347243.jpg
5649,241347271.jpg
5650,241347300.jpg
5651,241347356.jpg
5652,241347391.jpg
5653,241347441.jpg
5654,241347460.jpg
5655,241347496.jpg
5656,241347547.jpg
5657,241347580.jpg
5658,241347611.jpg
5659,241347635.jpg
5660,241347664.jpg
5661,241347689.jpg
5662,241347700.jpg
5663,241347760.jpg
5664,241347803.jpg
5665,241347823.jpg
5666,2413495734.jpg
5667,2413578705.jpg
5668,241374292.jpg
5669,2413875259.jpg
5670,2414035800.jpg
5671,2414136642.jpg
5672,2414325960.jpg
5673,2414352262.jpg
5674,2414384480.jpg
5675,2414390475.jpg
5676,2414397449.jpg
5677,2414710960.jpg
5678,241480898.jpg
5679,2414986483.jpg
5680,2415265825.jpg
5681,2415326086.jpg
5682,2415402073.jpg
5683,241545422.jpg
5684,2415587549.jpg
5685,2415637042.jpg
5686,2415803492.jpg
5687,241596333.jpg
5688,2416193212.jpg
5689,2416244705.jpg
5690,2416297261.jpg
5691,2416964653.jpg
5692,2417169797.jpg
5693,2417341107.jpg
5694,2417453373.jpg
5695,2417617305.jpg
5696,2417623030.jpg
5697,2417701468.jpg
5698,2417745327.jpg
5699,241788774.jpg
5700,2418191216.jpg
5701,2418265815.jpg
5702,24183660.jpg
5703,24186977.jpg
5704,24187380.jpg
5705,24187497.jpg
5706,24187978.jpg
5707,24188477.jpg
5708,2419186511.jpg
5709,2419221084.jpg
5710,2419569803.jpg
5711,2419591925.jpg
5712,241959826.jpg
5713,241979236.jpg
5714,2419797375.jpg
5715,2419816094.jpg
5716,2420457108.jpg
5717,2420516613.jpg
5718,2420546021.jpg
5719,2420549526.jpg
5720,242064301.jpg
5721,2420696992.jpg
5722,2420730259.jpg
5723,242109387.jpg
5724,2421116868.jpg
5725,2421156369.jpg
5726,2421340833.jpg
5727,2421367904.jpg
5728,2421446839.jpg
5729,2421659692.jpg
5730,2421801040.jpg
5731,2421822611.jpg
5732,2421823977.jpg
5733,2421824039.jpg
5734,2421824693.jpg
5735,2421965120.jpg
5736,2422018883.jpg
5737,242216901.jpg
5738,2422233191.jpg
5739,2422302286.jpg
5740,2422482455.jpg
5741,2422589651.jpg
5742,2422634406.jpg
5743,2422635080.jpg
5744,2422635544.jpg
5745,2422637172.jpg
5746,24226660.jpg
5747,242272464.jpg
5748,2422898984.jpg
5749,2423042595.jpg
5750,2423085253.jpg
5751,2423118738.jpg
5752,2423138514.jpg
5753,242324909.jpg
5754,2423254262.jpg
5755,2423277850.jpg
5756,2423292784.jpg
5757,242338466.jpg
5758,2423550887.jpg
5759,2423856014.jpg
5760,2423886164.jpg
5761,2423894412.jpg
5762,2423900639.jpg
5763,2423937824.jpg
5764,242397237.jpg
5765,2424111022.jpg
5766,2424250856.jpg
5767,2424398046.jpg
5768,2424556844.jpg
5769,2424620984.jpg
5770,2424716158.jpg
5771,2424976964.jpg
5772,2425062226.jpg
5773,2425148763.jpg
5774,2425262733.jpg
5775,2425381259.jpg
5776,2425411995.jpg
5777,2425532035.jpg
5778,242558556.jpg
5779,242559369.jpg
5780,2426047791.jpg
5781,2426215757.jpg
5782,2426252889.jpg
5783,2426303900.jpg
5784,242658502.jpg
5785,2426724282.jpg
5786,2426781076.jpg
5787,2426795961.jpg
5788,2426828433.jpg
5789,2426958307.jpg
5790,2427094466.jpg
5791,2427393337.jpg
5792,2427490900.jpg
5793,2427558437.jpg
5794,2427731202.jpg
5795,2427840554.jpg
5796,2428086758.jpg
5797,2428088070.jpg
5798,2428094795.jpg
5799,2428275562.jpg
5800,2428509475.jpg
5801,2428751994.jpg
5802,2428753812.jpg
5803,2428797297.jpg
5804,2428912710.jpg
5805,2428959030.jpg
5806,2428997777.jpg
5807,242912998.jpg
5808,2429175207.jpg
5809,2429212017.jpg
5810,2429227535.jpg
5811,2429243285.jpg
5812,2429272699.jpg
5813,2429284131.jpg
5814,2429305809.jpg
5815,2429366041.jpg
5816,2429369147.jpg
5817,2429391789.jpg
5818,2429399563.jpg
5819,2429405579.jpg
5820,2429464837.jpg
5821,2429466917.jpg
5822,2429505595.jpg
5823,2429579784.jpg
5824,2429729667.jpg
5825,242984829.jpg
5826,2429974376.jpg
5827,2429978680.jpg
5828,2430018178.jpg
5829,2430037096.jpg
5830,2430085858.jpg
5831,243015377.jpg
5832,2430216444.jpg
5833,2430223532.jpg
5834,2430234766.jpg
5835,2430269210.jpg
5836,2430860418.jpg
5837,2431120202.jpg
5838,2431470169.jpg
5839,243162937.jpg
5840,2431723485.jpg
5841,2431832075.jpg
5842,2432038587.jpg
5843,2432061076.jpg
5844,24321040.jpg
5845,24321674.jpg
5846,2432584943.jpg
5847,2432634169.jpg
5848,2432709509.jpg
5849,2433175169.jpg
5850,2433178831.jpg
5851,243380205.jpg
5852,2434006663.jpg
5853,2434010943.jpg
5854,2434074318.jpg
5855,243416847.jpg
5856,2434440010.jpg
5857,2434440948.jpg
5858,2434694631.jpg
5859,2434710077.jpg
5860,2435166927.jpg
5861,2435482148.jpg
5862,2435486484.jpg
5863,2435508244.jpg
5864,2435518586.jpg
5865,2435536626.jpg
5866,2435543046.jpg
5867,24355644.jpg
5868,2435685480.jpg
5869,2435804989.jpg
5870,2436081047.jpg
5871,2436160351.jpg
5872,2436398074.jpg
5873,2436549353.jpg
5874,2436897339.jpg
5875,243711191.jpg
5876,2437266971.jpg
5877,243728508.jpg
5878,2437392162.jpg
5879,2437695339.jpg
5880,2437766095.jpg
5881,2437798869.jpg
5882,2437799265.jpg
5883,2437874982.jpg
5884,2437917174.jpg
5885,243795144.jpg
5886,2438085746.jpg
5887,2438452274.jpg
5888,2438616168.jpg
5889,2438726098.jpg
5890,2438728474.jpg
5891,2438754748.jpg
5892,2438847889.jpg
5893,2438950574.jpg
5894,2439031566.jpg
5895,2439154641.jpg
5896,2439384468.jpg
5897,243952171.jpg
5898,2439663077.jpg
5899,2439813616.jpg
5900,2439942035.jpg
5901,244001457.jpg
5902,2440052951.jpg
5903,2440290287.jpg
5904,2440293351.jpg
5905,2440296239.jpg
5906,2440300227.jpg
5907,2440309761.jpg
5908,244073535.jpg
5909,2441118178.jpg
5910,2441313372.jpg
5911,2441354291.jpg
5912,2441629086.jpg
5913,2441815792.jpg
5914,2441817857.jpg
5915,2441817905.jpg
5916,2441818017.jpg
5917,2441818043.jpg
5918,2441818133.jpg
5919,2441818175.jpg
5920,2442012496.jpg
5921,2442243868.jpg
5922,2442581927.jpg
5923,2442648194.jpg
5924,2442648312.jpg
5925,2442648548.jpg
5926,2442662073.jpg
5927,2442856921.jpg
5928,244315760.jpg
5929,2443229844.jpg
5930,2443241477.jpg
5931,2443244771.jpg
5932,2443380641.jpg
5933,2443384834.jpg
5934,244344740.jpg
5935,2443512473.jpg
5936,244360246.jpg
5937,244367131.jpg
5938,244368383.jpg
5939,2443938628.jpg
5940,244399048.jpg
5941,2444070322.jpg
5942,2444073390.jpg
5943,2444134813.jpg
5944,2444339090.jpg
5945,244443352.jpg
5946,2444527362.jpg
5947,2444664718.jpg
5948,2444741900.jpg
5949,2444821454.jpg
5950,2444935470.jpg
5951,2445050754.jpg
5952,2445052906.jpg
5953,2445069108.jpg
5954,2445234281.jpg
5955,244526389.jpg
5956,2445283938.jpg
5957,2445397614.jpg
5958,2445442929.jpg
5959,2445654384.jpg
5960,244571201.jpg
5961,2445783904.jpg
5962,244587650.jpg
5963,2445966669.jpg
5964,2445968431.jpg
5965,2446009833.jpg
5966,2446012371.jpg
5967,2446014453.jpg
5968,2446021729.jpg
5969,2446244213.jpg
5970,2446255439.jpg
5971,2446315531.jpg
5972,2446601467.jpg
5973,24467676.jpg
5974,2446783262.jpg
5975,2446830166.jpg
5976,2446839286.jpg
5977,2446842020.jpg
5978,2446846666.jpg
5979,2446924427.jpg
5980,2446928343.jpg
5981,2446928775.jpg
5982,2446932233.jpg
5983,2447017958.jpg
5984,2447035752.jpg
5985,2447052614.jpg
5986,2447284966.jpg
5987,2447289477.jpg
5988,244760289.jpg
5989,244760301.jpg
5990,244774022.jpg
5991,2447750378.jpg
5992,2447754764.jpg
5993,2447972568.jpg
5994,244799313.jpg
5995,244812876.jpg
5996,2448172829.jpg
5997,2448210587.jpg
5998,2448270671.jpg
5999,244829722.jpg
6000,2448393373.jpg
6001,2448551720.jpg
6002,244867897.jpg
6003,244870123.jpg
6004,2448741990.jpg
6005,2448793019.jpg
6006,244910130.jpg
6007,244910177.jpg
6008,2449289139.jpg
6009,2449446913.jpg
6010,2449518585.jpg
6011,2449552677.jpg
6012,24498061.jpg
6013,2449973721.jpg
6014,2450299735.jpg
6015,2450403073.jpg
6016,2450453051.jpg
6017,2450461962.jpg
6018,2450468977.jpg
6019,2450486758.jpg
6020,2451114871.jpg
6021,2451253577.jpg
6022,2451285022.jpg
6023,245133696.jpg
6024,2451346427.jpg
6025,2451988767.jpg
6026,2452238877.jpg
6027,2452334314.jpg
6028,245252561.jpg
6029,2452591587.jpg
6030,2452605610.jpg
6031,2452686995.jpg
6032,2452794213.jpg
6033,2452852757.jpg
6034,245307666.jpg
6035,2453318633.jpg
6036,245358696.jpg
6037,2453891449.jpg
6038,2453971388.jpg
6039,2453990033.jpg
6040,2454054454.jpg
6041,2454062644.jpg
6042,2454189540.jpg
6043,245442617.jpg
6044,245460010.jpg
6045,2454734567.jpg
6046,2454923455.jpg
6047,2454932897.jpg
6048,2454978374.jpg
6049,2455286250.jpg
6050,2455300855.jpg
6051,2455528149.jpg
6052,2455649051.jpg
6053,2455649161.jpg
6054,2455800418.jpg
6055,2455900347.jpg
6056,2456030728.jpg
6057,2456472092.jpg
6058,2456532329.jpg
6059,2456615908.jpg
6060,2456675104.jpg
6061,2456698090.jpg
6062,2456907314.jpg
6063,2457052334.jpg
6064,2457704387.jpg
6065,2458006588.jpg
6066,2458033289.jpg
6067,245815603.jpg
6068,2458269558.jpg
6069,245844116.jpg
6070,2458444461.jpg
6071,245845539.jpg
6072,2458543148.jpg
6073,245858959.jpg
6074,2458862292.jpg
6075,245895500.jpg
6076,2459969265.jpg
6077,2460126267.jpg
6078,2460134050.jpg
6079,2460159430.jpg
6080,2460188548.jpg
6081,246041128.jpg
6082,2460467896.jpg
6083,2460477085.jpg
6084,2460555896.jpg
6085,246055693.jpg
6086,2460568004.jpg
6087,2460797929.jpg
6088,2460799229.jpg
6089,2460804866.jpg
6090,2460823604.jpg
6091,246094557.jpg
6092,246095918.jpg
6093,246120654.jpg
6094,2461372011.jpg
6095,2461616306.jpg
6096,2461631708.jpg
6097,2461641557.jpg
6098,2461641877.jpg
6099,2461990494.jpg
6100,2462153092.jpg
6101,2462222370.jpg
6102,246231741.jpg
6103,2462702522.jpg
6104,246300869.jpg
6105,2463067409.jpg
6106,2463175324.jpg
6107,2463394631.jpg
6108,2463403123.jpg
6109,246343513.jpg
6110,2463692128.jpg
6111,2463991834.jpg
6112,2464118785.jpg
6113,2464259416.jpg
6114,2464311348.jpg
6115,246508774.jpg
6116,2465114852.jpg
6117,24651801.jpg
6118,2465218087.jpg
6119,2465441099.jpg
6120,2465497494.jpg
6121,2465691083.jpg
6122,246581414.jpg
6123,2466093839.jpg
6124,2466171100.jpg
6125,2466171114.jpg
6126,2466412466.jpg
6127,2466420387.jpg
6128,2466495935.jpg
6129,2466562986.jpg
6130,24666160.jpg
6131,2466712155.jpg
6132,2466917521.jpg
6133,2466935377.jpg
6134,246704758.jpg
6135,2467326012.jpg
6136,2467354185.jpg
6137,2467362256.jpg
6138,2467803152.jpg
6139,2467821766.jpg
6140,2467850190.jpg
6141,2467853482.jpg
6142,2467856402.jpg
6143,2468058000.jpg
6144,2468466969.jpg
6145,2468906010.jpg
6146,2468921460.jpg
6147,246901891.jpg
6148,2469158783.jpg
6149,2469286433.jpg
6150,2469351714.jpg
6151,246941783.jpg
6152,2469495561.jpg
6153,2469498117.jpg
6154,2469620360.jpg
6155,2469638631.jpg
6156,2469827608.jpg
6157,2469878877.jpg
6158,2470090389.jpg
6159,2470168798.jpg
6160,2470317702.jpg
6161,2470318576.jpg
6162,2470486377.jpg
6163,2470493181.jpg
6164,2470519275.jpg
6165,2470519984.jpg
6166,2470588201.jpg
6167,2470899884.jpg
6168,247097023.jpg
6169,24710703.jpg
6170,2471184383.jpg
6171,2471297228.jpg
6172,2471447879.jpg
6173,2471493193.jpg
6174,2471493912.jpg
6175,2471525587.jpg
6176,247188294.jpg
6177,247189554.jpg
6178,2471974379.jpg
6179,2472250097.jpg
6180,247248892.jpg
6181,2472574160.jpg
6182,2472620707.jpg
6183,2472634822.jpg
6184,2472678549.jpg
6185,2472720629.jpg
6186,2472896179.jpg
6187,2472980433.jpg
6188,2472992528.jpg
6189,2473018628.jpg
6190,2473188198.jpg
6191,2473271288.jpg
6192,2473293833.jpg
6193,247341893.jpg
6194,2473689180.jpg
6195,2473737724.jpg
6196,2473738924.jpg
6197,2473791980.jpg
6198,2473955843.jpg
6199,2473956981.jpg
6200,2473965779.jpg
6201,2474047296.jpg
6202,2474092890.jpg
6203,2474115124.jpg
6204,2474480672.jpg
6205,2474483208.jpg
6206,2474615549.jpg
6207,247470362.jpg
6208,247470609.jpg
6209,247470711.jpg
6210,2474776724.jpg
6211,2474785004.jpg
6212,2474918824.jpg
6213,2475131029.jpg
6214,2475162978.jpg
6215,2475300106.jpg
6216,2475544216.jpg
6217,2475640704.jpg
6218,2475959402.jpg
6219,24759839.jpg
6220,24761526.jpg
6221,247617035.jpg
6222,247617754.jpg
6223,247618600.jpg
6224,247619370.jpg
6225,2476214153.jpg
6226,247637795.jpg
6227,2476503534.jpg
6228,247652942.jpg
6229,2476656359.jpg
6230,24767513.jpg
6231,24767778.jpg
6232,247691240.jpg
6233,2477013303.jpg
6234,247704641.jpg
6235,247706586.jpg
6236,2477121456.jpg
6237,24772114.jpg
6238,2477623312.jpg
6239,247778426.jpg
6240,2477900423.jpg
6241,2477925561.jpg
6242,247874544.jpg
6243,2478929971.jpg
6244,2479162876.jpg
6245,2479180530.jpg
6246,2479553749.jpg
6247,2479652566.jpg
6248,2479812637.jpg
6249,2480000122.jpg
6250,2480021389.jpg
6251,2480158575.jpg
6252,2480327661.jpg
6253,2480333312.jpg
6254,2480664591.jpg
6255,2480668859.jpg
6256,2480820830.jpg
6257,2480832276.jpg
6258,2480850054.jpg
6259,2481001259.jpg
6260,2481003841.jpg
6261,2481082525.jpg
6262,2481116473.jpg
6263,2481321058.jpg
6264,2481367956.jpg
6265,2481413714.jpg
6266,2481490320.jpg
6267,248151015.jpg
6268,24815360.jpg
6269,2481598514.jpg
6270,248174959.jpg
6271,2481968683.jpg
6272,2482097485.jpg
6273,2482588693.jpg
6274,2482629385.jpg
6275,2482736211.jpg
6276,24830572.jpg
6277,24832988.jpg
6278,248341940.jpg
6279,2483495637.jpg
6280,2483666380.jpg
6281,24837637.jpg
6282,2483783092.jpg
6283,2483792149.jpg
6284,2483993772.jpg
6285,2483993827.jpg
6286,2484190118.jpg
6287,2484380735.jpg
6288,248482305.jpg
6289,2485341434.jpg
6290,2485350659.jpg
6291,2485467050.jpg
6292,2485788356.jpg
6293,2486364531.jpg
6294,248646530.jpg
6295,2486490836.jpg
6296,248698033.jpg
6297,2487069642.jpg
6298,2487113840.jpg
6299,248851880.jpg
6300,248858242.jpg
6301,248873392.jpg
6302,2488783398.jpg
6303,2488795251.jpg
6304,2489084679.jpg
6305,2489507137.jpg
6306,2489585777.jpg
6307,2489602993.jpg
6308,2489844419.jpg
6309,248994078.jpg
6310,2490179961.jpg
6311,2490365757.jpg
6312,249053580.jpg
6313,2490687446.jpg
6314,2490768374.jpg
6315,2490863987.jpg
6316,2491097111.jpg
6317,2491261614.jpg
6318,2491265237.jpg
6319,2491343114.jpg
6320,249147570.jpg
6321,2491572971.jpg
6322,2492258999.jpg
6323,2493469969.jpg
6324,2493699743.jpg
6325,2493700559.jpg
6326,2493701633.jpg
6327,2493782805.jpg
6328,2493825916.jpg
6329,249394748.jpg
6330,2493974889.jpg
6331,2494088238.jpg
6332,2494259543.jpg
6333,2494518978.jpg
6334,2494519230.jpg
6335,2494519396.jpg
6336,2494520072.jpg
6337,2494520404.jpg
6338,2494562446.jpg
6339,24947103.jpg
6340,249481696.jpg
6341,2494822758.jpg
6342,2495204443.jpg
6343,2495394666.jpg
6344,2495931537.jpg
6345,2496127886.jpg
6346,2496236371.jpg
6347,2496370758.jpg
6348,2496399593.jpg
6349,2496523295.jpg
6350,2496713113.jpg
6351,249689149.jpg
6352,2497074804.jpg
6353,2497343616.jpg
6354,2497420371.jpg
6355,249757010.jpg
6356,2497608431.jpg
6357,2497747805.jpg
6358,2497934789.jpg
6359,2498019634.jpg
6360,2498093487.jpg
6361,2498700986.jpg
6362,2498897831.jpg
6363,2499489346.jpg
6364,2500028059.jpg
6365,2500354186.jpg
6366,2500467647.jpg
6367,2500551520.jpg
6368,2500567791.jpg
6369,2500582887.jpg
6370,2500720722.jpg
6371,2500785647.jpg
6372,2500826039.jpg
6373,2500864135.jpg
6374,2501232125.jpg
6375,2501548593.jpg
6376,2501595799.jpg
6377,2501742763.jpg
6378,2501942587.jpg
6379,2501968935.jpg
6380,2502007071.jpg
6381,2502079538.jpg
6382,2502115872.jpg
6383,2502248149.jpg
6384,2502250148.jpg
6385,2502354602.jpg
6386,2502375224.jpg
6387,2502597417.jpg
6388,2502782508.jpg
6389,2502835694.jpg
6390,2502856739.jpg
6391,2502905671.jpg
6392,2502935765.jpg
6393,2502975562.jpg
6394,2503048293.jpg
6395,2503074204.jpg
6396,2503091968.jpg
6397,2503169353.jpg
6398,2503250992.jpg
6399,250343744.jpg
6400,250346988.jpg
6401,2503629305.jpg
6402,2503678250.jpg
6403,2503989120.jpg
6404,2503996814.jpg
6405,2504007911.jpg
6406,2504010674.jpg
6407,2504056718.jpg
6408,250406927.jpg
6409,2504269717.jpg
6410,2504277798.jpg
6411,2504683345.jpg
6412,2504704808.jpg
6413,2504764590.jpg
6414,2504991916.jpg
6415,2505056124.jpg
6416,2505080204.jpg
6417,2505360288.jpg
6418,2505465055.jpg
6419,2505982881.jpg
6420,2505988632.jpg
6421,2506050069.jpg
6422,2506113060.jpg
6423,2506460104.jpg
6424,250667312.jpg
6425,2506703854.jpg
6426,2506892928.jpg
6427,250699226.jpg
6428,2507182524.jpg
6429,2507312812.jpg
6430,2507349105.jpg
6431,2507431891.jpg
6432,2507687411.jpg
6433,2507831979.jpg
6434,2508019949.jpg
6435,2508024467.jpg
6436,2508024651.jpg
6437,2508249781.jpg
6438,2508313118.jpg
6439,2508511510.jpg
6440,2508512414.jpg
6441,2508515814.jpg
6442,2508548748.jpg
6443,2508837436.jpg
6444,2508837624.jpg
6445,2508838358.jpg
6446,2508843920.jpg
6447,2508850304.jpg
6448,2508851882.jpg
6449,2508852288.jpg
6450,2508918369.jpg
6451,250892549.jpg
6452,250906961.jpg
6453,250920412.jpg
6454,2509824208.jpg
6455,2509912399.jpg
6456,2510020918.jpg
6457,2510029990.jpg
6458,2510197716.jpg
6459,251034921.jpg
6460,2510560080.jpg
6461,251056963.jpg
6462,2511019188.jpg
6463,2511565376.jpg
6464,2511752119.jpg
6465,2511759131.jpg
6466,2511760873.jpg
6467,2511762757.jpg
6468,2511782353.jpg
6469,2511786415.jpg
6470,2511787709.jpg
6471,2511794705.jpg
6472,2511798599.jpg
6473,2512447018.jpg
6474,2512450458.jpg
6475,2512571420.jpg
6476,2512585330.jpg
6477,2512586304.jpg
6478,2512587682.jpg
6479,2512602042.jpg
6480,2512620520.jpg
6481,2512682478.jpg
6482,2512683710.jpg
6483,2512876666.jpg
6484,2512905710.jpg
6485,2513060654.jpg
6486,251308607.jpg
6487,2513216023.jpg
6488,2513260012.jpg
6489,2513594933.jpg
6490,2513740120.jpg
6491,2513923598.jpg
6492,2514570594.jpg
6493,2514571664.jpg
6494,2514581496.jpg
6495,2514612680.jpg
6496,2514667945.jpg
6497,251489987.jpg
6498,2515247156.jpg
6499,2515372403.jpg
6500,2515822745.jpg
6501,251586160.jpg
6502,2516172139.jpg
6503,2516266928.jpg
6504,2516317118.jpg
6505,2516649032.jpg
6506,25166900.jpg
6507,2517082705.jpg
6508,2517284816.jpg
6509,2517489722.jpg
6510,2517553414.jpg
6511,2517637587.jpg
6512,2517646066.jpg
6513,251792066.jpg
6514,2518094853.jpg
6515,2518219912.jpg
6516,2518508760.jpg
6517,2518550484.jpg
6518,2518853257.jpg
6519,251886775.jpg
6520,2519183562.jpg
6521,2519272882.jpg
6522,2519483556.jpg
6523,2519585357.jpg
6524,251958970.jpg
6525,2519594430.jpg
6526,2519812011.jpg
6527,2520068623.jpg
6528,2520255786.jpg
6529,252039335.jpg
6530,2520403742.jpg
6531,252053285.jpg
6532,252054933.jpg
6533,2520799246.jpg
6534,2520892855.jpg
6535,2520909293.jpg
6536,2520966939.jpg
6537,2521048583.jpg
6538,2521062020.jpg
6539,2521213787.jpg
6540,252124738.jpg
6541,252141930.jpg
6542,252151991.jpg
6543,2521554403.jpg
6544,2521770311.jpg
6545,2521788750.jpg
6546,2521794926.jpg
6547,252180174.jpg
6548,2521878609.jpg
6549,2521938720.jpg
6550,2521938802.jpg
6551,2521983429.jpg
6552,252210274.jpg
6553,2522230304.jpg
6554,2522297487.jpg
6555,252244149.jpg
6556,2522467011.jpg
6557,2522498597.jpg
6558,2522540026.jpg
6559,252266108.jpg
6560,2522809984.jpg
6561,2522815171.jpg
6562,2522995166.jpg
6563,2523307750.jpg
6564,2523934341.jpg
6565,2524003134.jpg
6566,2524056664.jpg
6567,2524066437.jpg
6568,2524084967.jpg
6569,2524768589.jpg
6570,2524779834.jpg
6571,2524831824.jpg
6572,2524947025.jpg
6573,252504549.jpg
6574,2525228677.jpg
6575,2525232298.jpg
6576,2525270674.jpg
6577,2525298345.jpg
6578,2525455265.jpg
6579,2525471610.jpg
6580,2525552286.jpg
6581,2525578978.jpg
6582,2525666287.jpg
6583,2525695288.jpg
6584,2525716531.jpg
6585,252578659.jpg
6586,2525805067.jpg
6587,2525871909.jpg
6588,2525898056.jpg
6589,2525898604.jpg
6590,2526041608.jpg
6591,2526086176.jpg
6592,2526412711.jpg
6593,2526585002.jpg
6594,2526752524.jpg
6595,25268657.jpg
6596,2526989006.jpg
6597,2527163162.jpg
6598,2527303359.jpg
6599,2527411111.jpg
6600,2527525680.jpg
6601,2527628435.jpg
6602,2527713011.jpg
6603,2527829321.jpg
6604,252802010.jpg
6605,2528076469.jpg
6606,2528117348.jpg
6607,2528222135.jpg
6608,2528395479.jpg
6609,252846811.jpg
6610,2528489543.jpg
6611,2528521798.jpg
6612,2528547068.jpg
6613,2528552898.jpg
6614,2529017800.jpg
6615,2529116152.jpg
6616,2529205842.jpg
6617,2529226054.jpg
6618,252924535.jpg
6619,2530455664.jpg
6620,2530468893.jpg
6621,2531074685.jpg
6622,253109856.jpg
6623,2531273794.jpg
6624,2531496753.jpg
6625,2531531143.jpg
6626,2531531628.jpg
6627,2531794051.jpg
6628,2531837969.jpg
6629,2531924570.jpg
6630,2531942624.jpg
6631,2532047708.jpg
6632,2532262109.jpg
6633,2532294586.jpg
6634,2533010184.jpg
6635,2533076864.jpg
6636,253320564.jpg
6637,2533414541.jpg
6638,253341587.jpg
6639,2533424347.jpg
6640,253359311.jpg
6641,2533642917.jpg
6642,2533733805.jpg
6643,2534137886.jpg
6644,2534194182.jpg
6645,2534352312.jpg
6646,2534424894.jpg
6647,2534502836.jpg
6648,2534652796.jpg
6649,2534655741.jpg
6650,2534904279.jpg
6651,2535300381.jpg
6652,2535447414.jpg
6653,2535619827.jpg
6654,2535746605.jpg
6655,2536004597.jpg
6656,2536434720.jpg
6657,2536510502.jpg
6658,253664826.jpg
6659,253665940.jpg
6660,2536772737.jpg
6661,2536781293.jpg
6662,2536787269.jpg
6663,2536792809.jpg
6664,2536794507.jpg
6665,2536799945.jpg
6666,2536808189.jpg
6667,2536850983.jpg
6668,2536853135.jpg
6669,2536853263.jpg
6670,2536858553.jpg
6671,2536863537.jpg
6672,2536875357.jpg
6673,2536876757.jpg
6674,2536881159.jpg
6675,2536889705.jpg
6676,2536933695.jpg
6677,2536939367.jpg
6678,2536943209.jpg
6679,2536946133.jpg
6680,2536950059.jpg
6681,2536957963.jpg
6682,2536965203.jpg
6683,2536977405.jpg
6684,2536978777.jpg
6685,2536985327.jpg
6686,2536985499.jpg
6687,2536991887.jpg
6688,2536993581.jpg
6689,2536995789.jpg
6690,2536998057.jpg
6691,2537000363.jpg
6692,2537002791.jpg
6693,2537021135.jpg
6694,2537030709.jpg
6695,2537034263.jpg
6696,2537119659.jpg
6697,2537197415.jpg
6698,2537544551.jpg
6699,2537578924.jpg
6700,2537580694.jpg
6701,2537583012.jpg
6702,2537584620.jpg
6703,2537586970.jpg
6704,2537592566.jpg
6705,2537594884.jpg
6706,2537596840.jpg
6707,2537601290.jpg
6708,2537603442.jpg
6709,2537611154.jpg
6710,2537615024.jpg
6711,2537616702.jpg
6712,2537620224.jpg
6713,2537620898.jpg
6714,2537624884.jpg
6715,253762507.jpg
6716,2537665596.jpg
6717,2537678956.jpg
6718,2537683592.jpg
6719,2537692668.jpg
6720,2537697530.jpg
6721,2537702182.jpg
6722,2537709684.jpg
6723,2537755800.jpg
6724,2537757752.jpg
6725,2537758674.jpg
6726,2537767592.jpg
6727,2537799272.jpg
6728,2537801630.jpg
6729,2537802214.jpg
6730,2537806838.jpg
6731,2537817814.jpg
6732,2537818182.jpg
6733,2537818472.jpg
6734,2537819002.jpg
6735,2537824216.jpg
6736,2537824400.jpg
6737,253800791.jpg
6738,2538423833.jpg
6739,2538477523.jpg
6740,2538588862.jpg
6741,2538642969.jpg
6742,2538662929.jpg
6743,2539157885.jpg
6744,253924161.jpg
6745,2539357436.jpg
6746,253958810.jpg
6747,2539603374.jpg
6748,2539883133.jpg
6749,2539933563.jpg
6750,2539986946.jpg
6751,2540203582.jpg
6752,2540312065.jpg
6753,2540326842.jpg
6754,2540360421.jpg
6755,2540689088.jpg
6756,2540750172.jpg
6757,2540751930.jpg
6758,2540757246.jpg
6759,2540884723.jpg
6760,2540972205.jpg
6761,2541104331.jpg
6762,25411181.jpg
6763,254119388.jpg
6764,254133261.jpg
6765,2541462585.jpg
6766,254148000.jpg
6767,2541483099.jpg
6768,2541485875.jpg
6769,254153310.jpg
6770,2541583449.jpg
6771,254166641.jpg
6772,254169701.jpg
6773,2541701582.jpg
6774,254178173.jpg
6775,2541901399.jpg
6776,2541939817.jpg
6777,2541966585.jpg
6778,2542037086.jpg
6779,2542163492.jpg
6780,2542282004.jpg
6781,2542285730.jpg
6782,2542292902.jpg
6783,2542293294.jpg
6784,2542296804.jpg
6785,2542299880.jpg
6786,2542304168.jpg
6787,2542355262.jpg
6788,2542415282.jpg
6789,2542432380.jpg
6790,2542662402.jpg
6791,254295381.jpg
6792,2543017787.jpg
6793,254308532.jpg
6794,2543247940.jpg
6795,2543253343.jpg
6796,2543589122.jpg
6797,2543679402.jpg
6798,2544134113.jpg
6799,2544182005.jpg
6800,2544192243.jpg
6801,2544246151.jpg
6802,2544426580.jpg
6803,254445389.jpg
6804,254475194.jpg
6805,254478202.jpg
6806,254484670.jpg
6807,2545192257.jpg
6808,254527963.jpg
6809,2545282421.jpg
6810,2545363449.jpg
6811,254555172.jpg
6812,2545723691.jpg
6813,2545915119.jpg
6814,2546110019.jpg
6815,2546149002.jpg
6816,2546667441.jpg
6817,2546959333.jpg
6818,2547137089.jpg
6819,2547273673.jpg
6820,2547291721.jpg
6821,254730529.jpg
6822,2547366477.jpg
6823,2547785434.jpg
6824,2547956926.jpg
6825,2547957252.jpg
6826,2548027495.jpg
6827,2548674570.jpg
6828,2548777800.jpg
6829,2548795330.jpg
6830,254901702.jpg
6831,2549203985.jpg
6832,2549228224.jpg
6833,2549253807.jpg
6834,2549405357.jpg
6835,2549452277.jpg
6836,2549819434.jpg
6837,2549933281.jpg
6838,2549946671.jpg
6839,2549950283.jpg
6840,2549968784.jpg
6841,2550011909.jpg
6842,2550027486.jpg
6843,2550071408.jpg
6844,2550109269.jpg
6845,2550254529.jpg
6846,2550413325.jpg
6847,2550645926.jpg
6848,2550646414.jpg
6849,2550669018.jpg
6850,2550710624.jpg
6851,2550731326.jpg
6852,255073988.jpg
6853,2550756380.jpg
6854,255091927.jpg
6855,255091930.jpg
6856,2551007516.jpg
6857,2551344688.jpg
6858,2551602773.jpg
6859,2551632823.jpg
6860,2551697465.jpg
6861,2552207770.jpg
6862,2552419863.jpg
6863,2552438538.jpg
6864,255266148.jpg
6865,2552723989.jpg
6866,2552816307.jpg
6867,2552931945.jpg
6868,2552949275.jpg
6869,2553024095.jpg
6870,2553089098.jpg
6871,2553131080.jpg
6872,2553188198.jpg
6873,255330891.jpg
6874,25534384.jpg
6875,2553550034.jpg
6876,2553619107.jpg
6877,2554081584.jpg
6878,2554531876.jpg
6879,2554546648.jpg
6880,2554562324.jpg
6881,2554570943.jpg
6882,2554586230.jpg
6883,2554929458.jpg
6884,2555039117.jpg
6885,2555511067.jpg
6886,2555521861.jpg
6887,2555535057.jpg
6888,2555536389.jpg
6889,2555545571.jpg
6890,2555622234.jpg
6891,2555638166.jpg
6892,2555760012.jpg
6893,2555809473.jpg
6894,2556392380.jpg
6895,2556650904.jpg
6896,2557059247.jpg
6897,2557129157.jpg
6898,2557369301.jpg
6899,255741044.jpg
6900,2557507575.jpg
6901,2557801204.jpg
6902,2557805364.jpg
6903,2557854909.jpg
6904,2557922709.jpg
6905,2557972410.jpg
6906,2557998845.jpg
6907,2558312618.jpg
6908,2558512615.jpg
6909,255863389.jpg
6910,2558823972.jpg
6911,2558911884.jpg
6912,25589701.jpg
6913,2559114800.jpg
6914,2559260825.jpg
6915,2559503010.jpg
6916,2559638792.jpg
6917,2559921948.jpg
6918,2560278143.jpg
6919,2560388887.jpg
6920,2560482030.jpg
6921,25604966.jpg
6922,256063.jpg
6923,256085101.jpg
6924,2560981288.jpg
6925,2561190409.jpg
6926,2561212119.jpg
6927,2561295656.jpg
6928,2561310673.jpg
6929,2561319255.jpg
6930,2561334141.jpg
6931,2561341745.jpg
6932,2561481438.jpg
6933,2561751298.jpg
6934,2561849813.jpg
6935,2562166462.jpg
6936,2562347802.jpg
6937,2562377955.jpg
6938,2562463210.jpg
6939,2562483332.jpg
6940,256278251.jpg
6941,256283122.jpg
6942,256292144.jpg
6943,2563043367.jpg
6944,2563225490.jpg
6945,2563324181.jpg
6946,2563482243.jpg
6947,2563578471.jpg
6948,2563766793.jpg
6949,256405548.jpg
6950,2564144246.jpg
6951,2564285087.jpg
6952,256428765.jpg
6953,2564331065.jpg
6954,256439287.jpg
6955,256444892.jpg
6956,2564663851.jpg
6957,2564888404.jpg
6958,2565087972.jpg
6959,2565237642.jpg
6960,2565302802.jpg
6961,2565350330.jpg
6962,2565511567.jpg
6963,2565539201.jpg
6964,2565567340.jpg
6965,2565618804.jpg
6966,2565657591.jpg
6967,2565685680.jpg
6968,2565703445.jpg
6969,2565733340.jpg
6970,2565847129.jpg
6971,2566130554.jpg
6972,2566140647.jpg
6973,2566142607.jpg
6974,2566149779.jpg
6975,2566177949.jpg
6976,2566294211.jpg
6977,2566970328.jpg
6978,256698336.jpg
6979,2567035103.jpg
6980,2567145979.jpg
6981,2567554362.jpg
6982,2567812221.jpg
6983,2567962271.jpg
6984,2568065443.jpg
6985,2568173994.jpg
6986,2568234923.jpg
6987,2568347901.jpg
6988,2568417021.jpg
6989,2568656919.jpg
6990,2568792780.jpg
6991,2569563041.jpg
6992,256958382.jpg
6993,2569643552.jpg
6994,2569653795.jpg
6995,2569800008.jpg
6996,257000323.jpg
6997,2570026554.jpg
6998,257009770.jpg
6999,2570365455.jpg
7000,2570559405.jpg
7001,2571096893.jpg
7002,257180093.jpg
7003,2572101672.jpg
7004,2572575687.jpg
7005,2572584029.jpg
7006,2572601229.jpg
7007,2572604969.jpg
7008,2572609425.jpg
7009,2572667907.jpg
7010,2572710697.jpg
7011,2572712647.jpg
7012,2572810231.jpg
7013,2572812372.jpg
7014,2572815587.jpg
7015,2572817235.jpg
7016,2572988399.jpg
7017,2572988623.jpg
7018,2573008329.jpg
7019,2573009655.jpg
7020,2573009825.jpg
7021,2573138540.jpg
7022,2573140722.jpg
7023,2573141440.jpg
7024,2573409286.jpg
7025,2573535658.jpg
7026,2573625591.jpg
7027,2573667207.jpg
7028,2573762303.jpg
7029,2573810556.jpg
7030,2573811416.jpg
7031,2573830838.jpg
7032,2573831706.jpg
7033,2573969957.jpg
7034,2574084102.jpg
7035,2574194729.jpg
7036,2574230252.jpg
7037,2574247263.jpg
7038,2574509968.jpg
7039,257456026.jpg
7040,2574683131.jpg
7041,2574824768.jpg
7042,2574886804.jpg
7043,2575233295.jpg
7044,2575358644.jpg
7045,2575372856.jpg
7046,2575647360.jpg
7047,2575846076.jpg
7048,257588281.jpg
7049,2575887239.jpg
7050,2576407111.jpg
7051,2576878141.jpg
7052,257699783.jpg
7053,257713504.jpg
7054,25772368.jpg
7055,2577341001.jpg
7056,2577450794.jpg
7057,25774845.jpg
7058,257765654.jpg
7059,2577736128.jpg
7060,2577802195.jpg
7061,2577872862.jpg
7062,2577972703.jpg
7063,2578003921.jpg
7064,2578161080.jpg
7065,2578289278.jpg
7066,2578395598.jpg
7067,2578577049.jpg
7068,2578834476.jpg
7069,2578952418.jpg
7070,2579009103.jpg
7071,2579266054.jpg
7072,2579268572.jpg
7073,2579330918.jpg
7074,2579460386.jpg
7075,2579490116.jpg
7076,2579572274.jpg
7077,2579625460.jpg
7078,2579699529.jpg
7079,2579800117.jpg
7080,2579899436.jpg
7081,258007701.jpg
7082,2580174179.jpg
7083,2580184589.jpg
7084,2580215443.jpg
7085,2580503256.jpg
7086,2580707208.jpg
7087,258083997.jpg
7088,2580870387.jpg
7089,2580883993.jpg
7090,258089565.jpg
7091,2581058635.jpg
7092,2581066814.jpg
7093,2581218229.jpg
7094,2581472438.jpg
7095,2581690718.jpg
7096,2581721340.jpg
7097,25817944.jpg
7098,25818051.jpg
7099,2581980255.jpg
7100,2582156404.jpg
7101,2582211817.jpg
7102,2582390123.jpg
7103,2582413611.jpg
7104,258275599.jpg
7105,2583001715.jpg
7106,258309347.jpg
7107,2583217692.jpg
7108,2583635522.jpg
7109,2583755519.jpg
7110,2584020755.jpg
7111,258434606.jpg
7112,2584412512.jpg
7113,2584487952.jpg
7114,2584691004.jpg
7115,258476074.jpg
7116,258489513.jpg
7117,2584957647.jpg
7118,258501174.jpg
7119,2585141045.jpg
7120,2585429487.jpg
7121,2585848069.jpg
7122,2585970434.jpg
7123,2586028627.jpg
7124,2586532797.jpg
7125,2586533475.jpg
7126,2586695332.jpg
7127,2586911841.jpg
7128,2587017287.jpg
7129,2587106431.jpg
7130,2587202919.jpg
7131,2587625325.jpg
7132,2587696611.jpg
7133,2587818583.jpg
7134,2587846523.jpg
7135,2588003676.jpg
7136,2588093968.jpg
7137,2588456052.jpg
7138,2588625139.jpg
7139,2588763665.jpg
7140,2588912438.jpg
7141,2588927489.jpg
7142,2589156742.jpg
7143,2589241160.jpg
7144,2589308405.jpg
7145,2589728235.jpg
7146,2590207488.jpg
7147,2590318805.jpg
7148,2590493460.jpg
7149,2590671327.jpg
7150,2591110592.jpg
7151,2591157404.jpg
7152,2591182004.jpg
7153,2591455200.jpg
7154,2591486448.jpg
7155,2591573567.jpg
7156,2591603141.jpg
7157,2591885891.jpg
7158,2592019072.jpg
7159,2592053124.jpg
7160,2592093693.jpg
7161,2592398210.jpg
7162,2592485728.jpg
7163,2592495886.jpg
7164,2592711202.jpg
7165,2592821012.jpg
7166,2593133988.jpg
7167,259314892.jpg
7168,2593392439.jpg
7169,2593406865.jpg
7170,2593578574.jpg
7171,2593694788.jpg
7172,2593695271.jpg
7173,2593912796.jpg
7174,2594042571.jpg
7175,2594336381.jpg
7176,2594459477.jpg
7177,2594547389.jpg
7178,2594640580.jpg
7179,2594698744.jpg
7180,2594809039.jpg
7181,2594858432.jpg
7182,2594902417.jpg
7183,2595102568.jpg
7184,259510411.jpg
7185,2595186208.jpg
7186,259520146.jpg
7187,2595397765.jpg
7188,2595501969.jpg
7189,2595503905.jpg
7190,2595505923.jpg
7191,2595568972.jpg
7192,2595672128.jpg
7193,2595713720.jpg
7194,2596100297.jpg
7195,259611216.jpg
7196,2596262923.jpg
7197,2596293451.jpg
7198,2596474836.jpg
7199,2596475173.jpg
7200,2596514158.jpg
7201,2596619849.jpg
7202,2596876977.jpg
7203,2596900481.jpg
7204,2597071945.jpg
7205,2597088734.jpg
7206,2597308074.jpg
7207,2597452118.jpg
7208,2597483633.jpg
7209,2597737483.jpg
7210,2597824037.jpg
7211,2597873827.jpg
7212,2597954295.jpg
7213,2597958208.jpg
7214,2598012140.jpg
7215,2598093366.jpg
7216,2598775005.jpg
7217,2598796842.jpg
7218,2598979962.jpg
7219,2599100984.jpg
7220,2599131872.jpg
7221,2599255633.jpg
7222,2599307555.jpg
7223,2599444370.jpg
7224,2599600310.jpg
7225,2599610484.jpg
7226,2599903773.jpg
7227,2599908425.jpg
7228,2599957174.jpg
7229,2600062536.jpg
7230,2600065074.jpg
7231,2600068936.jpg
7232,2600170955.jpg
7233,2600229816.jpg
7234,260029153.jpg
7235,2600362233.jpg
7236,2600386812.jpg
7237,2600442766.jpg
7238,2600867924.jpg
7239,2600883097.jpg
7240,2600950267.jpg
7241,2600967348.jpg
7242,2601008162.jpg
7243,2601454675.jpg
7244,260148263.jpg
7245,2601612082.jpg
7246,260162669.jpg
7247,2601746926.jpg
7248,2601775186.jpg
7249,2602083686.jpg
7250,2602085456.jpg
7251,2602123013.jpg
7252,260217340.jpg
7253,2602215145.jpg
7254,2602258549.jpg
7255,2602279427.jpg
7256,2602306033.jpg
7257,260231029.jpg
7258,2602415701.jpg
7259,2602679255.jpg
7260,2602827193.jpg
7261,2602866141.jpg
7262,2602905768.jpg
7263,2602935297.jpg
7264,2602996870.jpg
7265,2603033456.jpg
7266,2603125422.jpg
7267,2603334363.jpg
7268,2603690144.jpg
7269,260370720.jpg
7270,2603743747.jpg
7271,2603792708.jpg
7272,2603868528.jpg
7273,260392825.jpg
7274,260392919.jpg
7275,2604305843.jpg
7276,2604332654.jpg
7277,2604357479.jpg
7278,2604462733.jpg
7279,2604825598.jpg
7280,2605095722.jpg
7281,2605139928.jpg
7282,260520547.jpg
7283,2605279520.jpg
7284,2605302858.jpg
7285,2605373150.jpg
7286,2605495015.jpg
7287,2605591891.jpg
7288,2605741703.jpg
7289,2606286883.jpg
7290,260628700.jpg
7291,2606433181.jpg
7292,26067618.jpg
7293,2606809801.jpg
7294,260703838.jpg
7295,2607047686.jpg
7296,2607097757.jpg
7297,2607099736.jpg
7298,2607130765.jpg
7299,2607383384.jpg
7300,2607462776.jpg
7301,2607861348.jpg
7302,2608116127.jpg
7303,260828892.jpg
7304,2608289957.jpg
7305,260850192.jpg
7306,2608623292.jpg
7307,2609031486.jpg
7308,2609082055.jpg
7309,2609133063.jpg
7310,2609314280.jpg
7311,2609353703.jpg
7312,2609797461.jpg
7313,2609836649.jpg
7314,2609847254.jpg
7315,2609900643.jpg
7316,2610135586.jpg
7317,2610182024.jpg
7318,2610182170.jpg
7319,2610183206.jpg
7320,2610183392.jpg
7321,2610183526.jpg
7322,2610447973.jpg
7323,2611062891.jpg
7324,261123751.jpg
7325,2611335633.jpg
7326,2611605367.jpg
7327,2611651553.jpg
7328,2612027851.jpg
7329,2612040125.jpg
7330,2612125121.jpg
7331,2612150724.jpg
7332,2612150730.jpg
7333,2612171591.jpg
7334,2612488996.jpg
7335,2612608861.jpg
7336,2612759786.jpg
7337,2612761536.jpg
7338,2612781974.jpg
7339,2612949583.jpg
7340,2613021139.jpg
7341,2613209320.jpg
7342,2613675304.jpg
7343,2613889835.jpg
7344,261391148.jpg
7345,2613920405.jpg
7346,2613993276.jpg
7347,2614027432.jpg
7348,2614059468.jpg
7349,261436644.jpg
7350,2614799491.jpg
7351,2614892301.jpg
7352,261490838.jpg
7353,2615111572.jpg
7354,2615217135.jpg
7355,2615623392.jpg
7356,2615811117.jpg
7357,2616009069.jpg
7358,2616224337.jpg
7359,261626276.jpg
7360,261627889.jpg
7361,2616284322.jpg
7362,2616343735.jpg
7363,261634569.jpg
7364,2616379779.jpg
7365,2616402277.jpg
7366,2616508003.jpg
7367,2616561200.jpg
7368,2616643090.jpg
7369,2616673985.jpg
7370,2616991671.jpg
7371,2617155996.jpg
7372,2617215392.jpg
7373,2617216530.jpg
7374,2617219856.jpg
7375,2617242703.jpg
7376,2617275504.jpg
7377,26172759.jpg
7378,261737543.jpg
7379,2617812188.jpg
7380,2618322793.jpg
7381,2618538137.jpg
7382,261883591.jpg
7383,2618866067.jpg
7384,2619267133.jpg
7385,2619454551.jpg
7386,2619547824.jpg
7387,2619932923.jpg
7388,2620113705.jpg
7389,2620483456.jpg
7390,2620517927.jpg
7391,2620756624.jpg
7392,2621415349.jpg
7393,26217061.jpg
7394,2621771656.jpg
7395,2622131465.jpg
7396,2622177159.jpg
7397,2622517932.jpg
7398,2622581408.jpg
7399,2622624460.jpg
7400,2622702783.jpg
7401,2622971954.jpg
7402,2622986361.jpg
7403,2623023009.jpg
7404,2623146491.jpg
7405,2623247254.jpg
7406,2623283166.jpg
7407,2623346840.jpg
7408,2623486961.jpg
7409,2623486975.jpg
7410,2623486983.jpg
7411,2623496164.jpg
7412,2623560640.jpg
7413,2623575114.jpg
7414,262376764.jpg
7415,2623930900.jpg
7416,2623939135.jpg
7417,2623982903.jpg
7418,2624044128.jpg
7419,262439544.jpg
7420,2624457062.jpg
7421,262446581.jpg
7422,2624947061.jpg
7423,2624979508.jpg
7424,262570082.jpg
7425,2625959671.jpg
7426,2626158969.jpg
7427,262642489.jpg
7428,2626553824.jpg
7429,262681159.jpg
7430,2627181671.jpg
7431,262773010.jpg
7432,262817915.jpg
7433,2628331789.jpg
7434,262842417.jpg
7435,2628745411.jpg
7436,2629027962.jpg
7437,2629294578.jpg
7438,2629295654.jpg
7439,2629302765.jpg
7440,2629334536.jpg
7441,2629346153.jpg
7442,2629402527.jpg
7443,2629416127.jpg
7444,2629445284.jpg
7445,2629503523.jpg
7446,262963190.jpg
7447,2629784415.jpg
7448,2630123726.jpg
7449,263024169.jpg
7450,2630507245.jpg
7451,2630806789.jpg
7452,2630948997.jpg
7453,2631000531.jpg
7454,263104639.jpg
7455,2631290870.jpg
7456,2631300484.jpg
7457,2631353232.jpg
7458,2631392326.jpg
7459,2631541162.jpg
7460,2631552679.jpg
7461,2631553625.jpg
7462,2631558609.jpg
7463,2631576413.jpg
7464,2631625732.jpg
7465,2631799914.jpg
7466,2632111399.jpg
7467,2632133026.jpg
7468,263216826.jpg
7469,263231469.jpg
7470,263233914.jpg
7471,2632366677.jpg
7472,263237638.jpg
7473,2632381125.jpg
7474,2632429064.jpg
7475,2632463480.jpg
7476,2633069263.jpg
7477,2633082074.jpg
7478,2633093295.jpg
7479,2633201394.jpg
7480,2633388235.jpg
7481,2633396041.jpg
7482,2633722629.jpg
7483,2634085089.jpg
7484,263428541.jpg
7485,2634290212.jpg
7486,2634334121.jpg
7487,2634573005.jpg
7488,2634788737.jpg
7489,263480341.jpg
7490,2634907858.jpg
7491,263491786.jpg
7492,263494261.jpg
7493,2635023078.jpg
7494,2635164923.jpg
7495,263522013.jpg
7496,2635248278.jpg
7497,2635400219.jpg
7498,2635483351.jpg
7499,2635509973.jpg
7500,2635905544.jpg
7501,2635908229.jpg
7502,2635938723.jpg
7503,2636020148.jpg
7504,2636249609.jpg
7505,2636454827.jpg
7506,2636514498.jpg
7507,2636570551.jpg
7508,2636663855.jpg
7509,2636668640.jpg
7510,2636876892.jpg
7511,2636930201.jpg
7512,2637335836.jpg
7513,2637510448.jpg
7514,263764537.jpg
7515,263765706.jpg
7516,2637670767.jpg
7517,2637904605.jpg
7518,2637909455.jpg
7519,2637936161.jpg
7520,2637959357.jpg
7521,2638054798.jpg
7522,2638177115.jpg
7523,2638207727.jpg
7524,2638369467.jpg
7525,263850317.jpg
7526,2638512789.jpg
7527,263854883.jpg
7528,2638884564.jpg
7529,2638887069.jpg
7530,2638981862.jpg
7531,263912241.jpg
7532,2639718164.jpg
7533,2639766602.jpg
7534,263984805.jpg
7535,2640000969.jpg
7536,264009676.jpg
7537,2640101451.jpg
7538,2640153227.jpg
7539,2640260087.jpg
7540,2640869832.jpg
7541,2640922346.jpg
7542,2641049916.jpg
7543,2641098920.jpg
7544,2641288004.jpg
7545,264141937.jpg
7546,2641770481.jpg
7547,264177577.jpg
7548,2641794279.jpg
7549,2642247165.jpg
7550,2642336024.jpg
7551,2642350864.jpg
7552,2642474867.jpg
7553,2642475077.jpg
7554,2642624688.jpg
7555,2642626914.jpg
7556,2642688531.jpg
7557,2642772565.jpg
7558,2642993866.jpg
7559,2643263887.jpg
7560,2643309379.jpg
7561,264342682.jpg
7562,264346756.jpg
7563,2643601560.jpg
7564,26439066.jpg
7565,2644206088.jpg
7566,2644277889.jpg
7567,2644302353.jpg
7568,2644326817.jpg
7569,2644348489.jpg
7570,2644430445.jpg
7571,2644470867.jpg
7572,264460711.jpg
7573,264461048.jpg
7574,2644719500.jpg
7575,264483970.jpg
7576,2644906016.jpg
7577,2644916196.jpg
7578,2644920808.jpg
7579,2645175777.jpg
7580,2645241028.jpg
7581,264524370.jpg
7582,2645694063.jpg
7583,2645723249.jpg
7584,2645724661.jpg
7585,2645745905.jpg
7586,2645748943.jpg
7587,2646046871.jpg
7588,2646116932.jpg
7589,2646246120.jpg
7590,2646345087.jpg
7591,2646540383.jpg
7592,2646577258.jpg
7593,2646615552.jpg
7594,2646673527.jpg
7595,2647049174.jpg
7596,2647062476.jpg
7597,2647132885.jpg
7598,2647166526.jpg
7599,2647229826.jpg
7600,2647394564.jpg
7601,2647424395.jpg
7602,2647593678.jpg
7603,2647755755.jpg
7604,2647862489.jpg
7605,2648165716.jpg
7606,2648238429.jpg
7607,2648310638.jpg
7608,2648399206.jpg
7609,264859622.jpg
7610,2649056692.jpg
7611,2649216969.jpg
7612,264928854.jpg
7613,2649406158.jpg
7614,2649705487.jpg
7615,2649850541.jpg
7616,2650485780.jpg
7617,2650568697.jpg
7618,2650620212.jpg
7619,265086707.jpg
7620,2651080346.jpg
7621,2651455205.jpg
7622,265179051.jpg
7623,2651915425.jpg
7624,2652155912.jpg
7625,2652207781.jpg
7626,265223843.jpg
7627,265223847.jpg
7628,2652311904.jpg
7629,2652382453.jpg
7630,2652522323.jpg
7631,2652536502.jpg
7632,265265586.jpg
7633,2652843146.jpg
7634,2652974155.jpg
7635,2653034718.jpg
7636,2653063469.jpg
7637,2653192579.jpg
7638,2653199219.jpg
7639,2653493856.jpg
7640,2653533876.jpg
7641,2653552905.jpg
7642,2653617835.jpg
7643,2653631855.jpg
7644,2653809100.jpg
7645,2653853997.jpg
7646,2653938322.jpg
7647,2653940812.jpg
7648,2654018684.jpg
7649,265410361.jpg
7650,2654514044.jpg
7651,2654751253.jpg
7652,2654943319.jpg
7653,2655158300.jpg
7654,2655183854.jpg
7655,2655196158.jpg
7656,2655267135.jpg
7657,265528702.jpg
7658,265561932.jpg
7659,2655647656.jpg
7660,2656039837.jpg
7661,2656110989.jpg
7662,2656252763.jpg
7663,2656351.jpg
7664,2656424263.jpg
7665,2656688132.jpg
7666,2656749876.jpg
7667,2656841774.jpg
7668,2656890977.jpg
7669,2656914235.jpg
7670,2656939882.jpg
7671,2656941008.jpg
7672,2656941282.jpg
7673,2656987333.jpg
7674,2657097653.jpg
7675,2657301826.jpg
7676,2657484284.jpg
7677,2657484970.jpg
7678,2657592654.jpg
7679,2657643451.jpg
7680,2657663775.jpg
7681,2657844508.jpg
7682,2657899248.jpg
7683,2657990027.jpg
7684,2658009523.jpg
7685,2658178260.jpg
7686,2658360285.jpg
7687,2658439322.jpg
7688,265859667.jpg
7689,2658639182.jpg
7690,2658667254.jpg
7691,2658944258.jpg
7692,2659046789.jpg
7693,2659183350.jpg
7694,2659278131.jpg
7695,2659554389.jpg
7696,2659606300.jpg
7697,2660008870.jpg
7698,2660302128.jpg
7699,2660480624.jpg
7700,266050467.jpg
7701,2660601299.jpg
7702,2661118494.jpg
7703,2661138991.jpg
7704,2661294481.jpg
7705,2661294969.jpg
7706,2661437618.jpg
7707,2661489896.jpg
7708,2661567396.jpg
7709,2661641497.jpg
7710,2662262499.jpg
7711,2662444259.jpg
7712,26625117.jpg
7713,2662537919.jpg
7714,2662570182.jpg
7715,2662816021.jpg
7716,2662840398.jpg
7717,2662845514.jpg
7718,2662890367.jpg
7719,266316342.jpg
7720,2663248626.jpg
7721,2663272259.jpg
7722,2663670442.jpg
7723,2663732963.jpg
7724,2663736862.jpg
7725,2663794355.jpg
7726,2663977526.jpg
7727,2664013037.jpg
7728,2664027527.jpg
7729,2664091531.jpg
7730,2664102751.jpg
7731,2664103423.jpg
7732,2664250718.jpg
7733,2664482879.jpg
7734,266464443.jpg
7735,2664820158.jpg
7736,2664870203.jpg
7737,2664901838.jpg
7738,2664994682.jpg
7739,2665264979.jpg
7740,26653224.jpg
7741,2665461736.jpg
7742,266547962.jpg
7743,2665586311.jpg
7744,2665658462.jpg
7745,2665806290.jpg
7746,2665904080.jpg
7747,2666078276.jpg
7748,2666111736.jpg
7749,2666179615.jpg
7750,2666205903.jpg
7751,2666234771.jpg
7752,2666307991.jpg
7753,2666681650.jpg
7754,2666742902.jpg
7755,2666830229.jpg
7756,2667015110.jpg
7757,2667078298.jpg
7758,2667080272.jpg
7759,2667091290.jpg
7760,2667092132.jpg
7761,2667108760.jpg
7762,2667126590.jpg
7763,2667242810.jpg
7764,2667549961.jpg
7765,2667783499.jpg
7766,2667943984.jpg
7767,2667947118.jpg
7768,2668179897.jpg
7769,2668231254.jpg
7770,2668508174.jpg
7771,26685105.jpg
7772,2668574576.jpg
7773,26690039.jpg
7774,2669048370.jpg
7775,267015208.jpg
7776,267041173.jpg
7777,2670560883.jpg
7778,267062347.jpg
7779,2670637584.jpg
7780,2671167487.jpg
7781,2671168017.jpg
7782,2671267709.jpg
7783,2671560649.jpg
7784,2671602981.jpg
7785,267162122.jpg
7786,267164457.jpg
7787,2671880562.jpg
7788,26720379.jpg
7789,267216971.jpg
7790,267223366.jpg
7791,2672354635.jpg
7792,2672445419.jpg
7793,2672588619.jpg
7794,2672634212.jpg
7795,2672705063.jpg
7796,2673148534.jpg
7797,2673209105.jpg
7798,267325341.jpg
7799,2673564214.jpg
7800,2674452595.jpg
7801,2674742398.jpg
7802,2674784195.jpg
7803,2675190069.jpg
7804,2675323741.jpg
7805,2675365025.jpg
7806,2675397335.jpg
7807,2675643250.jpg
7808,2675685200.jpg
7809,26758039.jpg
7810,267593659.jpg
7811,2676015068.jpg
7812,2676184321.jpg
7813,2676292940.jpg
7814,2676537026.jpg
7815,2676648667.jpg
7816,2676649969.jpg
7817,2676651833.jpg
7818,2676764246.jpg
7819,2676937700.jpg
7820,2677109430.jpg
7821,2677296582.jpg
7822,2677377747.jpg
7823,2677528593.jpg
7824,2677565007.jpg
7825,2677614492.jpg
7826,2677656448.jpg
7827,2678171436.jpg
7828,2678193588.jpg
7829,267821422.jpg
7830,2678315125.jpg
7831,2678343915.jpg
7832,267836606.jpg
7833,2678612999.jpg
7834,2678668581.jpg
7835,2678685955.jpg
7836,2678747865.jpg
7837,2678778191.jpg
7838,2678792892.jpg
7839,2678798732.jpg
7840,2679015215.jpg
7841,2679381280.jpg
7842,2679382388.jpg
7843,2679382862.jpg
7844,2679494234.jpg
7845,2679565682.jpg
7846,2679851489.jpg
7847,2679926555.jpg
7848,2680418020.jpg
7849,268044066.jpg
7850,26805148.jpg
7851,2680619645.jpg
7852,2680852294.jpg
7853,2680990587.jpg
7854,2681215810.jpg
7855,2682194299.jpg
7856,268223986.jpg
7857,268224691.jpg
7858,2682382530.jpg
7859,2682536830.jpg
7860,2682546912.jpg
7861,2682739228.jpg
7862,268293751.jpg
7863,2682938578.jpg
7864,26833964.jpg
7865,268365231.jpg
7866,2683823978.jpg
7867,2683963310.jpg
7868,2683985894.jpg
7869,2684322797.jpg
7870,2684323357.jpg
7871,2684489465.jpg
7872,2684878115.jpg
7873,2685139184.jpg
7874,2685343089.jpg
7875,2685518281.jpg
7876,2685580727.jpg
7877,2685727511.jpg
7878,2685752892.jpg
7879,2685763205.jpg
7880,2685788323.jpg
7881,2686141763.jpg
7882,2686432878.jpg
7883,2686452246.jpg
7884,2686470807.jpg
7885,268654674.jpg
7886,2686803722.jpg
7887,2686849571.jpg
7888,268704620.jpg
7889,2687071446.jpg
7890,2687075275.jpg
7891,2687089257.jpg
7892,2687134043.jpg
7893,2687229880.jpg
7894,2687328779.jpg
7895,2687529141.jpg
7896,2687539673.jpg
7897,2687563925.jpg
7898,2687672606.jpg
7899,2687891662.jpg
7900,2687977103.jpg
7901,2688102742.jpg
7902,2688337844.jpg
7903,2688731661.jpg
7904,2688848759.jpg
7905,2688902319.jpg
7906,2688936204.jpg
7907,2689001252.jpg
7908,2689163361.jpg
7909,2689358407.jpg
7910,268948449.jpg
7911,2689491604.jpg
7912,2689611.jpg
7913,2689829779.jpg
7914,2689869659.jpg
7915,2690016300.jpg
7916,2690274918.jpg
7917,2690538407.jpg
7918,2690702549.jpg
7919,2690960083.jpg
7920,2691147709.jpg
7921,2691271455.jpg
7922,2691641332.jpg
7923,2691863607.jpg
7924,2691966747.jpg
7925,2692396013.jpg
7926,269242779.jpg
7927,2692635048.jpg
7928,2693425189.jpg
7929,2693539377.jpg
7930,269361490.jpg
7931,2694178830.jpg
7932,269440642.jpg
7933,2694426634.jpg
7934,269444846.jpg
7935,2694680366.jpg
7936,2694890967.jpg
7937,2695001634.jpg
7938,2695004728.jpg
7939,2695085448.jpg
7940,2695085632.jpg
7941,2695085862.jpg
7942,2695093520.jpg
7943,2695298213.jpg
7944,2695839357.jpg
7945,2695955695.jpg
7946,2695961935.jpg
7947,2695962887.jpg
7948,2695974995.jpg
7949,2696045361.jpg
7950,2696060728.jpg
7951,2696129516.jpg
7952,2696200521.jpg
7953,269630255.jpg
7954,2696394827.jpg
7955,269650644.jpg
7956,2696636252.jpg
7957,2696866120.jpg
7958,2696951725.jpg
7959,2697058141.jpg
7960,2697822530.jpg
7961,2697909987.jpg
7962,2698119128.jpg
7963,2698197294.jpg
7964,2698457631.jpg
7965,2698487246.jpg
7966,2698614194.jpg
7967,2698666984.jpg
7968,2698929119.jpg
7969,269898095.jpg
7970,269898428.jpg
7971,2699075714.jpg
7972,2699125097.jpg
7973,2699342860.jpg
7974,2699426519.jpg
7975,2699721751.jpg
7976,2699733386.jpg
7977,269986132.jpg
7978,2699983419.jpg
7979,2700147489.jpg
7980,2700345173.jpg
7981,2700457501.jpg
7982,2700625647.jpg
7983,2700728302.jpg
7984,2700788458.jpg
7985,2700873520.jpg
7986,270090705.jpg
7987,2701042060.jpg
7988,2701228560.jpg
7989,2701271123.jpg
7990,2701487024.jpg
7991,2701603045.jpg
7992,2701635619.jpg
7993,2701892321.jpg
7994,2701892929.jpg
7995,2701895972.jpg
7996,270224477.jpg
7997,2702506716.jpg
7998,270263570.jpg
7999,2702678131.jpg
8000,2702682262.jpg
8001,2703155733.jpg
8002,2703515269.jpg
8003,270419656.jpg
8004,2704257993.jpg
8005,2704362232.jpg
8006,2704379125.jpg
8007,2704407589.jpg
8008,2704934519.jpg
8009,2705099033.jpg
8010,2705099231.jpg
8011,2705099283.jpg
8012,2705099581.jpg
8013,2705099765.jpg
8014,2705099783.jpg
8015,2705101169.jpg
8016,2705101261.jpg
8017,2705101597.jpg
8018,2705101739.jpg
8019,2705102381.jpg
8020,2705102979.jpg
8021,2705103507.jpg
8022,2705103541.jpg
8023,2705103785.jpg
8024,2705103851.jpg
8025,2705103961.jpg
8026,2705104779.jpg
8027,2705105025.jpg
8028,2705298070.jpg
8029,2705659087.jpg
8030,2705793985.jpg
8031,2705860464.jpg
8032,2705888144.jpg
8033,2705919158.jpg
8034,2705919270.jpg
8035,2705920066.jpg
8036,2705920452.jpg
8037,2705920660.jpg
8038,2705920782.jpg
8039,2705920892.jpg
8040,2705921240.jpg
8041,2705921356.jpg
8042,2705921552.jpg
8043,2705922148.jpg
8044,2705922270.jpg
8045,2705922326.jpg
8046,2705922624.jpg
8047,2705923038.jpg
8048,2705923388.jpg
8049,2705923970.jpg
8050,2705925058.jpg
8051,2705925410.jpg
8052,2705925646.jpg
8053,2705947033.jpg
8054,2706023395.jpg
8055,2706068775.jpg
8056,2706430695.jpg
8057,2706469334.jpg
8058,2706743557.jpg
8059,2706766641.jpg
8060,270684372.jpg
8061,2707244524.jpg
8062,270724499.jpg
8063,2707602038.jpg
8064,2707835735.jpg
8065,2707873672.jpg
8066,2707933554.jpg
8067,2707969386.jpg
8068,270809922.jpg
8069,270816949.jpg
8070,2708176152.jpg
8071,2708508967.jpg
8072,2708563035.jpg
8073,2708582445.jpg
8074,2708608951.jpg
8075,2708634088.jpg
8076,270864951.jpg
8077,2708686056.jpg
8078,2708744743.jpg
8079,2708775214.jpg
8080,2708784867.jpg
8081,2709044515.jpg
8082,2709275718.jpg
8083,2709359730.jpg
8084,2709536455.jpg
8085,2709648336.jpg
8086,2709683703.jpg
8087,2709695869.jpg
8088,2710027673.jpg
8089,271025171.jpg
8090,2710280476.jpg
8091,2710281519.jpg
8092,2710416789.jpg
8093,271043166.jpg
8094,2710563762.jpg
8095,2710698257.jpg
8096,2711075591.jpg
8097,2711197685.jpg
8098,2711203701.jpg
8099,2711209368.jpg
8100,2711230445.jpg
8101,2711709351.jpg
8102,2711720095.jpg
8103,2711758070.jpg
8104,271177682.jpg
8105,2711802560.jpg
8106,2711885008.jpg
8107,2711975004.jpg
8108,2712331670.jpg
8109,2712352554.jpg
8110,2712523658.jpg
8111,2712629059.jpg
8112,2712787899.jpg
8113,2712974062.jpg
8114,2713036593.jpg
8115,2713382349.jpg
8116,2713554148.jpg
8117,2713897716.jpg
8118,271396631.jpg
8119,2714220101.jpg
8120,2714674623.jpg
8121,2714699748.jpg
8122,2714703706.jpg
8123,2714878018.jpg
8124,2715035273.jpg
8125,2715064456.jpg
8126,2715155329.jpg
8127,2715173880.jpg
8128,2715262147.jpg
8129,2715289538.jpg
8130,2715337869.jpg
8131,2715498311.jpg
8132,271572671.jpg
8133,2715746315.jpg
8134,2715851150.jpg
8135,2716104559.jpg
8136,2716251485.jpg
8137,2716267794.jpg
8138,2716269088.jpg
8139,2716310886.jpg
8140,2716358130.jpg
8141,2716369043.jpg
8142,271637337.jpg
8143,2716457668.jpg
8144,271660510.jpg
8145,2716680617.jpg
8146,2716718260.jpg
8147,2716744948.jpg
8148,2716903793.jpg
8149,2717110088.jpg
8150,2717373229.jpg
8151,2717686269.jpg
8152,271770120.jpg
8153,2718024196.jpg
8154,2718027742.jpg
8155,2718049631.jpg
8156,271809294.jpg
8157,2718116624.jpg
8158,2718184776.jpg
8159,2718188904.jpg
8160,2718376488.jpg
8161,2718495608.jpg
8162,2719101587.jpg
8163,2719102611.jpg
8164,2719343003.jpg
8165,2719343357.jpg
8166,2719557723.jpg
8167,2719575713.jpg
8168,2720039582.jpg
8169,2720167160.jpg
8170,2720167660.jpg
8171,2720190418.jpg
8172,2720215226.jpg
8173,272045297.jpg
8174,2720607453.jpg
8175,2720985888.jpg
8176,2721004585.jpg
8177,2721132879.jpg
8178,272156850.jpg
8179,2721656220.jpg
8180,2721786210.jpg
8181,2721954475.jpg
8182,272283076.jpg
8183,2722956572.jpg
8184,2722957422.jpg
8185,2723024306.jpg
8186,2723043293.jpg
8187,2723220367.jpg
8188,2723250451.jpg
8189,2723477522.jpg
8190,272354004.jpg
8191,2723785828.jpg
8192,2723929323.jpg
8193,2723963432.jpg
8194,2724069562.jpg
8195,2724074148.jpg
8196,2724379828.jpg
8197,2724485630.jpg
8198,272461537.jpg
8199,272471327.jpg
8200,2724761798.jpg
8201,2724772157.jpg
8202,2725025738.jpg
8203,2725042940.jpg
8204,2725089128.jpg
8205,2725441885.jpg
8206,272546805.jpg
8207,2725508159.jpg
8208,2725655872.jpg
8209,2725951714.jpg
8210,2726157819.jpg
8211,2726180005.jpg
8212,2726222057.jpg
8213,2726262796.jpg
8214,2726301121.jpg
8215,2726791588.jpg
8216,2726834392.jpg
8217,2726887594.jpg
8218,2726936033.jpg
8219,2727051596.jpg
8220,2727062058.jpg
8221,2727591060.jpg
8222,2727715687.jpg
8223,2728096551.jpg
8224,2728276857.jpg
8225,2728486640.jpg
8226,2728583298.jpg
8227,2728593132.jpg
8228,2728607980.jpg
8229,2728813605.jpg
8230,2728883415.jpg
8231,2729147877.jpg
8232,272940778.jpg
8233,2729655904.jpg
8234,2729685399.jpg
8235,272988646.jpg
8236,2730116545.jpg
8237,2730560023.jpg
8238,273056557.jpg
8239,2730819220.jpg
8240,2730938963.jpg
8241,2730994020.jpg
8242,2731171552.jpg
8243,2731298834.jpg
8244,2731813962.jpg
8245,27323284.jpg
8246,273248777.jpg
8247,2732625904.jpg
8248,273295809.jpg
8249,2733371982.jpg
8250,2733659177.jpg
8251,2734219983.jpg
8252,2734669176.jpg
8253,2734986479.jpg
8254,2735158990.jpg
8255,2735290454.jpg
8256,2735517817.jpg
8257,2735558076.jpg
8258,273572758.jpg
8259,2735759612.jpg
8260,2735792721.jpg
8261,2735799584.jpg
8262,2735822661.jpg
8263,2735827522.jpg
8264,2735833682.jpg
8265,2735979477.jpg
8266,273602422.jpg
8267,273603643.jpg
8268,2736169657.jpg
8269,2736200571.jpg
8270,2736262723.jpg
8271,2736263067.jpg
8272,2736263351.jpg
8273,2736263527.jpg
8274,2736264483.jpg
8275,2736264705.jpg
8276,2736264933.jpg
8277,2736432503.jpg
8278,2736508369.jpg
8279,2736656254.jpg
8280,2736819867.jpg
8281,2736884820.jpg
8282,2736902411.jpg
8283,2736991184.jpg
8284,273699639.jpg
8285,2737096202.jpg
8286,2737097000.jpg
8287,2737097126.jpg
8288,2737098202.jpg
8289,2737106219.jpg
8290,2737233999.jpg
8291,2737409349.jpg
8292,2737544815.jpg
8293,2737609659.jpg
8294,2737664903.jpg
8295,2737729252.jpg
8296,2737759676.jpg
8297,2737873732.jpg
8298,2737920326.jpg
8299,2738077433.jpg
8300,2738092811.jpg
8301,2738196762.jpg
8302,2738255684.jpg
8303,2738379929.jpg
8304,2738381514.jpg
8305,2739180469.jpg
8306,2739331794.jpg
8307,2739332078.jpg
8308,273945661.jpg
8309,2739656404.jpg
8310,2740013516.jpg
8311,2740762106.jpg
8312,2741051940.jpg
8313,2741380826.jpg
8314,2741388782.jpg
8315,2741465534.jpg
8316,2741802133.jpg
8317,2741990005.jpg
8318,2742426734.jpg
8319,2742801792.jpg
8320,2742808804.jpg
8321,2743046728.jpg
8322,274313927.jpg
8323,2743298738.jpg
8324,2743465453.jpg
8325,2743652730.jpg
8326,2743709828.jpg
8327,2743945813.jpg
8328,2744017957.jpg
8329,2744321686.jpg
8330,2744330402.jpg
8331,2744571595.jpg
8332,2744600462.jpg
8333,2744615692.jpg
8334,2744690159.jpg
8335,2744705147.jpg
8336,2744705574.jpg
8337,2744856447.jpg
8338,2745064354.jpg
8339,2745086720.jpg
8340,2745133868.jpg
8341,2745372673.jpg
8342,2745441424.jpg
8343,2745487323.jpg
8344,2745520849.jpg
8345,2745588751.jpg
8346,2745656473.jpg
8347,2745663684.jpg
8348,2745811124.jpg
8349,274604264.jpg
8350,2746072388.jpg
8351,274616466.jpg
8352,274616931.jpg
8353,27463274.jpg
8354,274646416.jpg
8355,2746805293.jpg
8356,2746839158.jpg
8357,2746877062.jpg
8358,2746910139.jpg
8359,2746943665.jpg
8360,2747253501.jpg
8361,2747436384.jpg
8362,2747474694.jpg
8363,2747637478.jpg
8364,2747640247.jpg
8365,2747714500.jpg
8366,2747895243.jpg
8367,2747957935.jpg
8368,274797394.jpg
8369,2748281597.jpg
8370,274840168.jpg
8371,2748403765.jpg
8372,2748435417.jpg
8373,2748726146.jpg
8374,2748729903.jpg
8375,2748889888.jpg
8376,2748894638.jpg
8377,2748929011.jpg
8378,2749124340.jpg
8379,2749124446.jpg
8380,2749162846.jpg
8381,274917606.jpg
8382,2749228652.jpg
8383,2749641730.jpg
8384,2749714328.jpg
8385,2749755023.jpg
8386,2749807618.jpg
8387,2749856945.jpg
8388,27499590.jpg
8389,275002371.jpg
8390,2750154354.jpg
8391,2750185692.jpg
8392,2750517549.jpg
8393,2750577976.jpg
8394,2750709242.jpg
8395,2750741104.jpg
8396,2750832671.jpg
8397,2750867389.jpg
8398,2750912179.jpg
8399,2751466788.jpg
8400,2751567262.jpg
8401,2751602672.jpg
8402,2751612533.jpg
8403,275162158.jpg
8404,275166661.jpg
8405,275168455.jpg
8406,2751694538.jpg
8407,275169881.jpg
8408,275170445.jpg
8409,275170947.jpg
8410,275171617.jpg
8411,2751721665.jpg
8412,275172236.jpg
8413,275173204.jpg
8414,275173691.jpg
8415,275175200.jpg
8416,275176054.jpg
8417,2751789452.jpg
8418,275202755.jpg
8419,2752043092.jpg
8420,2752084369.jpg
8421,2752175795.jpg
8422,2752230113.jpg
8423,2752265504.jpg
8424,2752329719.jpg
8425,2752331711.jpg
8426,2752341621.jpg
8427,2752809449.jpg
8428,2752854276.jpg
8429,275290256.jpg
8430,2752919987.jpg
8431,2752923489.jpg
8432,2752926645.jpg
8433,2753157857.jpg
8434,2753506871.jpg
8435,2753531542.jpg
8436,2753682793.jpg
8437,2753907028.jpg
8438,275401000.jpg
8439,2754271176.jpg
8440,2754898893.jpg
8441,2754940943.jpg
8442,2755053974.jpg
8443,275516348.jpg
8444,2755314937.jpg
8445,2755362721.jpg
8446,2755554894.jpg
8447,2755595842.jpg
8448,2755952680.jpg
8449,275618737.jpg
8450,2756591658.jpg
8451,2756636539.jpg
8452,2756765580.jpg
8453,2757779501.jpg
8454,2757803246.jpg
8455,2757835392.jpg
8456,2758016609.jpg
8457,275854401.jpg
8458,275854404.jpg
8459,27585638.jpg
8460,275858550.jpg
8461,2758599631.jpg
8462,2758690568.jpg
8463,2758942112.jpg
8464,27590618.jpg
8465,2759089516.jpg
8466,275909509.jpg
8467,2759211664.jpg
8468,2759596272.jpg
8469,2759616595.jpg
8470,2759619591.jpg
8471,2759622561.jpg
8472,2759625199.jpg
8473,275964975.jpg
8474,2759652248.jpg
8475,2759813381.jpg
8476,2759860913.jpg
8477,2759879165.jpg
8478,275994851.jpg
8479,276004977.jpg
8480,2760053235.jpg
8481,2760167.jpg
8482,2760371526.jpg
8483,276052913.jpg
8484,2760560588.jpg
8485,276058751.jpg
8486,2760650448.jpg
8487,2760715910.jpg
8488,2760716468.jpg
8489,2761119252.jpg
8490,2761583895.jpg
8491,2761599088.jpg
8492,2761600250.jpg
8493,2762301555.jpg
8494,2762594886.jpg
8495,2762599124.jpg
8496,276261357.jpg
8497,2762702644.jpg
8498,2763044275.jpg
8499,2763090857.jpg
8500,2763354860.jpg
8501,2763465196.jpg
8502,276356412.jpg
8503,2763601657.jpg
8504,2763691073.jpg
8505,2763691333.jpg
8506,2763692131.jpg
8507,2763767621.jpg
8508,276388524.jpg
8509,2764045948.jpg
8510,2764057744.jpg
8511,2764178773.jpg
8512,276431387.jpg
8513,2764336070.jpg
8514,2764732789.jpg
8515,2765029348.jpg
8516,2765747519.jpg
8517,2765787222.jpg
8518,2765793811.jpg
8519,2765815424.jpg
8520,276589119.jpg
8521,276598014.jpg
8522,2766148353.jpg
8523,2766291711.jpg
8524,2766325714.jpg
8525,276638308.jpg
8526,2766630484.jpg
8527,2766639358.jpg
8528,2766640854.jpg
8529,2766726291.jpg
8530,2766744325.jpg
8531,2766765386.jpg
8532,2766854400.jpg
8533,2766878404.jpg
8534,2766926202.jpg
8535,2766954299.jpg
8536,276699720.jpg
8537,2767276277.jpg
8538,2767567870.jpg
8539,2767646251.jpg
8540,2768021570.jpg
8541,2768248810.jpg
8542,2768265384.jpg
8543,2768292531.jpg
8544,27683428.jpg
8545,2768397923.jpg
8546,2768401039.jpg
8547,2768425771.jpg
8548,2768662025.jpg
8549,2768933636.jpg
8550,2768972186.jpg
8551,2769233092.jpg
8552,2769239715.jpg
8553,2769270160.jpg
8554,2769605231.jpg
8555,276967198.jpg
8556,2769731772.jpg
8557,276984593.jpg
8558,2770438285.jpg
8559,2770477799.jpg
8560,2770795174.jpg
8561,2770821714.jpg
8562,2771039423.jpg
8563,2771105620.jpg
8564,277119391.jpg
8565,2771214516.jpg
8566,2771424045.jpg
8567,2771662950.jpg
8568,277167533.jpg
8569,2771793012.jpg
8570,2771802800.jpg
8571,2771971891.jpg
8572,2771980357.jpg
8573,2771984027.jpg
8574,2772084628.jpg
8575,2772286941.jpg
8576,2772292098.jpg
8577,2772532341.jpg
8578,2772784124.jpg
8579,2772793352.jpg
8580,2772831016.jpg
8581,2772928973.jpg
8582,2772946659.jpg
8583,2773011586.jpg
8584,2773136618.jpg
8585,2773139170.jpg
8586,2773331947.jpg
8587,2773400732.jpg
8588,2773468269.jpg
8589,2773474615.jpg
8590,2773682293.jpg
8591,2773744784.jpg
8592,2773747725.jpg
8593,2773844590.jpg
8594,2773851719.jpg
8595,2774010992.jpg
8596,2774012125.jpg
8597,2774020195.jpg
8598,2774025309.jpg
8599,2774041957.jpg
8600,2774095272.jpg
8601,2774187381.jpg
8602,2774267559.jpg
8603,2774272866.jpg
8604,2774287870.jpg
8605,2774356224.jpg
8606,2774362575.jpg
8607,2774430374.jpg
8608,2774501339.jpg
8609,2774504145.jpg
8610,2774548618.jpg
8611,2774554310.jpg
8612,2774554340.jpg
8613,2774576003.jpg
8614,2774581025.jpg
8615,2774705720.jpg
8616,2774875318.jpg
8617,2774880158.jpg
8618,2774890118.jpg
8619,2775057954.jpg
8620,2775068620.jpg
8621,2775249812.jpg
8622,2775314333.jpg
8623,2775461796.jpg
8624,2775535015.jpg
8625,2775549337.jpg
8626,2775744946.jpg
8627,2775745672.jpg
8628,2776029171.jpg
8629,2776145284.jpg
8630,2776334619.jpg
8631,2776593721.jpg
8632,2777021428.jpg
8633,2777101492.jpg
8634,2777787752.jpg
8635,2778006073.jpg
8636,2778198363.jpg
8637,27782020.jpg
8638,2778290592.jpg
8639,2778313163.jpg
8640,2778696039.jpg
8641,2778832101.jpg
8642,2778904898.jpg
8643,2778965398.jpg
8644,277928620.jpg
8645,277930631.jpg
8646,2779332686.jpg
8647,278002800.jpg
8648,278002875.jpg
8649,278002947.jpg
8650,2780031669.jpg
8651,278007543.jpg
8652,2780087302.jpg
8653,2780105274.jpg
8654,2780179669.jpg
8655,2780390703.jpg
8656,2781018847.jpg
8657,278105206.jpg
8658,2781093465.jpg
8659,2781296531.jpg
8660,2781537312.jpg
8661,2781699063.jpg
8662,2781910363.jpg
8663,2781920563.jpg
8664,2781967479.jpg
8665,2782031648.jpg
8666,2782065752.jpg
8667,2782137321.jpg
8668,2782247529.jpg
8669,2782433864.jpg
8670,2782480767.jpg
8671,2782483858.jpg
8672,2782759274.jpg
8673,2782850287.jpg
8674,2783150873.jpg
8675,2783430487.jpg
8676,2783620390.jpg
8677,2783623746.jpg
8678,278368851.jpg
8679,278388986.jpg
8680,2784073733.jpg
8681,2784408839.jpg
8682,2784625888.jpg
8683,2784746.jpg
8684,278496691.jpg
8685,2785108434.jpg
8686,2785115802.jpg
8687,2785263535.jpg
8688,2785408815.jpg
8689,278559394.jpg
8690,2785831737.jpg
8691,278608022.jpg
8692,2786115354.jpg
8693,2786219341.jpg
8694,2786242106.jpg
8695,2786245676.jpg
8696,2786299623.jpg
8697,2786423708.jpg
8698,2786918445.jpg
8699,2786996501.jpg
8700,2787276494.jpg
8701,2787372148.jpg
8702,278776089.jpg
8703,2787868417.jpg
8704,2788183053.jpg
8705,2788489062.jpg
8706,2788628994.jpg
8707,2788652511.jpg
8708,2788933694.jpg
8709,2788945468.jpg
8710,2789110209.jpg
8711,2789150281.jpg
8712,2789232177.jpg
8713,2789238858.jpg
8714,2789350645.jpg
8715,2789648482.jpg
8716,2789688929.jpg
8717,2789937754.jpg
8718,2790329126.jpg
8719,279047277.jpg
8720,2790695352.jpg
8721,2790909995.jpg
8722,2791234044.jpg
8723,2791348768.jpg
8724,279153587.jpg
8725,2791640741.jpg
8726,2792152754.jpg
8727,2792195540.jpg
8728,2792212974.jpg
8729,2792254349.jpg
8730,279230262.jpg
8731,279233347.jpg
8732,279233409.jpg
8733,2792409624.jpg
8734,2793105660.jpg
8735,2793597468.jpg
8736,2793770567.jpg
8737,2793886035.jpg
8738,279413258.jpg
8739,2794586343.jpg
8740,2794605643.jpg
8741,2795287622.jpg
8742,2795352290.jpg
8743,279550225.jpg
8744,2795534813.jpg
8745,2795679393.jpg
8746,2795744886.jpg
8747,2795866891.jpg
8748,2796023180.jpg
8749,2796095711.jpg
8750,2796120739.jpg
8751,2796525620.jpg
8752,2796544901.jpg
8753,2796801478.jpg
8754,2796921601.jpg
8755,2796930150.jpg
8756,2797135460.jpg
8757,2797149878.jpg
8758,2797185895.jpg
8759,2797188545.jpg
8760,279728508.jpg
8761,2797438951.jpg
8762,279748684.jpg
8763,2797490755.jpg
8764,2797511323.jpg
8765,279757732.jpg
8766,2797640772.jpg
8767,279766384.jpg
8768,2797774642.jpg
8769,2797785048.jpg
8770,2798355269.jpg
8771,2798651021.jpg
8772,2798651809.jpg
8773,2798664824.jpg
8774,2798880731.jpg
8775,2798884617.jpg
8776,279901198.jpg
8777,2799209740.jpg
8778,279922357.jpg
8779,2799490112.jpg
8780,2799589359.jpg
8781,2799871904.jpg
8782,2799938764.jpg
8783,2800004913.jpg
8784,280007961.jpg
8785,2800531753.jpg
8786,2800758232.jpg
8787,2800842386.jpg
8788,2800934095.jpg
8789,2800990525.jpg
8790,2801146217.jpg
8791,2801851082.jpg
8792,2802158972.jpg
8793,2802337003.jpg
8794,2802447198.jpg
8795,2802464569.jpg
8796,2802477687.jpg
8797,2802479441.jpg
8798,2802497633.jpg
8799,2802539497.jpg
8800,2802902062.jpg
8801,2803058589.jpg
8802,2803337740.jpg
8803,2803374338.jpg
8804,2803895304.jpg
8805,280398024.jpg
8806,28041138.jpg
8807,280435773.jpg
8808,2804374083.jpg
8809,2804851816.jpg
8810,2804904604.jpg
8811,2805101709.jpg
8812,280511194.jpg
8813,2805576776.jpg
8814,2805822564.jpg
8815,2805873509.jpg
8816,2806006698.jpg
8817,280608840.jpg
8818,280614767.jpg
8819,2806447.jpg
8820,2806632713.jpg
8821,280667538.jpg
8822,2806694193.jpg
8823,2806710650.jpg
8824,2807030070.jpg
8825,280706862.jpg
8826,2807177340.jpg
8827,2807209904.jpg
8828,2807228428.jpg
8829,2807380242.jpg
8830,2807437579.jpg
8831,2807437977.jpg
8832,2807463968.jpg
8833,2807545270.jpg
8834,2807850454.jpg
8835,2808098783.jpg
8836,2808285842.jpg
8837,2808286426.jpg
8838,280840823.jpg
8839,2808838598.jpg
8840,2808870080.jpg
8841,280896848.jpg
8842,280896856.jpg
8843,280899903.jpg
8844,280899906.jpg
8845,2809218945.jpg
8846,280932151.jpg
8847,2809338182.jpg
8848,2809396455.jpg
8849,280940032.jpg
8850,280940033.jpg
8851,2809406383.jpg
8852,2809793070.jpg
8853,2810289270.jpg
8854,2810333931.jpg
8855,2810412010.jpg
8856,2810456728.jpg
8857,2810457590.jpg
8858,281076795.jpg
8859,2811001948.jpg
8860,2811917688.jpg
8861,2811917934.jpg
8862,2811918074.jpg
8863,2812086571.jpg
8864,2812125355.jpg
8865,2812568040.jpg
8866,2812590023.jpg
8867,281271503.jpg
8868,281297361.jpg
8869,2813005964.jpg
8870,2813033949.jpg
8871,2813588204.jpg
8872,2813703338.jpg
8873,2813784259.jpg
8874,2813992915.jpg
8875,2814028429.jpg
8876,2814037463.jpg
8877,2814050407.jpg
8878,281419391.jpg
8879,2814321280.jpg
8880,2814406547.jpg
8881,28144507.jpg
8882,2814913390.jpg
8883,2814952319.jpg
8884,2815027292.jpg
8885,2815256108.jpg
8886,2815507707.jpg
8887,2815745115.jpg
8888,2815755985.jpg
8889,2815788792.jpg
8890,2816259113.jpg
8891,2816361063.jpg
8892,281658181.jpg
8893,281658184.jpg
8894,281706216.jpg
8895,2817132182.jpg
8896,281716983.jpg
8897,2817230861.jpg
8898,2817414272.jpg
8899,281754914.jpg
8900,2817686385.jpg
8901,2817847072.jpg
8902,281789241.jpg
8903,281792349.jpg
8904,2818336787.jpg
8905,2818419321.jpg
8906,2818735880.jpg
8907,2819000497.jpg
8908,2819188080.jpg
8909,2819254573.jpg
8910,2819466992.jpg
8911,281963267.jpg
8912,2819833106.jpg
8913,2820063211.jpg
8914,2820512895.jpg
8915,282052899.jpg
8916,2820596638.jpg
8917,282116218.jpg
8918,282131366.jpg
8919,2821352858.jpg
8920,2821356536.jpg
8921,2821374709.jpg
8922,2822148499.jpg
8923,2822156510.jpg
8924,2822265828.jpg
8925,2822290399.jpg
8926,2822418176.jpg
8927,2822689563.jpg
8928,2822891602.jpg
8929,2823056477.jpg
8930,2823075967.jpg
8931,282308302.jpg
8932,2823103057.jpg
8933,2823200990.jpg
8934,2823575468.jpg
8935,2824004868.jpg
8936,2824153131.jpg
8937,2824227447.jpg
8938,2824401212.jpg
8939,2824492858.jpg
8940,282481027.jpg
8941,2824875517.jpg
8942,2824922268.jpg
8943,2825202229.jpg
8944,2825327005.jpg
8945,2825483885.jpg
8946,2825540754.jpg
8947,2825668136.jpg
8948,2825808939.jpg
8949,2825897091.jpg
8950,2825932918.jpg
8951,2826030193.jpg
8952,2826039524.jpg
8953,2826039666.jpg
8954,2826574228.jpg
8955,282660659.jpg
8956,2826647354.jpg
8957,2826701936.jpg
8958,2826769554.jpg
8959,282704017.jpg
8960,2827108217.jpg
8961,282741726.jpg
8962,2827549989.jpg
8963,2827589184.jpg
8964,2827629249.jpg
8965,2827964381.jpg
8966,2828583747.jpg
8967,2829028284.jpg
8968,2829169200.jpg
8969,282960970.jpg
8970,2829719998.jpg
8971,2830073704.jpg
8972,2830276969.jpg
8973,2830309113.jpg
8974,2830559753.jpg
8975,2830559877.jpg
8976,2830561291.jpg
8977,2830561413.jpg
8978,283056265.jpg
8979,2830579786.jpg
8980,2830755303.jpg
8981,2830869109.jpg
8982,2830880811.jpg
8983,283091793.jpg
8984,2831215155.jpg
8985,2831217847.jpg
8986,2831313661.jpg
8987,2831314869.jpg
8988,2831394884.jpg
8989,283146608.jpg
8990,2831578193.jpg
8991,2831656774.jpg
8992,2831672255.jpg
8993,2831723637.jpg
8994,283178378.jpg
8995,28318358.jpg
8996,2831846986.jpg
8997,28318644.jpg
8998,2831891201.jpg
8999,2832033116.jpg
9000,2832076014.jpg
9001,283214657.jpg
9002,283221274.jpg
9003,2832453252.jpg
9004,2832487464.jpg
9005,283252248.jpg
9006,2832594839.jpg
9007,2832610852.jpg
9008,2832613782.jpg
9009,2832654970.jpg
9010,2832747707.jpg
9011,2832978253.jpg
9012,2833172038.jpg
9013,2833431496.jpg
9014,2833502675.jpg
9015,2833509990.jpg
9016,2833560457.jpg
9017,2833582518.jpg
9018,2833820456.jpg
9019,2833888275.jpg
9020,2834032170.jpg
9021,2834103050.jpg
9022,283428775.jpg
9023,2834409892.jpg
9024,2834451643.jpg
9025,2834752476.jpg
9026,2834761411.jpg
9027,2834973135.jpg
9028,2835367658.jpg
9029,2835793460.jpg
9030,283600520.jpg
9031,283611810.jpg
9032,283614756.jpg
9033,2836325261.jpg
9034,2836360729.jpg
9035,2836553263.jpg
9036,2836696661.jpg
9037,2836703077.jpg
9038,283677618.jpg
9039,2836808985.jpg
9040,2836864045.jpg
9041,2836926422.jpg
9042,2837110865.jpg
9043,2837127816.jpg
9044,2837253011.jpg
9045,2837254541.jpg
9046,283745783.jpg
9047,2837480448.jpg
9048,283757164.jpg
9049,2837640996.jpg
9050,2837695157.jpg
9051,2837695383.jpg
9052,2837734285.jpg
9053,2837740149.jpg
9054,2837777441.jpg
9055,2837799692.jpg
9056,2837804631.jpg
9057,2837808847.jpg
9058,2837886692.jpg
9059,2837908308.jpg
9060,2838065126.jpg
9061,2838085973.jpg
9062,2838125339.jpg
9063,2838133448.jpg
9064,2838452780.jpg
9065,2838535875.jpg
9066,2838590130.jpg
9067,2838612066.jpg
9068,2838619742.jpg
9069,2838688549.jpg
9070,2838888385.jpg
9071,2838920834.jpg
9072,2839038702.jpg
9073,2839397766.jpg
9074,2839532455.jpg
9075,2839789830.jpg
9076,2839807428.jpg
9077,2839890871.jpg
9078,2839932205.jpg
9079,2839953744.jpg
9080,283999555.jpg
9081,284028406.jpg
9082,2840344516.jpg
9083,2840866676.jpg
9084,284105062.jpg
9085,2841088187.jpg
9086,2841101582.jpg
9087,2841196844.jpg
9088,2841449931.jpg
9089,2841909138.jpg
9090,2842032768.jpg
9091,2842122575.jpg
9092,2842439618.jpg
9093,284251489.jpg
9094,2842609837.jpg
9095,284279868.jpg
9096,2842849030.jpg
9097,2842865689.jpg
9098,284312563.jpg
9099,2843198818.jpg
9100,2843524276.jpg
9101,2843553836.jpg
9102,2843629756.jpg
9103,2843695880.jpg
9104,2844018783.jpg
9105,2844126957.jpg
9106,2844202978.jpg
9107,284441196.jpg
9108,2844588501.jpg
9109,2844641033.jpg
9110,2844654521.jpg
9111,2844747252.jpg
9112,284480980.jpg
9113,2844846111.jpg
9114,2844963839.jpg
9115,2845006899.jpg
9116,2845078659.jpg
9117,2845080955.jpg
9118,2845082521.jpg
9119,2845084079.jpg
9120,2845084857.jpg
9121,2845086305.jpg
9122,2845246160.jpg
9123,2845525442.jpg
9124,2845691057.jpg
9125,2845760148.jpg
9126,2845839808.jpg
9127,2845845721.jpg
9128,284587031.jpg
9129,2845872724.jpg
9130,2845913086.jpg
9131,2845913338.jpg
9132,2845914142.jpg
9133,2845916888.jpg
9134,2845919674.jpg
9135,2846037553.jpg
9136,284644694.jpg
9137,2846724677.jpg
9138,2846785268.jpg
9139,2846843520.jpg
9140,2846853277.jpg
9141,2846985581.jpg
9142,2847281670.jpg
9143,2847514745.jpg
9144,2847541837.jpg
9145,2847553486.jpg
9146,2847615962.jpg
9147,2847633529.jpg
9148,2847859796.jpg
9149,2848266893.jpg
9150,2848418175.jpg
9151,2848571082.jpg
9152,2848895544.jpg
9153,2848977044.jpg
9154,2849169944.jpg
9155,2849194983.jpg
9156,2849292029.jpg
9157,2849842834.jpg
9158,2849852340.jpg
9159,2849864963.jpg
9160,2850719435.jpg
9161,2851198725.jpg
9162,2851304910.jpg
9163,2851931813.jpg
9164,285208916.jpg
9165,2852670181.jpg
9166,2852672275.jpg
9167,2852673699.jpg
9168,2852982055.jpg
9169,285306009.jpg
9170,285318896.jpg
9171,285319526.jpg
9172,2853205396.jpg
9173,2853407781.jpg
9174,2853451727.jpg
9175,2853682342.jpg
9176,2853743795.jpg
9177,2853811730.jpg
9178,2854207034.jpg
9179,2854234756.jpg
9180,2854291706.jpg
9181,2854959952.jpg
9182,2855417531.jpg
9183,28555944.jpg
9184,2855594918.jpg
9185,2855667597.jpg
9186,2855695119.jpg
9187,2855727603.jpg
9188,285586547.jpg
9189,2855910826.jpg
9190,2856053254.jpg
9191,2856080862.jpg
9192,2856115343.jpg
9193,2856252334.jpg
9194,2856456013.jpg
9195,2856524322.jpg
9196,2856564292.jpg
9197,2856699493.jpg
9198,2856700531.jpg
9199,2856700762.jpg
9200,2856769919.jpg
9201,2856923934.jpg
9202,2857372127.jpg
9203,2857473929.jpg
9204,2857558098.jpg
9205,2857609295.jpg
9206,2858318330.jpg
9207,2858408189.jpg
9208,2858422057.jpg
9209,2858439751.jpg
9210,2858456847.jpg
9211,2858757067.jpg
9212,2858759108.jpg
9213,2858793859.jpg
9214,2858818484.jpg
9215,2858819804.jpg
9216,2858835419.jpg
9217,2858843359.jpg
9218,2858866547.jpg
9219,2858903676.jpg
9220,2859514376.jpg
9221,2859601137.jpg
9222,2859661776.jpg
9223,2860035355.jpg
9224,2860040276.jpg
9225,2860041212.jpg
9226,2860202109.jpg
9227,2860314714.jpg
9228,2860344033.jpg
9229,2860372882.jpg
9230,2860400846.jpg
9231,2860430876.jpg
9232,2860432302.jpg
9233,2860524742.jpg
9234,2860667542.jpg
9235,286084055.jpg
9236,2860872588.jpg
9237,2861100960.jpg
9238,2861413434.jpg
9239,2861932486.jpg
9240,2862004252.jpg
9241,2862306612.jpg
9242,2862469183.jpg
9243,2862481071.jpg
9244,2862509442.jpg
9245,2862676319.jpg
9246,2862704719.jpg
9247,2862721322.jpg
9248,2862931640.jpg
9249,2863027424.jpg
9250,2863042793.jpg
9251,2863180332.jpg
9252,2863186021.jpg
9253,2863349041.jpg
9254,2863458991.jpg
9255,2863466964.jpg
9256,2863501449.jpg
9257,2863539038.jpg
9258,2863848437.jpg
9259,2864340145.jpg
9260,2864575495.jpg
9261,2864577025.jpg
9262,286459527.jpg
9263,2864608641.jpg
9264,2864634088.jpg
9265,2864854530.jpg
9266,2864914377.jpg
9267,2865376471.jpg
9268,2865409854.jpg
9269,2865564810.jpg
9270,2865703567.jpg
9271,2865725777.jpg
9272,2865736256.jpg
9273,2866016431.jpg
9274,2866018225.jpg
9275,2866093652.jpg
9276,2866254827.jpg
9277,286631459.jpg
9278,2866529477.jpg
9279,286660725.jpg
9280,2866686547.jpg
9281,2866696346.jpg
9282,2866820467.jpg
9283,2866974237.jpg
9284,2867026654.jpg
9285,2867174889.jpg
9286,2867459095.jpg
9287,2867460039.jpg
9288,2867699650.jpg
9289,2867736861.jpg
9290,2867845624.jpg
9291,2867937005.jpg
9292,2867968184.jpg
9293,286797291.jpg
9294,2868136205.jpg
9295,2868324804.jpg
9296,2868575889.jpg
9297,2868652721.jpg
9298,2868668723.jpg
9299,2868776402.jpg
9300,2868798.jpg
9301,2869009633.jpg
9302,286907063.jpg
9303,2869253972.jpg
9304,2869439070.jpg
9305,2869491449.jpg
9306,2869653417.jpg
9307,2869726815.jpg
9308,2869765795.jpg
9309,2870015912.jpg
9310,2870194345.jpg
9311,2870426310.jpg
9312,2870682429.jpg
9313,2870875612.jpg
9314,2871134110.jpg
9315,2871392045.jpg
9316,2871565069.jpg
9317,2871691966.jpg
9318,2871962580.jpg
9319,2871981087.jpg
9320,2871984109.jpg
9321,2871989067.jpg
9322,2872099696.jpg
9323,287212060.jpg
9324,2872197070.jpg
9325,287257735.jpg
9326,2872638234.jpg
9327,2872743471.jpg
9328,2872778569.jpg
9329,2872806249.jpg
9330,2872815538.jpg
9331,2872819024.jpg
9332,2872903075.jpg
9333,2872963574.jpg
9334,2873065944.jpg
9335,2873070704.jpg
9336,2873188959.jpg
9337,2873252292.jpg
9338,2873431806.jpg
9339,2873445888.jpg
9340,2873484191.jpg
9341,2873522522.jpg
9342,2873648844.jpg
9343,287373328.jpg
9344,2873837796.jpg
9345,287465694.jpg
9346,2874728371.jpg
9347,2874876837.jpg
9348,2874984466.jpg
9349,28753061.jpg
9350,2875528143.jpg
9351,2875583266.jpg
9352,2875605750.jpg
9353,2875658507.jpg
9354,2875823162.jpg
9355,2875949633.jpg
9356,2876232980.jpg
9357,287641817.jpg
9358,2876494009.jpg
9359,2876676952.jpg
9360,2876709926.jpg
9361,2876848241.jpg
9362,2876954933.jpg
9363,2876993733.jpg
9364,2876994989.jpg
9365,2877038014.jpg
9366,2877088081.jpg
9367,2877155196.jpg
9368,2877159456.jpg
9369,2877176179.jpg
9370,2877189011.jpg
9371,2877313756.jpg
9372,2877424957.jpg
9373,2877503811.jpg
9374,2877511986.jpg
9375,2877637572.jpg
9376,2877967049.jpg
9377,2877991964.jpg
9378,2878002558.jpg
9379,2878015018.jpg
9380,2878041967.jpg
9381,2878190821.jpg
9382,2878272032.jpg
9383,2878578240.jpg
9384,2878705136.jpg
9385,2879241506.jpg
9386,287965739.jpg
9387,287967163.jpg
9388,287968801.jpg
9389,2879966085.jpg
9390,287999021.jpg
9391,2879991421.jpg
9392,2880051254.jpg
9393,288025239.jpg
9394,288038357.jpg
9395,28804571.jpg
9396,2880874989.jpg
9397,2881087519.jpg
9398,2881097092.jpg
9399,2881202981.jpg
9400,2881378816.jpg
9401,2881441125.jpg
9402,2881468095.jpg
9403,2881561370.jpg
9404,2881644926.jpg
9405,2881685775.jpg
9406,288177922.jpg
9407,288192537.jpg
9408,2882056260.jpg
9409,2882160042.jpg
9410,2882402709.jpg
9411,2882483779.jpg
9412,2882589788.jpg
9413,288261862.jpg
9414,2882743431.jpg
9415,2882746618.jpg
9416,2882893687.jpg
9417,2882925081.jpg
9418,2883099128.jpg
9419,2883324329.jpg
9420,2883464000.jpg
9421,288351324.jpg
9422,2883749170.jpg
9423,2883760932.jpg
9424,2883907436.jpg
9425,2883950737.jpg
9426,288406480.jpg
9427,2884092603.jpg
9428,2884252132.jpg
9429,2884301336.jpg
9430,2884400562.jpg
9431,2884420269.jpg
9432,2884468160.jpg
9433,2884651479.jpg
9434,2884750527.jpg
9435,288508162.jpg
9436,2885111681.jpg
9437,2885382946.jpg
9438,2885387575.jpg
9439,2885388989.jpg
9440,2885768735.jpg
9441,2885861465.jpg
9442,2885891981.jpg
9443,2885912662.jpg
9444,2885967985.jpg
9445,2886225006.jpg
9446,2886411666.jpg
9447,2886533440.jpg
9448,2886837407.jpg
9449,2887103049.jpg
9450,2887171449.jpg
9451,2887474280.jpg
9452,2887614578.jpg
9453,2887744223.jpg
9454,2887750774.jpg
9455,288776839.jpg
9456,2887798667.jpg
9457,2887939135.jpg
9458,2888386138.jpg
9459,2888408966.jpg
9460,2888479483.jpg
9461,2888499869.jpg
9462,2888517039.jpg
9463,2888520501.jpg
9464,2888545025.jpg
9465,2888658480.jpg
9466,2888702775.jpg
9467,2888732432.jpg
9468,288880576.jpg
9469,2888808511.jpg
9470,2888815691.jpg
9471,288908971.jpg
9472,2889113059.jpg
9473,2889335946.jpg
9474,2889339134.jpg
9475,2889346148.jpg
9476,2889358507.jpg
9477,2889358814.jpg
9478,2889481764.jpg
9479,2889845164.jpg
9480,2889947470.jpg
9481,2890057168.jpg
9482,2890075175.jpg
9483,2890113532.jpg
9484,2890120770.jpg
9485,2890240843.jpg
9486,2890385480.jpg
9487,2890731828.jpg
9488,2891162278.jpg
9489,2891185857.jpg
9490,2891240104.jpg
9491,2891300143.jpg
9492,2891451496.jpg
9493,289146119.jpg
9494,2891617125.jpg
9495,2891715589.jpg
9496,2891924845.jpg
9497,2891939693.jpg
9498,2891943949.jpg
9499,2891961886.jpg
9500,2892177947.jpg
9501,2892244557.jpg
9502,2892385091.jpg
9503,2892395757.jpg
9504,2892413015.jpg
9505,2892467862.jpg
9506,289262112.jpg
9507,289262437.jpg
9508,289262516.jpg
9509,2892843393.jpg
9510,2892844237.jpg
9511,2892989340.jpg
9512,2892992529.jpg
9513,2892995070.jpg
9514,2893238950.jpg
9515,2893374123.jpg
9516,2893476169.jpg
9517,2893515010.jpg
9518,2893518092.jpg
9519,2893551710.jpg
9520,2893618834.jpg
9521,289387198.jpg
9522,2894008505.jpg
9523,2894217628.jpg
9524,2894229082.jpg
9525,2894309943.jpg
9526,2894576909.jpg
9527,2894634533.jpg
9528,2894850774.jpg
9529,2894893895.jpg
9530,2895403073.jpg
9531,2895548671.jpg
9532,2895580381.jpg
9533,289560545.jpg
9534,2895700779.jpg
9535,289583589.jpg
9536,2895966469.jpg
9537,289599470.jpg
9538,289616152.jpg
9539,2896180326.jpg
9540,289620419.jpg
9541,2896237618.jpg
9542,289625522.jpg
9543,289628492.jpg
9544,2896298341.jpg
9545,289636441.jpg
9546,289637262.jpg
9547,289638061.jpg
9548,289638863.jpg
9549,289639811.jpg
9550,2896464687.jpg
9551,2896483502.jpg
9552,2896529993.jpg
9553,2896640216.jpg
9554,2896668718.jpg
9555,2896804690.jpg
9556,2897141031.jpg
9557,2897143731.jpg
9558,2897147853.jpg
9559,289742991.jpg
9560,2897832422.jpg
9561,2897978268.jpg
9562,2897990634.jpg
9563,2898177660.jpg
9564,2898189446.jpg
9565,2898304260.jpg
9566,2898332758.jpg
9567,289860281.jpg
9568,2898690285.jpg
9569,2898710898.jpg
9570,2898810636.jpg
9571,2899089320.jpg
9572,2899276965.jpg
9573,2899374885.jpg
9574,289939071.jpg
9575,2899501488.jpg
9576,2899527576.jpg
9577,2899549022.jpg
9578,2899550625.jpg
9579,2899594400.jpg
9580,2899622876.jpg
9581,2899783188.jpg
9582,2900048238.jpg
9583,290019324.jpg
9584,2900213085.jpg
9585,2900242501.jpg
9586,2900265091.jpg
9587,2900271867.jpg
9588,2900274587.jpg
9589,2900418076.jpg
9590,2900560501.jpg
9591,2900680078.jpg
9592,2900701525.jpg
9593,2900905937.jpg
9594,2901074943.jpg
9595,2901341974.jpg
9596,2901375404.jpg
9597,2901462003.jpg
9598,2901880865.jpg
9599,2902269566.jpg
9600,2902383833.jpg
9601,2902486045.jpg
9602,2902599503.jpg
9603,2902661518.jpg
9604,2902844125.jpg
9605,2902922070.jpg
9606,2903469015.jpg
9607,2903617548.jpg
9608,2903891780.jpg
9609,2904104770.jpg
9610,2904129133.jpg
9611,2904377891.jpg
9612,2904601886.jpg
9613,2904676815.jpg
9614,2904714989.jpg
9615,2904739724.jpg
9616,2904866530.jpg
9617,2904997007.jpg
9618,2904999450.jpg
9619,2905200744.jpg
9620,2905250733.jpg
9621,2905942129.jpg
9622,2905948395.jpg
9623,2905975229.jpg
9624,2906054175.jpg
9625,290629328.jpg
9626,2906329398.jpg
9627,290650302.jpg
9628,2906755876.jpg
9629,2906759254.jpg
9630,2906802485.jpg
9631,2907073768.jpg
9632,2907088408.jpg
9633,2907244809.jpg
9634,290764663.jpg
9635,290764786.jpg
9636,2907904426.jpg
9637,2907919943.jpg
9638,2908391223.jpg
9639,2908391335.jpg
9640,2908466042.jpg
9641,2908493594.jpg
9642,2908512223.jpg
9643,2908834379.jpg
9644,2908859957.jpg
9645,2908960035.jpg
9646,2908981903.jpg
9647,2909081008.jpg
9648,2909237928.jpg
9649,2909609550.jpg
9650,2909811789.jpg
9651,290982269.jpg
9652,2909875716.jpg
9653,2909955251.jpg
9654,2909982588.jpg
9655,291014975.jpg
9656,2910297808.jpg
9657,2910453671.jpg
9658,291072638.jpg
9659,2910758605.jpg
9660,2910873592.jpg
9661,2910885196.jpg
9662,2911032463.jpg
9663,2911107495.jpg
9664,2911238432.jpg
9665,2911245290.jpg
9666,2911361601.jpg
9667,2911552402.jpg
9668,2911553636.jpg
9669,2911658792.jpg
9670,2911706853.jpg
9671,2911919938.jpg
9672,2911928620.jpg
9673,2912210904.jpg
9674,2912476706.jpg
9675,2912692890.jpg
9676,2912739576.jpg
9677,2913097619.jpg
9678,2913154802.jpg
9679,2913207978.jpg
9680,2913345328.jpg
9681,2913507150.jpg
9682,2913727742.jpg
9683,2913818905.jpg
9684,2913965136.jpg
9685,2913972180.jpg
9686,2914022011.jpg
9687,2914091986.jpg
9688,2914160252.jpg
9689,2914163048.jpg
9690,2914206497.jpg
9691,291424260.jpg
9692,2914331767.jpg
9693,2914737181.jpg
9694,2914800692.jpg
9695,2914936417.jpg
9696,2915183095.jpg
9697,2915223777.jpg
9698,2915389480.jpg
9699,2915400809.jpg
9700,2915538325.jpg
9701,291565639.jpg
9702,2915698477.jpg
9703,2915718100.jpg
9704,2915792034.jpg
9705,2916009941.jpg
9706,2916012955.jpg
9707,2916015337.jpg
9708,291609418.jpg
9709,291613911.jpg
9710,2916179149.jpg
9711,2916251587.jpg
9712,2916362709.jpg
9713,2916586390.jpg
9714,2916770809.jpg
9715,2916920568.jpg
9716,2917057791.jpg
9717,2917193696.jpg
9718,2917248300.jpg
9719,2917463531.jpg
9720,2917465129.jpg
9721,2917480555.jpg
9722,2917527717.jpg
9723,291768952.jpg
9724,2917843040.jpg
9725,2918474117.jpg
9726,2918653119.jpg
9727,2918769188.jpg
9728,2918880895.jpg
9729,2919151852.jpg
9730,2919459517.jpg
9731,291952021.jpg
9732,2920005017.jpg
9733,2920305300.jpg
9734,2920516901.jpg
9735,2920969723.jpg
9736,2921094201.jpg
9737,2921112724.jpg
9738,2921198890.jpg
9739,2921430836.jpg
9740,2921530804.jpg
9741,2921578694.jpg
9742,2921670682.jpg
9743,2921793132.jpg
9744,2921806371.jpg
9745,2921906558.jpg
9746,292198220.jpg
9747,2922222717.jpg
9748,2922302990.jpg
9749,2922504002.jpg
9750,2922512807.jpg
9751,2922651812.jpg
9752,2922668858.jpg
9753,2922721663.jpg
9754,2922790834.jpg
9755,2922793524.jpg
9756,2922807898.jpg
9757,2922973230.jpg
9758,2922981282.jpg
9759,2923086298.jpg
9760,2923386532.jpg
9761,2923475135.jpg
9762,2923497185.jpg
9763,292354399.jpg
9764,2923605305.jpg
9765,2923825744.jpg
9766,2923891109.jpg
9767,2924096614.jpg
9768,2924259848.jpg
9769,2924305507.jpg
9770,2924306387.jpg
9771,2924307251.jpg
9772,2924312981.jpg
9773,2924483864.jpg
9774,2924489177.jpg
9775,2924689361.jpg
9776,2924825127.jpg
9777,2924870944.jpg
9778,2924884815.jpg
9779,2924884899.jpg
9780,2924908529.jpg
9781,2925125303.jpg
9782,2925158918.jpg
9783,2925160864.jpg
9784,2925161354.jpg
9785,2925162156.jpg
9786,2925163296.jpg
9787,2925163942.jpg
9788,2925164688.jpg
9789,2925242998.jpg
9790,292531473.jpg
9791,2925522500.jpg
9792,2925556493.jpg
9793,2925577165.jpg
9794,2925677810.jpg
9795,2925737498.jpg
9796,2925760802.jpg
9797,2926233397.jpg
9798,292632657.jpg
9799,2926595608.jpg
9800,2926675936.jpg
9801,292673534.jpg
9802,2926786902.jpg
9803,292780636.jpg
9804,2927878881.jpg
9805,2928152792.jpg
9806,2928580824.jpg
9807,2928835996.jpg
9808,292887910.jpg
9809,2929006980.jpg
9810,2929086689.jpg
9811,2929137203.jpg
9812,2929181389.jpg
9813,2929188436.jpg
9814,2929272606.jpg
9815,2929405404.jpg
9816,2929506802.jpg
9817,2929669711.jpg
9818,2929968078.jpg
9819,2930318834.jpg
9820,2930514856.jpg
9821,2930580341.jpg
9822,2930616480.jpg
9823,2930622766.jpg
9824,2930902521.jpg
9825,2930980889.jpg
9826,2931254547.jpg
9827,2931392634.jpg
9828,293151893.jpg
9829,2931695159.jpg
9830,2931721215.jpg
9831,2931759630.jpg
9832,2931950813.jpg
9833,29320312.jpg
9834,29320965.jpg
9835,2932395753.jpg
9836,2932498509.jpg
9837,2932519416.jpg
9838,2932550680.jpg
9839,2932553502.jpg
9840,2932740428.jpg
9841,293281150.jpg
9842,293327462.jpg
9843,2933359877.jpg
9844,2933516096.jpg
9845,2933637854.jpg
9846,2933643390.jpg
9847,29337734.jpg
9848,2933872721.jpg
9849,2933912528.jpg
9850,29339871.jpg
9851,2934000107.jpg
9852,2934022873.jpg
9853,2934121315.jpg
9854,2934325103.jpg
9855,2934359101.jpg
9856,2934379210.jpg
9857,2934431078.jpg
9858,2934573544.jpg
9859,2934628301.jpg
9860,2934801096.jpg
9861,2934821357.jpg
9862,2934837034.jpg
9863,2935649082.jpg
9864,2935703360.jpg
9865,293575531.jpg
9866,2935921151.jpg
9867,2935986346.jpg
9868,2936071706.jpg
9869,293653043.jpg
9870,2936590102.jpg
9871,2936693681.jpg
9872,2936707421.jpg
9873,2936865989.jpg
9874,2936881937.jpg
9875,2936969650.jpg
9876,2937011123.jpg
9877,2937178897.jpg
9878,2937248015.jpg
9879,2937312269.jpg
9880,2937365149.jpg
9881,2937389449.jpg
9882,2937461473.jpg
9883,2937497894.jpg
9884,2937606915.jpg
9885,2937611480.jpg
9886,2937697444.jpg
9887,2937713493.jpg
9888,2937882774.jpg
9889,2937942758.jpg
9890,2938072630.jpg
9891,293809422.jpg
9892,2938120171.jpg
9893,2938181762.jpg
9894,2938316391.jpg
9895,2938349830.jpg
9896,2938362117.jpg
9897,2938431292.jpg
9898,2938523789.jpg
9899,2938599163.jpg
9900,2938747424.jpg
9901,293879742.jpg
9902,293881927.jpg
9903,2938852531.jpg
9904,2938875913.jpg
9905,29389675.jpg
9906,2938996469.jpg
9907,2939007933.jpg
9908,2939116460.jpg
9909,2939197393.jpg
9910,2939371251.jpg
9911,2939464283.jpg
9912,2939475047.jpg
9913,2939771132.jpg
9914,2940328539.jpg
9915,2940342154.jpg
9916,2940366012.jpg
9917,2940427692.jpg
9918,2940522002.jpg
9919,2940594396.jpg
9920,2940719987.jpg
9921,294074951.jpg
9922,2940831473.jpg
9923,2940974439.jpg
9924,294098577.jpg
9925,294111300.jpg
9926,2941340576.jpg
9927,2941340816.jpg
9928,2941650098.jpg
9929,2941668295.jpg
9930,2941677396.jpg
9931,2941677924.jpg
9932,2941683067.jpg
9933,2942094037.jpg
9934,2942133798.jpg
9935,2942311160.jpg
9936,294241289.jpg
9937,2942514377.jpg
9938,2942535642.jpg
9939,2942616793.jpg
9940,2942798367.jpg
9941,2943023421.jpg
9942,2943079526.jpg
9943,2943334864.jpg
9944,2943375194.jpg
9945,2943384009.jpg
9946,2943399558.jpg
9947,294353408.jpg
9948,2943557287.jpg
9949,2943692397.jpg
9950,2943772984.jpg
9951,294380770.jpg
9952,294391131.jpg
9953,2944025729.jpg
9954,2944156905.jpg
9955,2944193661.jpg
9956,2944362789.jpg
9957,294443417.jpg
9958,2944553914.jpg
9959,2944619397.jpg
9960,2944647707.jpg
9961,2944675019.jpg
9962,2944836001.jpg
9963,2944952557.jpg
9964,2945036454.jpg
9965,2945213105.jpg
9966,294549892.jpg
9967,2945685284.jpg
9968,2946016853.jpg
9969,2946354846.jpg
9970,2946464027.jpg
9971,294655770.jpg
9972,294709836.jpg
9973,294716517.jpg
9974,2947172114.jpg
9975,2947274789.jpg
9976,2947452329.jpg
9977,294839797.jpg
9978,2948814138.jpg
9979,2949014128.jpg
9980,2949337912.jpg
9981,2949353587.jpg
9982,2949497756.jpg
9983,2949758450.jpg
9984,2949762776.jpg
9985,2949773540.jpg
9986,2949880800.jpg
9987,2949982320.jpg
9988,2950093151.jpg
9989,2950393735.jpg
9990,2950637275.jpg
9991,295089051.jpg
9992,2950905787.jpg
9993,2951092164.jpg
9994,2951310606.jpg
9995,2951693787.jpg
9996,2951750234.jpg
9997,2952141476.jpg
9998,295229746.jpg
9999,2952320230.jpg
10000,295258727.jpg
