image_id,caption_id
1,1
1,2
1,3
1,4
1,5
2,6
2,7
2,8
2,9
2,10
3,11
3,12
3,13
3,14
3,15
4,16
4,17
4,18
4,19
4,20
5,21
5,22
5,23
5,24
5,25
6,26
6,27
6,28
6,29
6,30
7,31
7,32
7,33
7,34
7,35
8,36
8,37
8,38
8,39
8,40
9,41
9,42
9,43
9,44
9,45
10,46
10,47
10,48
10,49
10,50
11,51
11,52
11,53
11,54
11,55
12,56
12,57
12,58
12,59
12,60
13,61
13,62
13,63
13,64
13,65
14,66
14,67
14,68
14,69
14,70
15,71
15,72
15,73
15,74
15,75
16,76
16,77
16,78
16,79
16,80
17,81
17,82
17,83
17,84
17,85
18,86
18,87
18,88
18,89
18,90
19,91
19,92
19,93
19,94
19,95
20,96
20,97
20,98
20,99
20,100
21,101
21,102
21,103
21,104
21,105
22,106
22,107
22,108
22,109
22,110
23,111
23,112
23,113
23,114
23,115
24,116
24,117
24,118
24,119
24,120
25,121
25,122
25,123
25,124
25,125
26,126
26,127
26,128
26,129
26,130
27,131
27,132
27,133
27,134
27,135
28,136
28,137
28,138
28,139
28,140
29,141
29,142
29,143
29,144
29,145
30,146
30,147
30,148
30,149
30,150
31,151
31,152
31,153
31,154
31,155
32,156
32,157
32,158
32,159
32,160
33,161
33,162
33,163
33,164
33,165
34,166
34,167
34,168
34,169
34,170
35,171
35,172
35,173
35,174
35,175
36,176
36,177
36,178
36,179
36,180
37,181
37,182
37,183
37,184
37,185
38,186
38,187
38,188
38,189
38,190
39,191
39,192
39,193
39,194
39,195
40,196
40,197
40,198
40,199
40,200
41,201
41,202
41,203
41,204
41,205
42,206
42,207
42,208
42,209
42,210
43,211
43,212
43,213
43,214
43,215
44,216
44,217
44,218
44,219
44,220
45,221
45,222
45,223
45,224
45,225
46,226
46,227
46,228
46,229
46,230
47,231
47,232
47,233
47,234
47,235
48,236
48,237
48,238
48,239
48,240
49,241
49,242
49,243
49,244
49,245
50,246
50,247
50,248
50,249
50,250
51,251
51,252
51,253
51,254
51,255
52,256
52,257
52,258
52,259
52,260
53,261
53,262
53,263
53,264
53,265
54,266
54,267
54,268
54,269
54,270
55,271
55,272
55,273
55,274
55,275
56,276
56,277
56,278
56,279
56,280
57,281
57,282
57,283
57,284
57,285
58,286
58,287
58,288
58,289
58,290
59,291
59,292
59,293
59,294
59,295
60,296
60,297
60,298
60,299
60,300
61,301
61,302
61,303
61,304
61,305
62,306
62,307
62,308
62,309
62,310
63,311
63,312
63,313
63,314
63,315
64,316
64,317
64,318
64,319
64,320
65,321
65,322
65,323
65,324
65,325
66,326
66,327
66,328
66,329
66,330
67,331
67,332
67,333
67,334
67,335
68,336
68,337
68,338
68,339
68,340
69,341
69,342
69,343
69,344
69,345
70,346
70,347
70,348
70,349
70,350
71,351
71,352
71,353
71,354
71,355
72,356
72,357
72,358
72,359
72,360
73,361
73,362
73,363
73,364
73,365
74,366
74,367
74,368
74,369
74,370
75,371
75,372
75,373
75,374
75,375
76,376
76,377
76,378
76,379
76,380
77,381
77,382
77,383
77,384
77,385
78,386
78,387
78,388
78,389
78,390
79,391
79,392
79,393
79,394
79,395
80,396
80,397
80,398
80,399
80,400
81,401
81,402
81,403
81,404
81,405
82,406
82,407
82,408
82,409
82,410
83,411
83,412
83,413
83,414
83,415
84,416
84,417
84,418
84,419
84,420
85,421
85,422
85,423
85,424
85,425
86,426
86,427
86,428
86,429
86,430
87,431
87,432
87,433
87,434
87,435
88,436
88,437
88,438
88,439
88,440
89,441
89,442
89,443
89,444
89,445
90,446
90,447
90,448
90,449
90,450
91,451
91,452
91,453
91,454
91,455
92,456
92,457
92,458
92,459
92,460
93,461
93,462
93,463
93,464
93,465
94,466
94,467
94,468
94,469
94,470
95,471
95,472
95,473
95,474
95,475
96,476
96,477
96,478
96,479
96,480
97,481
97,482
97,483
97,484
97,485
98,486
98,487
98,488
98,489
98,490
99,491
99,492
99,493
99,494
99,495
100,496
100,497
100,498
100,499
100,500
101,501
101,502
101,503
101,504
101,505
102,506
102,507
102,508
102,509
102,510
103,511
103,512
103,513
103,514
103,515
104,516
104,517
104,518
104,519
104,520
105,521
105,522
105,523
105,524
105,525
106,526
106,527
106,528
106,529
106,530
107,531
107,532
107,533
107,534
107,535
108,536
108,537
108,538
108,539
108,540
109,541
109,542
109,543
109,544
109,545
110,546
110,547
110,548
110,549
110,550
111,551
111,552
111,553
111,554
111,555
112,556
112,557
112,558
112,559
112,560
113,561
113,562
113,563
113,564
113,565
114,566
114,567
114,568
114,569
114,570
115,571
115,572
115,573
115,574
115,575
116,576
116,577
116,578
116,579
116,580
117,581
117,582
117,583
117,584
117,585
118,586
118,587
118,588
118,589
118,590
119,591
119,592
119,593
119,594
119,595
120,596
120,597
120,598
120,599
120,600
121,601
121,602
121,603
121,604
121,605
122,606
122,607
122,608
122,609
122,610
123,611
123,612
123,613
123,614
123,615
124,616
124,617
124,618
124,619
124,620
125,621
125,622
125,623
125,624
125,625
126,626
126,627
126,628
126,629
126,630
127,631
127,632
127,633
127,634
127,635
128,636
128,637
128,638
128,639
128,640
129,641
129,642
129,643
129,644
129,645
130,646
130,647
130,648
130,649
130,650
131,651
131,652
131,653
131,654
131,655
132,656
132,657
132,658
132,659
132,660
133,661
133,662
133,663
133,664
133,665
134,666
134,667
134,668
134,669
134,670
135,671
135,672
135,673
135,674
135,675
136,676
136,677
136,678
136,679
136,680
137,681
137,682
137,683
137,684
137,685
138,686
138,687
138,688
138,689
138,690
139,691
139,692
139,693
139,694
139,695
140,696
140,697
140,698
140,699
140,700
141,701
141,702
141,703
141,704
141,705
142,706
142,707
142,708
142,709
142,710
143,711
143,712
143,713
143,714
143,715
144,716
144,717
144,718
144,719
144,720
145,721
145,722
145,723
145,724
145,725
146,726
146,727
146,728
146,729
146,730
147,731
147,732
147,733
147,734
147,735
148,736
148,737
148,738
148,739
148,740
149,741
149,742
149,743
149,744
149,745
150,746
150,747
150,748
150,749
150,750
151,751
151,752
151,753
151,754
151,755
152,756
152,757
152,758
152,759
152,760
153,761
153,762
153,763
153,764
153,765
154,766
154,767
154,768
154,769
154,770
155,771
155,772
155,773
155,774
155,775
156,776
156,777
156,778
156,779
156,780
157,781
157,782
157,783
157,784
157,785
158,786
158,787
158,788
158,789
158,790
159,791
159,792
159,793
159,794
159,795
160,796
160,797
160,798
160,799
160,800
161,801
161,802
161,803
161,804
161,805
162,806
162,807
162,808
162,809
162,810
163,811
163,812
163,813
163,814
163,815
164,816
164,817
164,818
164,819
164,820
165,821
165,822
165,823
165,824
165,825
166,826
166,827
166,828
166,829
166,830
167,831
167,832
167,833
167,834
167,835
168,836
168,837
168,838
168,839
168,840
169,841
169,842
169,843
169,844
169,845
170,846
170,847
170,848
170,849
170,850
171,851
171,852
171,853
171,854
171,855
172,856
172,857
172,858
172,859
172,860
173,861
173,862
173,863
173,864
173,865
174,866
174,867
174,868
174,869
174,870
175,871
175,872
175,873
175,874
175,875
176,876
176,877
176,878
176,879
176,880
177,881
177,882
177,883
177,884
177,885
178,886
178,887
178,888
178,889
178,890
179,891
179,892
179,893
179,894
179,895
180,896
180,897
180,898
180,899
180,900
181,901
181,902
181,903
181,904
181,905
182,906
182,907
182,908
182,909
182,910
183,911
183,912
183,913
183,914
183,915
184,916
184,917
184,918
184,919
184,920
185,921
185,922
185,923
185,924
185,925
186,926
186,927
186,928
186,929
186,930
187,931
187,932
187,933
187,934
187,935
188,936
188,937
188,938
188,939
188,940
189,941
189,942
189,943
189,944
189,945
190,946
190,947
190,948
190,949
190,950
191,951
191,952
191,953
191,954
191,955
192,956
192,957
192,958
192,959
192,960
193,961
193,962
193,963
193,964
193,965
194,966
194,967
194,968
194,969
194,970
195,971
195,972
195,973
195,974
195,975
196,976
196,977
196,978
196,979
196,980
197,981
197,982
197,983
197,984
197,985
198,986
198,987
198,988
198,989
198,990
199,991
199,992
199,993
199,994
199,995
200,996
200,997
200,998
200,999
200,1000
201,1001
201,1002
201,1003
201,1004
201,1005
202,1006
202,1007
202,1008
202,1009
202,1010
203,1011
203,1012
203,1013
203,1014
203,1015
204,1016
204,1017
204,1018
204,1019
204,1020
205,1021
205,1022
205,1023
205,1024
205,1025
206,1026
206,1027
206,1028
206,1029
206,1030
207,1031
207,1032
207,1033
207,1034
207,1035
208,1036
208,1037
208,1038
208,1039
208,1040
209,1041
209,1042
209,1043
209,1044
209,1045
210,1046
210,1047
210,1048
210,1049
210,1050
211,1051
211,1052
211,1053
211,1054
211,1055
212,1056
212,1057
212,1058
212,1059
212,1060
213,1061
213,1062
213,1063
213,1064
213,1065
214,1066
214,1067
214,1068
214,1069
214,1070
215,1071
215,1072
215,1073
215,1074
215,1075
216,1076
216,1077
216,1078
216,1079
216,1080
217,1081
217,1082
217,1083
217,1084
217,1085
218,1086
218,1087
218,1088
218,1089
218,1090
219,1091
219,1092
219,1093
219,1094
219,1095
220,1096
220,1097
220,1098
220,1099
220,1100
221,1101
221,1102
221,1103
221,1104
221,1105
222,1106
222,1107
222,1108
222,1109
222,1110
223,1111
223,1112
223,1113
223,1114
223,1115
224,1116
224,1117
224,1118
224,1119
224,1120
225,1121
225,1122
225,1123
225,1124
225,1125
226,1126
226,1127
226,1128
226,1129
226,1130
227,1131
227,1132
227,1133
227,1134
227,1135
228,1136
228,1137
228,1138
228,1139
228,1140
229,1141
229,1142
229,1143
229,1144
229,1145
230,1146
230,1147
230,1148
230,1149
230,1150
231,1151
231,1152
231,1153
231,1154
231,1155
232,1156
232,1157
232,1158
232,1159
232,1160
233,1161
233,1162
233,1163
233,1164
233,1165
234,1166
234,1167
234,1168
234,1169
234,1170
235,1171
235,1172
235,1173
235,1174
235,1175
236,1176
236,1177
236,1178
236,1179
236,1180
237,1181
237,1182
237,1183
237,1184
237,1185
238,1186
238,1187
238,1188
238,1189
238,1190
239,1191
239,1192
239,1193
239,1194
239,1195
240,1196
240,1197
240,1198
240,1199
240,1200
241,1201
241,1202
241,1203
241,1204
241,1205
242,1206
242,1207
242,1208
242,1209
242,1210
243,1211
243,1212
243,1213
243,1214
243,1215
244,1216
244,1217
244,1218
244,1219
244,1220
245,1221
245,1222
245,1223
245,1224
245,1225
246,1226
246,1227
246,1228
246,1229
246,1230
247,1231
247,1232
247,1233
247,1234
247,1235
248,1236
248,1237
248,1238
248,1239
248,1240
249,1241
249,1242
249,1243
249,1244
249,1245
250,1246
250,1247
250,1248
250,1249
250,1250
251,1251
251,1252
251,1253
251,1254
251,1255
252,1256
252,1257
252,1258
252,1259
252,1260
253,1261
253,1262
253,1263
253,1264
253,1265
254,1266
254,1267
254,1268
254,1269
254,1270
255,1271
255,1272
255,1273
255,1274
255,1275
256,1276
256,1277
256,1278
256,1279
256,1280
257,1281
257,1282
257,1283
257,1284
257,1285
258,1286
258,1287
258,1288
258,1289
258,1290
259,1291
259,1292
259,1293
259,1294
259,1295
260,1296
260,1297
260,1298
260,1299
260,1300
261,1301
261,1302
261,1303
261,1304
261,1305
262,1306
262,1307
262,1308
262,1309
262,1310
263,1311
263,1312
263,1313
263,1314
263,1315
264,1316
264,1317
264,1318
264,1319
264,1320
265,1321
265,1322
265,1323
265,1324
265,1325
266,1326
266,1327
266,1328
266,1329
266,1330
267,1331
267,1332
267,1333
267,1334
267,1335
268,1336
268,1337
268,1338
268,1339
268,1340
269,1341
269,1342
269,1343
269,1344
269,1345
270,1346
270,1347
270,1348
270,1349
270,1350
271,1351
271,1352
271,1353
271,1354
271,1355
272,1356
272,1357
272,1358
272,1359
272,1360
273,1361
273,1362
273,1363
273,1364
273,1365
274,1366
274,1367
274,1368
274,1369
274,1370
275,1371
275,1372
275,1373
275,1374
275,1375
276,1376
276,1377
276,1378
276,1379
276,1380
277,1381
277,1382
277,1383
277,1384
277,1385
278,1386
278,1387
278,1388
278,1389
278,1390
279,1391
279,1392
279,1393
279,1394
279,1395
280,1396
280,1397
280,1398
280,1399
280,1400
281,1401
281,1402
281,1403
281,1404
281,1405
282,1406
282,1407
282,1408
282,1409
282,1410
283,1411
283,1412
283,1413
283,1414
283,1415
284,1416
284,1417
284,1418
284,1419
284,1420
285,1421
285,1422
285,1423
285,1424
285,1425
286,1426
286,1427
286,1428
286,1429
286,1430
287,1431
287,1432
287,1433
287,1434
287,1435
288,1436
288,1437
288,1438
288,1439
288,1440
289,1441
289,1442
289,1443
289,1444
289,1445
290,1446
290,1447
290,1448
290,1449
290,1450
291,1451
291,1452
291,1453
291,1454
291,1455
292,1456
292,1457
292,1458
292,1459
292,1460
293,1461
293,1462
293,1463
293,1464
293,1465
294,1466
294,1467
294,1468
294,1469
294,1470
295,1471
295,1472
295,1473
295,1474
295,1475
296,1476
296,1477
296,1478
296,1479
296,1480
297,1481
297,1482
297,1483
297,1484
297,1485
298,1486
298,1487
298,1488
298,1489
298,1490
299,1491
299,1492
299,1493
299,1494
299,1495
300,1496
300,1497
300,1498
300,1499
300,1500
301,1501
301,1502
301,1503
301,1504
301,1505
302,1506
302,1507
302,1508
302,1509
302,1510
303,1511
303,1512
303,1513
303,1514
303,1515
304,1516
304,1517
304,1518
304,1519
304,1520
305,1521
305,1522
305,1523
305,1524
305,1525
306,1526
306,1527
306,1528
306,1529
306,1530
307,1531
307,1532
307,1533
307,1534
307,1535
308,1536
308,1537
308,1538
308,1539
308,1540
309,1541
309,1542
309,1543
309,1544
309,1545
310,1546
310,1547
310,1548
310,1549
310,1550
311,1551
311,1552
311,1553
311,1554
311,1555
312,1556
312,1557
312,1558
312,1559
312,1560
313,1561
313,1562
313,1563
313,1564
313,1565
314,1566
314,1567
314,1568
314,1569
314,1570
315,1571
315,1572
315,1573
315,1574
315,1575
316,1576
316,1577
316,1578
316,1579
316,1580
317,1581
317,1582
317,1583
317,1584
317,1585
318,1586
318,1587
318,1588
318,1589
318,1590
319,1591
319,1592
319,1593
319,1594
319,1595
320,1596
320,1597
320,1598
320,1599
320,1600
321,1601
321,1602
321,1603
321,1604
321,1605
322,1606
322,1607
322,1608
322,1609
322,1610
323,1611
323,1612
323,1613
323,1614
323,1615
324,1616
324,1617
324,1618
324,1619
324,1620
325,1621
325,1622
325,1623
325,1624
325,1625
326,1626
326,1627
326,1628
326,1629
326,1630
327,1631
327,1632
327,1633
327,1634
327,1635
328,1636
328,1637
328,1638
328,1639
328,1640
329,1641
329,1642
329,1643
329,1644
329,1645
330,1646
330,1647
330,1648
330,1649
330,1650
331,1651
331,1652
331,1653
331,1654
331,1655
332,1656
332,1657
332,1658
332,1659
332,1660
333,1661
333,1662
333,1663
333,1664
333,1665
334,1666
334,1667
334,1668
334,1669
334,1670
335,1671
335,1672
335,1673
335,1674
335,1675
336,1676
336,1677
336,1678
336,1679
336,1680
337,1681
337,1682
337,1683
337,1684
337,1685
338,1686
338,1687
338,1688
338,1689
338,1690
339,1691
339,1692
339,1693
339,1694
339,1695
340,1696
340,1697
340,1698
340,1699
340,1700
341,1701
341,1702
341,1703
341,1704
341,1705
342,1706
342,1707
342,1708
342,1709
342,1710
343,1711
343,1712
343,1713
343,1714
343,1715
344,1716
344,1717
344,1718
344,1719
344,1720
345,1721
345,1722
345,1723
345,1724
345,1725
346,1726
346,1727
346,1728
346,1729
346,1730
347,1731
347,1732
347,1733
347,1734
347,1735
348,1736
348,1737
348,1738
348,1739
348,1740
349,1741
349,1742
349,1743
349,1744
349,1745
350,1746
350,1747
350,1748
350,1749
350,1750
351,1751
351,1752
351,1753
351,1754
351,1755
352,1756
352,1757
352,1758
352,1759
352,1760
353,1761
353,1762
353,1763
353,1764
353,1765
354,1766
354,1767
354,1768
354,1769
354,1770
355,1771
355,1772
355,1773
355,1774
355,1775
356,1776
356,1777
356,1778
356,1779
356,1780
357,1781
357,1782
357,1783
357,1784
357,1785
358,1786
358,1787
358,1788
358,1789
358,1790
359,1791
359,1792
359,1793
359,1794
359,1795
360,1796
360,1797
360,1798
360,1799
360,1800
361,1801
361,1802
361,1803
361,1804
361,1805
362,1806
362,1807
362,1808
362,1809
362,1810
363,1811
363,1812
363,1813
363,1814
363,1815
364,1816
364,1817
364,1818
364,1819
364,1820
365,1821
365,1822
365,1823
365,1824
365,1825
366,1826
366,1827
366,1828
366,1829
366,1830
367,1831
367,1832
367,1833
367,1834
367,1835
368,1836
368,1837
368,1838
368,1839
368,1840
369,1841
369,1842
369,1843
369,1844
369,1845
370,1846
370,1847
370,1848
370,1849
370,1850
371,1851
371,1852
371,1853
371,1854
371,1855
372,1856
372,1857
372,1858
372,1859
372,1860
373,1861
373,1862
373,1863
373,1864
373,1865
374,1866
374,1867
374,1868
374,1869
374,1870
375,1871
375,1872
375,1873
375,1874
375,1875
376,1876
376,1877
376,1878
376,1879
376,1880
377,1881
377,1882
377,1883
377,1884
377,1885
378,1886
378,1887
378,1888
378,1889
378,1890
379,1891
379,1892
379,1893
379,1894
379,1895
380,1896
380,1897
380,1898
380,1899
380,1900
381,1901
381,1902
381,1903
381,1904
381,1905
382,1906
382,1907
382,1908
382,1909
382,1910
383,1911
383,1912
383,1913
383,1914
383,1915
384,1916
384,1917
384,1918
384,1919
384,1920
385,1921
385,1922
385,1923
385,1924
385,1925
386,1926
386,1927
386,1928
386,1929
386,1930
387,1931
387,1932
387,1933
387,1934
387,1935
388,1936
388,1937
388,1938
388,1939
388,1940
389,1941
389,1942
389,1943
389,1944
389,1945
390,1946
390,1947
390,1948
390,1949
390,1950
391,1951
391,1952
391,1953
391,1954
391,1955
392,1956
392,1957
392,1958
392,1959
392,1960
393,1961
393,1962
393,1963
393,1964
393,1965
394,1966
394,1967
394,1968
394,1969
394,1970
395,1971
395,1972
395,1973
395,1974
395,1975
396,1976
396,1977
396,1978
396,1979
396,1980
397,1981
397,1982
397,1983
397,1984
397,1985
398,1986
398,1987
398,1988
398,1989
398,1990
399,1991
399,1992
399,1993
399,1994
399,1995
400,1996
400,1997
400,1998
400,1999
400,2000
401,2001
401,2002
401,2003
401,2004
401,2005
402,2006
402,2007
402,2008
402,2009
402,2010
403,2011
403,2012
403,2013
403,2014
403,2015
404,2016
404,2017
404,2018
404,2019
404,2020
405,2021
405,2022
405,2023
405,2024
405,2025
406,2026
406,2027
406,2028
406,2029
406,2030
407,2031
407,2032
407,2033
407,2034
407,2035
408,2036
408,2037
408,2038
408,2039
408,2040
409,2041
409,2042
409,2043
409,2044
409,2045
410,2046
410,2047
410,2048
410,2049
410,2050
411,2051
411,2052
411,2053
411,2054
411,2055
412,2056
412,2057
412,2058
412,2059
412,2060
413,2061
413,2062
413,2063
413,2064
413,2065
414,2066
414,2067
414,2068
414,2069
414,2070
415,2071
415,2072
415,2073
415,2074
415,2075
416,2076
416,2077
416,2078
416,2079
416,2080
417,2081
417,2082
417,2083
417,2084
417,2085
418,2086
418,2087
418,2088
418,2089
418,2090
419,2091
419,2092
419,2093
419,2094
419,2095
420,2096
420,2097
420,2098
420,2099
420,2100
421,2101
421,2102
421,2103
421,2104
421,2105
422,2106
422,2107
422,2108
422,2109
422,2110
423,2111
423,2112
423,2113
423,2114
423,2115
424,2116
424,2117
424,2118
424,2119
424,2120
425,2121
425,2122
425,2123
425,2124
425,2125
426,2126
426,2127
426,2128
426,2129
426,2130
427,2131
427,2132
427,2133
427,2134
427,2135
428,2136
428,2137
428,2138
428,2139
428,2140
429,2141
429,2142
429,2143
429,2144
429,2145
430,2146
430,2147
430,2148
430,2149
430,2150
431,2151
431,2152
431,2153
431,2154
431,2155
432,2156
432,2157
432,2158
432,2159
432,2160
433,2161
433,2162
433,2163
433,2164
433,2165
434,2166
434,2167
434,2168
434,2169
434,2170
435,2171
435,2172
435,2173
435,2174
435,2175
436,2176
436,2177
436,2178
436,2179
436,2180
437,2181
437,2182
437,2183
437,2184
437,2185
438,2186
438,2187
438,2188
438,2189
438,2190
439,2191
439,2192
439,2193
439,2194
439,2195
440,2196
440,2197
440,2198
440,2199
440,2200
441,2201
441,2202
441,2203
441,2204
441,2205
442,2206
442,2207
442,2208
442,2209
442,2210
443,2211
443,2212
443,2213
443,2214
443,2215
444,2216
444,2217
444,2218
444,2219
444,2220
445,2221
445,2222
445,2223
445,2224
445,2225
446,2226
446,2227
446,2228
446,2229
446,2230
447,2231
447,2232
447,2233
447,2234
447,2235
448,2236
448,2237
448,2238
448,2239
448,2240
449,2241
449,2242
449,2243
449,2244
449,2245
450,2246
450,2247
450,2248
450,2249
450,2250
451,2251
451,2252
451,2253
451,2254
451,2255
452,2256
452,2257
452,2258
452,2259
452,2260
453,2261
453,2262
453,2263
453,2264
453,2265
454,2266
454,2267
454,2268
454,2269
454,2270
455,2271
455,2272
455,2273
455,2274
455,2275
456,2276
456,2277
456,2278
456,2279
456,2280
457,2281
457,2282
457,2283
457,2284
457,2285
458,2286
458,2287
458,2288
458,2289
458,2290
459,2291
459,2292
459,2293
459,2294
459,2295
460,2296
460,2297
460,2298
460,2299
460,2300
461,2301
461,2302
461,2303
461,2304
461,2305
462,2306
462,2307
462,2308
462,2309
462,2310
463,2311
463,2312
463,2313
463,2314
463,2315
464,2316
464,2317
464,2318
464,2319
464,2320
465,2321
465,2322
465,2323
465,2324
465,2325
466,2326
466,2327
466,2328
466,2329
466,2330
467,2331
467,2332
467,2333
467,2334
467,2335
468,2336
468,2337
468,2338
468,2339
468,2340
469,2341
469,2342
469,2343
469,2344
469,2345
470,2346
470,2347
470,2348
470,2349
470,2350
471,2351
471,2352
471,2353
471,2354
471,2355
472,2356
472,2357
472,2358
472,2359
472,2360
473,2361
473,2362
473,2363
473,2364
473,2365
474,2366
474,2367
474,2368
474,2369
474,2370
475,2371
475,2372
475,2373
475,2374
475,2375
476,2376
476,2377
476,2378
476,2379
476,2380
477,2381
477,2382
477,2383
477,2384
477,2385
478,2386
478,2387
478,2388
478,2389
478,2390
479,2391
479,2392
479,2393
479,2394
479,2395
480,2396
480,2397
480,2398
480,2399
480,2400
481,2401
481,2402
481,2403
481,2404
481,2405
482,2406
482,2407
482,2408
482,2409
482,2410
483,2411
483,2412
483,2413
483,2414
483,2415
484,2416
484,2417
484,2418
484,2419
484,2420
485,2421
485,2422
485,2423
485,2424
485,2425
486,2426
486,2427
486,2428
486,2429
486,2430
487,2431
487,2432
487,2433
487,2434
487,2435
488,2436
488,2437
488,2438
488,2439
488,2440
489,2441
489,2442
489,2443
489,2444
489,2445
490,2446
490,2447
490,2448
490,2449
490,2450
491,2451
491,2452
491,2453
491,2454
491,2455
492,2456
492,2457
492,2458
492,2459
492,2460
493,2461
493,2462
493,2463
493,2464
493,2465
494,2466
494,2467
494,2468
494,2469
494,2470
495,2471
495,2472
495,2473
495,2474
495,2475
496,2476
496,2477
496,2478
496,2479
496,2480
497,2481
497,2482
497,2483
497,2484
497,2485
498,2486
498,2487
498,2488
498,2489
498,2490
499,2491
499,2492
499,2493
499,2494
499,2495
500,2496
500,2497
500,2498
500,2499
500,2500
501,2501
501,2502
501,2503
501,2504
501,2505
502,2506
502,2507
502,2508
502,2509
502,2510
503,2511
503,2512
503,2513
503,2514
503,2515
504,2516
504,2517
504,2518
504,2519
504,2520
505,2521
505,2522
505,2523
505,2524
505,2525
506,2526
506,2527
506,2528
506,2529
506,2530
507,2531
507,2532
507,2533
507,2534
507,2535
508,2536
508,2537
508,2538
508,2539
508,2540
509,2541
509,2542
509,2543
509,2544
509,2545
510,2546
510,2547
510,2548
510,2549
510,2550
511,2551
511,2552
511,2553
511,2554
511,2555
512,2556
512,2557
512,2558
512,2559
512,2560
513,2561
513,2562
513,2563
513,2564
513,2565
514,2566
514,2567
514,2568
514,2569
514,2570
515,2571
515,2572
515,2573
515,2574
515,2575
516,2576
516,2577
516,2578
516,2579
516,2580
517,2581
517,2582
517,2583
517,2584
517,2585
518,2586
518,2587
518,2588
518,2589
518,2590
519,2591
519,2592
519,2593
519,2594
519,2595
520,2596
520,2597
520,2598
520,2599
520,2600
521,2601
521,2602
521,2603
521,2604
521,2605
522,2606
522,2607
522,2608
522,2609
522,2610
523,2611
523,2612
523,2613
523,2614
523,2615
524,2616
524,2617
524,2618
524,2619
524,2620
525,2621
525,2622
525,2623
525,2624
525,2625
526,2626
526,2627
526,2628
526,2629
526,2630
527,2631
527,2632
527,2633
527,2634
527,2635
528,2636
528,2637
528,2638
528,2639
528,2640
529,2641
529,2642
529,2643
529,2644
529,2645
530,2646
530,2647
530,2648
530,2649
530,2650
531,2651
531,2652
531,2653
531,2654
531,2655
532,2656
532,2657
532,2658
532,2659
532,2660
533,2661
533,2662
533,2663
533,2664
533,2665
534,2666
534,2667
534,2668
534,2669
534,2670
535,2671
535,2672
535,2673
535,2674
535,2675
536,2676
536,2677
536,2678
536,2679
536,2680
537,2681
537,2682
537,2683
537,2684
537,2685
538,2686
538,2687
538,2688
538,2689
538,2690
539,2691
539,2692
539,2693
539,2694
539,2695
540,2696
540,2697
540,2698
540,2699
540,2700
541,2701
541,2702
541,2703
541,2704
541,2705
542,2706
542,2707
542,2708
542,2709
542,2710
543,2711
543,2712
543,2713
543,2714
543,2715
544,2716
544,2717
544,2718
544,2719
544,2720
545,2721
545,2722
545,2723
545,2724
545,2725
546,2726
546,2727
546,2728
546,2729
546,2730
547,2731
547,2732
547,2733
547,2734
547,2735
548,2736
548,2737
548,2738
548,2739
548,2740
549,2741
549,2742
549,2743
549,2744
549,2745
550,2746
550,2747
550,2748
550,2749
550,2750
551,2751
551,2752
551,2753
551,2754
551,2755
552,2756
552,2757
552,2758
552,2759
552,2760
553,2761
553,2762
553,2763
553,2764
553,2765
554,2766
554,2767
554,2768
554,2769
554,2770
555,2771
555,2772
555,2773
555,2774
555,2775
556,2776
556,2777
556,2778
556,2779
556,2780
557,2781
557,2782
557,2783
557,2784
557,2785
558,2786
558,2787
558,2788
558,2789
558,2790
559,2791
559,2792
559,2793
559,2794
559,2795
560,2796
560,2797
560,2798
560,2799
560,2800
561,2801
561,2802
561,2803
561,2804
561,2805
562,2806
562,2807
562,2808
562,2809
562,2810
563,2811
563,2812
563,2813
563,2814
563,2815
564,2816
564,2817
564,2818
564,2819
564,2820
565,2821
565,2822
565,2823
565,2824
565,2825
566,2826
566,2827
566,2828
566,2829
566,2830
567,2831
567,2832
567,2833
567,2834
567,2835
568,2836
568,2837
568,2838
568,2839
568,2840
569,2841
569,2842
569,2843
569,2844
569,2845
570,2846
570,2847
570,2848
570,2849
570,2850
571,2851
571,2852
571,2853
571,2854
571,2855
572,2856
572,2857
572,2858
572,2859
572,2860
573,2861
573,2862
573,2863
573,2864
573,2865
574,2866
574,2867
574,2868
574,2869
574,2870
575,2871
575,2872
575,2873
575,2874
575,2875
576,2876
576,2877
576,2878
576,2879
576,2880
577,2881
577,2882
577,2883
577,2884
577,2885
578,2886
578,2887
578,2888
578,2889
578,2890
579,2891
579,2892
579,2893
579,2894
579,2895
580,2896
580,2897
580,2898
580,2899
580,2900
581,2901
581,2902
581,2903
581,2904
581,2905
582,2906
582,2907
582,2908
582,2909
582,2910
583,2911
583,2912
583,2913
583,2914
583,2915
584,2916
584,2917
584,2918
584,2919
584,2920
585,2921
585,2922
585,2923
585,2924
585,2925
586,2926
586,2927
586,2928
586,2929
586,2930
587,2931
587,2932
587,2933
587,2934
587,2935
588,2936
588,2937
588,2938
588,2939
588,2940
589,2941
589,2942
589,2943
589,2944
589,2945
590,2946
590,2947
590,2948
590,2949
590,2950
591,2951
591,2952
591,2953
591,2954
591,2955
592,2956
592,2957
592,2958
592,2959
592,2960
593,2961
593,2962
593,2963
593,2964
593,2965
594,2966
594,2967
594,2968
594,2969
594,2970
595,2971
595,2972
595,2973
595,2974
595,2975
596,2976
596,2977
596,2978
596,2979
596,2980
597,2981
597,2982
597,2983
597,2984
597,2985
598,2986
598,2987
598,2988
598,2989
598,2990
599,2991
599,2992
599,2993
599,2994
599,2995
600,2996
600,2997
600,2998
600,2999
600,3000
601,3001
601,3002
601,3003
601,3004
601,3005
602,3006
602,3007
602,3008
602,3009
602,3010
603,3011
603,3012
603,3013
603,3014
603,3015
604,3016
604,3017
604,3018
604,3019
604,3020
605,3021
605,3022
605,3023
605,3024
605,3025
606,3026
606,3027
606,3028
606,3029
606,3030
607,3031
607,3032
607,3033
607,3034
607,3035
608,3036
608,3037
608,3038
608,3039
608,3040
609,3041
609,3042
609,3043
609,3044
609,3045
610,3046
610,3047
610,3048
610,3049
610,3050
611,3051
611,3052
611,3053
611,3054
611,3055
612,3056
612,3057
612,3058
612,3059
612,3060
613,3061
613,3062
613,3063
613,3064
613,3065
614,3066
614,3067
614,3068
614,3069
614,3070
615,3071
615,3072
615,3073
615,3074
615,3075
616,3076
616,3077
616,3078
616,3079
616,3080
617,3081
617,3082
617,3083
617,3084
617,3085
618,3086
618,3087
618,3088
618,3089
618,3090
619,3091
619,3092
619,3093
619,3094
619,3095
620,3096
620,3097
620,3098
620,3099
620,3100
621,3101
621,3102
621,3103
621,3104
621,3105
622,3106
622,3107
622,3108
622,3109
622,3110
623,3111
623,3112
623,3113
623,3114
623,3115
624,3116
624,3117
624,3118
624,3119
624,3120
625,3121
625,3122
625,3123
625,3124
625,3125
626,3126
626,3127
626,3128
626,3129
626,3130
627,3131
627,3132
627,3133
627,3134
627,3135
628,3136
628,3137
628,3138
628,3139
628,3140
629,3141
629,3142
629,3143
629,3144
629,3145
630,3146
630,3147
630,3148
630,3149
630,3150
631,3151
631,3152
631,3153
631,3154
631,3155
632,3156
632,3157
632,3158
632,3159
632,3160
633,3161
633,3162
633,3163
633,3164
633,3165
634,3166
634,3167
634,3168
634,3169
634,3170
635,3171
635,3172
635,3173
635,3174
635,3175
636,3176
636,3177
636,3178
636,3179
636,3180
637,3181
637,3182
637,3183
637,3184
637,3185
638,3186
638,3187
638,3188
638,3189
638,3190
639,3191
639,3192
639,3193
639,3194
639,3195
640,3196
640,3197
640,3198
640,3199
640,3200
641,3201
641,3202
641,3203
641,3204
641,3205
642,3206
642,3207
642,3208
642,3209
642,3210
643,3211
643,3212
643,3213
643,3214
643,3215
644,3216
644,3217
644,3218
644,3219
644,3220
645,3221
645,3222
645,3223
645,3224
645,3225
646,3226
646,3227
646,3228
646,3229
646,3230
647,3231
647,3232
647,3233
647,3234
647,3235
648,3236
648,3237
648,3238
648,3239
648,3240
649,3241
649,3242
649,3243
649,3244
649,3245
650,3246
650,3247
650,3248
650,3249
650,3250
651,3251
651,3252
651,3253
651,3254
651,3255
652,3256
652,3257
652,3258
652,3259
652,3260
653,3261
653,3262
653,3263
653,3264
653,3265
654,3266
654,3267
654,3268
654,3269
654,3270
655,3271
655,3272
655,3273
655,3274
655,3275
656,3276
656,3277
656,3278
656,3279
656,3280
657,3281
657,3282
657,3283
657,3284
657,3285
658,3286
658,3287
658,3288
658,3289
658,3290
659,3291
659,3292
659,3293
659,3294
659,3295
660,3296
660,3297
660,3298
660,3299
660,3300
661,3301
661,3302
661,3303
661,3304
661,3305
662,3306
662,3307
662,3308
662,3309
662,3310
663,3311
663,3312
663,3313
663,3314
663,3315
664,3316
664,3317
664,3318
664,3319
664,3320
665,3321
665,3322
665,3323
665,3324
665,3325
666,3326
666,3327
666,3328
666,3329
666,3330
667,3331
667,3332
667,3333
667,3334
667,3335
668,3336
668,3337
668,3338
668,3339
668,3340
669,3341
669,3342
669,3343
669,3344
669,3345
670,3346
670,3347
670,3348
670,3349
670,3350
671,3351
671,3352
671,3353
671,3354
671,3355
672,3356
672,3357
672,3358
672,3359
672,3360
673,3361
673,3362
673,3363
673,3364
673,3365
674,3366
674,3367
674,3368
674,3369
674,3370
675,3371
675,3372
675,3373
675,3374
675,3375
676,3376
676,3377
676,3378
676,3379
676,3380
677,3381
677,3382
677,3383
677,3384
677,3385
678,3386
678,3387
678,3388
678,3389
678,3390
679,3391
679,3392
679,3393
679,3394
679,3395
680,3396
680,3397
680,3398
680,3399
680,3400
681,3401
681,3402
681,3403
681,3404
681,3405
682,3406
682,3407
682,3408
682,3409
682,3410
683,3411
683,3412
683,3413
683,3414
683,3415
684,3416
684,3417
684,3418
684,3419
684,3420
685,3421
685,3422
685,3423
685,3424
685,3425
686,3426
686,3427
686,3428
686,3429
686,3430
687,3431
687,3432
687,3433
687,3434
687,3435
688,3436
688,3437
688,3438
688,3439
688,3440
689,3441
689,3442
689,3443
689,3444
689,3445
690,3446
690,3447
690,3448
690,3449
690,3450
691,3451
691,3452
691,3453
691,3454
691,3455
692,3456
692,3457
692,3458
692,3459
692,3460
693,3461
693,3462
693,3463
693,3464
693,3465
694,3466
694,3467
694,3468
694,3469
694,3470
695,3471
695,3472
695,3473
695,3474
695,3475
696,3476
696,3477
696,3478
696,3479
696,3480
697,3481
697,3482
697,3483
697,3484
697,3485
698,3486
698,3487
698,3488
698,3489
698,3490
699,3491
699,3492
699,3493
699,3494
699,3495
700,3496
700,3497
700,3498
700,3499
700,3500
701,3501
701,3502
701,3503
701,3504
701,3505
702,3506
702,3507
702,3508
702,3509
702,3510
703,3511
703,3512
703,3513
703,3514
703,3515
704,3516
704,3517
704,3518
704,3519
704,3520
705,3521
705,3522
705,3523
705,3524
705,3525
706,3526
706,3527
706,3528
706,3529
706,3530
707,3531
707,3532
707,3533
707,3534
707,3535
708,3536
708,3537
708,3538
708,3539
708,3540
709,3541
709,3542
709,3543
709,3544
709,3545
710,3546
710,3547
710,3548
710,3549
710,3550
711,3551
711,3552
711,3553
711,3554
711,3555
712,3556
712,3557
712,3558
712,3559
712,3560
713,3561
713,3562
713,3563
713,3564
713,3565
714,3566
714,3567
714,3568
714,3569
714,3570
715,3571
715,3572
715,3573
715,3574
715,3575
716,3576
716,3577
716,3578
716,3579
716,3580
717,3581
717,3582
717,3583
717,3584
717,3585
718,3586
718,3587
718,3588
718,3589
718,3590
719,3591
719,3592
719,3593
719,3594
719,3595
720,3596
720,3597
720,3598
720,3599
720,3600
721,3601
721,3602
721,3603
721,3604
721,3605
722,3606
722,3607
722,3608
722,3609
722,3610
723,3611
723,3612
723,3613
723,3614
723,3615
724,3616
724,3617
724,3618
724,3619
724,3620
725,3621
725,3622
725,3623
725,3624
725,3625
726,3626
726,3627
726,3628
726,3629
726,3630
727,3631
727,3632
727,3633
727,3634
727,3635
728,3636
728,3637
728,3638
728,3639
728,3640
729,3641
729,3642
729,3643
729,3644
729,3645
730,3646
730,3647
730,3648
730,3649
730,3650
731,3651
731,3652
731,3653
731,3654
731,3655
732,3656
732,3657
732,3658
732,3659
732,3660
733,3661
733,3662
733,3663
733,3664
733,3665
734,3666
734,3667
734,3668
734,3669
734,3670
735,3671
735,3672
735,3673
735,3674
735,3675
736,3676
736,3677
736,3678
736,3679
736,3680
737,3681
737,3682
737,3683
737,3684
737,3685
738,3686
738,3687
738,3688
738,3689
738,3690
739,3691
739,3692
739,3693
739,3694
739,3695
740,3696
740,3697
740,3698
740,3699
740,3700
741,3701
741,3702
741,3703
741,3704
741,3705
742,3706
742,3707
742,3708
742,3709
742,3710
743,3711
743,3712
743,3713
743,3714
743,3715
744,3716
744,3717
744,3718
744,3719
744,3720
745,3721
745,3722
745,3723
745,3724
745,3725
746,3726
746,3727
746,3728
746,3729
746,3730
747,3731
747,3732
747,3733
747,3734
747,3735
748,3736
748,3737
748,3738
748,3739
748,3740
749,3741
749,3742
749,3743
749,3744
749,3745
750,3746
750,3747
750,3748
750,3749
750,3750
751,3751
751,3752
751,3753
751,3754
751,3755
752,3756
752,3757
752,3758
752,3759
752,3760
753,3761
753,3762
753,3763
753,3764
753,3765
754,3766
754,3767
754,3768
754,3769
754,3770
755,3771
755,3772
755,3773
755,3774
755,3775
756,3776
756,3777
756,3778
756,3779
756,3780
757,3781
757,3782
757,3783
757,3784
757,3785
758,3786
758,3787
758,3788
758,3789
758,3790
759,3791
759,3792
759,3793
759,3794
759,3795
760,3796
760,3797
760,3798
760,3799
760,3800
761,3801
761,3802
761,3803
761,3804
761,3805
762,3806
762,3807
762,3808
762,3809
762,3810
763,3811
763,3812
763,3813
763,3814
763,3815
764,3816
764,3817
764,3818
764,3819
764,3820
765,3821
765,3822
765,3823
765,3824
765,3825
766,3826
766,3827
766,3828
766,3829
766,3830
767,3831
767,3832
767,3833
767,3834
767,3835
768,3836
768,3837
768,3838
768,3839
768,3840
769,3841
769,3842
769,3843
769,3844
769,3845
770,3846
770,3847
770,3848
770,3849
770,3850
771,3851
771,3852
771,3853
771,3854
771,3855
772,3856
772,3857
772,3858
772,3859
772,3860
773,3861
773,3862
773,3863
773,3864
773,3865
774,3866
774,3867
774,3868
774,3869
774,3870
775,3871
775,3872
775,3873
775,3874
775,3875
776,3876
776,3877
776,3878
776,3879
776,3880
777,3881
777,3882
777,3883
777,3884
777,3885
778,3886
778,3887
778,3888
778,3889
778,3890
779,3891
779,3892
779,3893
779,3894
779,3895
780,3896
780,3897
780,3898
780,3899
780,3900
781,3901
781,3902
781,3903
781,3904
781,3905
782,3906
782,3907
782,3908
782,3909
782,3910
783,3911
783,3912
783,3913
783,3914
783,3915
784,3916
784,3917
784,3918
784,3919
784,3920
785,3921
785,3922
785,3923
785,3924
785,3925
786,3926
786,3927
786,3928
786,3929
786,3930
787,3931
787,3932
787,3933
787,3934
787,3935
788,3936
788,3937
788,3938
788,3939
788,3940
789,3941
789,3942
789,3943
789,3944
789,3945
790,3946
790,3947
790,3948
790,3949
790,3950
791,3951
791,3952
791,3953
791,3954
791,3955
792,3956
792,3957
792,3958
792,3959
792,3960
793,3961
793,3962
793,3963
793,3964
793,3965
794,3966
794,3967
794,3968
794,3969
794,3970
795,3971
795,3972
795,3973
795,3974
795,3975
796,3976
796,3977
796,3978
796,3979
796,3980
797,3981
797,3982
797,3983
797,3984
797,3985
798,3986
798,3987
798,3988
798,3989
798,3990
799,3991
799,3992
799,3993
799,3994
799,3995
800,3996
800,3997
800,3998
800,3999
800,4000
801,4001
801,4002
801,4003
801,4004
801,4005
802,4006
802,4007
802,4008
802,4009
802,4010
803,4011
803,4012
803,4013
803,4014
803,4015
804,4016
804,4017
804,4018
804,4019
804,4020
805,4021
805,4022
805,4023
805,4024
805,4025
806,4026
806,4027
806,4028
806,4029
806,4030
807,4031
807,4032
807,4033
807,4034
807,4035
808,4036
808,4037
808,4038
808,4039
808,4040
809,4041
809,4042
809,4043
809,4044
809,4045
810,4046
810,4047
810,4048
810,4049
810,4050
811,4051
811,4052
811,4053
811,4054
811,4055
812,4056
812,4057
812,4058
812,4059
812,4060
813,4061
813,4062
813,4063
813,4064
813,4065
814,4066
814,4067
814,4068
814,4069
814,4070
815,4071
815,4072
815,4073
815,4074
815,4075
816,4076
816,4077
816,4078
816,4079
816,4080
817,4081
817,4082
817,4083
817,4084
817,4085
818,4086
818,4087
818,4088
818,4089
818,4090
819,4091
819,4092
819,4093
819,4094
819,4095
820,4096
820,4097
820,4098
820,4099
820,4100
821,4101
821,4102
821,4103
821,4104
821,4105
822,4106
822,4107
822,4108
822,4109
822,4110
823,4111
823,4112
823,4113
823,4114
823,4115
824,4116
824,4117
824,4118
824,4119
824,4120
825,4121
825,4122
825,4123
825,4124
825,4125
826,4126
826,4127
826,4128
826,4129
826,4130
827,4131
827,4132
827,4133
827,4134
827,4135
828,4136
828,4137
828,4138
828,4139
828,4140
829,4141
829,4142
829,4143
829,4144
829,4145
830,4146
830,4147
830,4148
830,4149
830,4150
831,4151
831,4152
831,4153
831,4154
831,4155
832,4156
832,4157
832,4158
832,4159
832,4160
833,4161
833,4162
833,4163
833,4164
833,4165
834,4166
834,4167
834,4168
834,4169
834,4170
835,4171
835,4172
835,4173
835,4174
835,4175
836,4176
836,4177
836,4178
836,4179
836,4180
837,4181
837,4182
837,4183
837,4184
837,4185
838,4186
838,4187
838,4188
838,4189
838,4190
839,4191
839,4192
839,4193
839,4194
839,4195
840,4196
840,4197
840,4198
840,4199
840,4200
841,4201
841,4202
841,4203
841,4204
841,4205
842,4206
842,4207
842,4208
842,4209
842,4210
843,4211
843,4212
843,4213
843,4214
843,4215
844,4216
844,4217
844,4218
844,4219
844,4220
845,4221
845,4222
845,4223
845,4224
845,4225
846,4226
846,4227
846,4228
846,4229
846,4230
847,4231
847,4232
847,4233
847,4234
847,4235
848,4236
848,4237
848,4238
848,4239
848,4240
849,4241
849,4242
849,4243
849,4244
849,4245
850,4246
850,4247
850,4248
850,4249
850,4250
851,4251
851,4252
851,4253
851,4254
851,4255
852,4256
852,4257
852,4258
852,4259
852,4260
853,4261
853,4262
853,4263
853,4264
853,4265
854,4266
854,4267
854,4268
854,4269
854,4270
855,4271
855,4272
855,4273
855,4274
855,4275
856,4276
856,4277
856,4278
856,4279
856,4280
857,4281
857,4282
857,4283
857,4284
857,4285
858,4286
858,4287
858,4288
858,4289
858,4290
859,4291
859,4292
859,4293
859,4294
859,4295
860,4296
860,4297
860,4298
860,4299
860,4300
861,4301
861,4302
861,4303
861,4304
861,4305
862,4306
862,4307
862,4308
862,4309
862,4310
863,4311
863,4312
863,4313
863,4314
863,4315
864,4316
864,4317
864,4318
864,4319
864,4320
865,4321
865,4322
865,4323
865,4324
865,4325
866,4326
866,4327
866,4328
866,4329
866,4330
867,4331
867,4332
867,4333
867,4334
867,4335
868,4336
868,4337
868,4338
868,4339
868,4340
869,4341
869,4342
869,4343
869,4344
869,4345
870,4346
870,4347
870,4348
870,4349
870,4350
871,4351
871,4352
871,4353
871,4354
871,4355
872,4356
872,4357
872,4358
872,4359
872,4360
873,4361
873,4362
873,4363
873,4364
873,4365
874,4366
874,4367
874,4368
874,4369
874,4370
875,4371
875,4372
875,4373
875,4374
875,4375
876,4376
876,4377
876,4378
876,4379
876,4380
877,4381
877,4382
877,4383
877,4384
877,4385
878,4386
878,4387
878,4388
878,4389
878,4390
879,4391
879,4392
879,4393
879,4394
879,4395
880,4396
880,4397
880,4398
880,4399
880,4400
881,4401
881,4402
881,4403
881,4404
881,4405
882,4406
882,4407
882,4408
882,4409
882,4410
883,4411
883,4412
883,4413
883,4414
883,4415
884,4416
884,4417
884,4418
884,4419
884,4420
885,4421
885,4422
885,4423
885,4424
885,4425
886,4426
886,4427
886,4428
886,4429
886,4430
887,4431
887,4432
887,4433
887,4434
887,4435
888,4436
888,4437
888,4438
888,4439
888,4440
889,4441
889,4442
889,4443
889,4444
889,4445
890,4446
890,4447
890,4448
890,4449
890,4450
891,4451
891,4452
891,4453
891,4454
891,4455
892,4456
892,4457
892,4458
892,4459
892,4460
893,4461
893,4462
893,4463
893,4464
893,4465
894,4466
894,4467
894,4468
894,4469
894,4470
895,4471
895,4472
895,4473
895,4474
895,4475
896,4476
896,4477
896,4478
896,4479
896,4480
897,4481
897,4482
897,4483
897,4484
897,4485
898,4486
898,4487
898,4488
898,4489
898,4490
899,4491
899,4492
899,4493
899,4494
899,4495
900,4496
900,4497
900,4498
900,4499
900,4500
901,4501
901,4502
901,4503
901,4504
901,4505
902,4506
902,4507
902,4508
902,4509
902,4510
903,4511
903,4512
903,4513
903,4514
903,4515
904,4516
904,4517
904,4518
904,4519
904,4520
905,4521
905,4522
905,4523
905,4524
905,4525
906,4526
906,4527
906,4528
906,4529
906,4530
907,4531
907,4532
907,4533
907,4534
907,4535
908,4536
908,4537
908,4538
908,4539
908,4540
909,4541
909,4542
909,4543
909,4544
909,4545
910,4546
910,4547
910,4548
910,4549
910,4550
911,4551
911,4552
911,4553
911,4554
911,4555
912,4556
912,4557
912,4558
912,4559
912,4560
913,4561
913,4562
913,4563
913,4564
913,4565
914,4566
914,4567
914,4568
914,4569
914,4570
915,4571
915,4572
915,4573
915,4574
915,4575
916,4576
916,4577
916,4578
916,4579
916,4580
917,4581
917,4582
917,4583
917,4584
917,4585
918,4586
918,4587
918,4588
918,4589
918,4590
919,4591
919,4592
919,4593
919,4594
919,4595
920,4596
920,4597
920,4598
920,4599
920,4600
921,4601
921,4602
921,4603
921,4604
921,4605
922,4606
922,4607
922,4608
922,4609
922,4610
923,4611
923,4612
923,4613
923,4614
923,4615
924,4616
924,4617
924,4618
924,4619
924,4620
925,4621
925,4622
925,4623
925,4624
925,4625
926,4626
926,4627
926,4628
926,4629
926,4630
927,4631
927,4632
927,4633
927,4634
927,4635
928,4636
928,4637
928,4638
928,4639
928,4640
929,4641
929,4642
929,4643
929,4644
929,4645
930,4646
930,4647
930,4648
930,4649
930,4650
931,4651
931,4652
931,4653
931,4654
931,4655
932,4656
932,4657
932,4658
932,4659
932,4660
933,4661
933,4662
933,4663
933,4664
933,4665
934,4666
934,4667
934,4668
934,4669
934,4670
935,4671
935,4672
935,4673
935,4674
935,4675
936,4676
936,4677
936,4678
936,4679
936,4680
937,4681
937,4682
937,4683
937,4684
937,4685
938,4686
938,4687
938,4688
938,4689
938,4690
939,4691
939,4692
939,4693
939,4694
939,4695
940,4696
940,4697
940,4698
940,4699
940,4700
941,4701
941,4702
941,4703
941,4704
941,4705
942,4706
942,4707
942,4708
942,4709
942,4710
943,4711
943,4712
943,4713
943,4714
943,4715
944,4716
944,4717
944,4718
944,4719
944,4720
945,4721
945,4722
945,4723
945,4724
945,4725
946,4726
946,4727
946,4728
946,4729
946,4730
947,4731
947,4732
947,4733
947,4734
947,4735
948,4736
948,4737
948,4738
948,4739
948,4740
949,4741
949,4742
949,4743
949,4744
949,4745
950,4746
950,4747
950,4748
950,4749
950,4750
951,4751
951,4752
951,4753
951,4754
951,4755
952,4756
952,4757
952,4758
952,4759
952,4760
953,4761
953,4762
953,4763
953,4764
953,4765
954,4766
954,4767
954,4768
954,4769
954,4770
955,4771
955,4772
955,4773
955,4774
955,4775
956,4776
956,4777
956,4778
956,4779
956,4780
957,4781
957,4782
957,4783
957,4784
957,4785
958,4786
958,4787
958,4788
958,4789
958,4790
959,4791
959,4792
959,4793
959,4794
959,4795
960,4796
960,4797
960,4798
960,4799
960,4800
961,4801
961,4802
961,4803
961,4804
961,4805
962,4806
962,4807
962,4808
962,4809
962,4810
963,4811
963,4812
963,4813
963,4814
963,4815
964,4816
964,4817
964,4818
964,4819
964,4820
965,4821
965,4822
965,4823
965,4824
965,4825
966,4826
966,4827
966,4828
966,4829
966,4830
967,4831
967,4832
967,4833
967,4834
967,4835
968,4836
968,4837
968,4838
968,4839
968,4840
969,4841
969,4842
969,4843
969,4844
969,4845
970,4846
970,4847
970,4848
970,4849
970,4850
971,4851
971,4852
971,4853
971,4854
971,4855
972,4856
972,4857
972,4858
972,4859
972,4860
973,4861
973,4862
973,4863
973,4864
973,4865
974,4866
974,4867
974,4868
974,4869
974,4870
975,4871
975,4872
975,4873
975,4874
975,4875
976,4876
976,4877
976,4878
976,4879
976,4880
977,4881
977,4882
977,4883
977,4884
977,4885
978,4886
978,4887
978,4888
978,4889
978,4890
979,4891
979,4892
979,4893
979,4894
979,4895
980,4896
980,4897
980,4898
980,4899
980,4900
981,4901
981,4902
981,4903
981,4904
981,4905
982,4906
982,4907
982,4908
982,4909
982,4910
983,4911
983,4912
983,4913
983,4914
983,4915
984,4916
984,4917
984,4918
984,4919
984,4920
985,4921
985,4922
985,4923
985,4924
985,4925
986,4926
986,4927
986,4928
986,4929
986,4930
987,4931
987,4932
987,4933
987,4934
987,4935
988,4936
988,4937
988,4938
988,4939
988,4940
989,4941
989,4942
989,4943
989,4944
989,4945
990,4946
990,4947
990,4948
990,4949
990,4950
991,4951
991,4952
991,4953
991,4954
991,4955
992,4956
992,4957
992,4958
992,4959
992,4960
993,4961
993,4962
993,4963
993,4964
993,4965
994,4966
994,4967
994,4968
994,4969
994,4970
995,4971
995,4972
995,4973
995,4974
995,4975
996,4976
996,4977
996,4978
996,4979
996,4980
997,4981
997,4982
997,4983
997,4984
997,4985
998,4986
998,4987
998,4988
998,4989
998,4990
999,4991
999,4992
999,4993
999,4994
999,4995
1000,4996
1000,4997
1000,4998
1000,4999
1000,5000
1001,5001
1001,5002
1001,5003
1001,5004
1001,5005
1002,5006
1002,5007
1002,5008
1002,5009
1002,5010
1003,5011
1003,5012
1003,5013
1003,5014
1003,5015
1004,5016
1004,5017
1004,5018
1004,5019
1004,5020
1005,5021
1005,5022
1005,5023
1005,5024
1005,5025
1006,5026
1006,5027
1006,5028
1006,5029
1006,5030
1007,5031
1007,5032
1007,5033
1007,5034
1007,5035
1008,5036
1008,5037
1008,5038
1008,5039
1008,5040
1009,5041
1009,5042
1009,5043
1009,5044
1009,5045
1010,5046
1010,5047
1010,5048
1010,5049
1010,5050
1011,5051
1011,5052
1011,5053
1011,5054
1011,5055
1012,5056
1012,5057
1012,5058
1012,5059
1012,5060
1013,5061
1013,5062
1013,5063
1013,5064
1013,5065
1014,5066
1014,5067
1014,5068
1014,5069
1014,5070
1015,5071
1015,5072
1015,5073
1015,5074
1015,5075
1016,5076
1016,5077
1016,5078
1016,5079
1016,5080
1017,5081
1017,5082
1017,5083
1017,5084
1017,5085
1018,5086
1018,5087
1018,5088
1018,5089
1018,5090
1019,5091
1019,5092
1019,5093
1019,5094
1019,5095
1020,5096
1020,5097
1020,5098
1020,5099
1020,5100
1021,5101
1021,5102
1021,5103
1021,5104
1021,5105
1022,5106
1022,5107
1022,5108
1022,5109
1022,5110
1023,5111
1023,5112
1023,5113
1023,5114
1023,5115
1024,5116
1024,5117
1024,5118
1024,5119
1024,5120
1025,5121
1025,5122
1025,5123
1025,5124
1025,5125
1026,5126
1026,5127
1026,5128
1026,5129
1026,5130
1027,5131
1027,5132
1027,5133
1027,5134
1027,5135
1028,5136
1028,5137
1028,5138
1028,5139
1028,5140
1029,5141
1029,5142
1029,5143
1029,5144
1029,5145
1030,5146
1030,5147
1030,5148
1030,5149
1030,5150
1031,5151
1031,5152
1031,5153
1031,5154
1031,5155
1032,5156
1032,5157
1032,5158
1032,5159
1032,5160
1033,5161
1033,5162
1033,5163
1033,5164
1033,5165
1034,5166
1034,5167
1034,5168
1034,5169
1034,5170
1035,5171
1035,5172
1035,5173
1035,5174
1035,5175
1036,5176
1036,5177
1036,5178
1036,5179
1036,5180
1037,5181
1037,5182
1037,5183
1037,5184
1037,5185
1038,5186
1038,5187
1038,5188
1038,5189
1038,5190
1039,5191
1039,5192
1039,5193
1039,5194
1039,5195
1040,5196
1040,5197
1040,5198
1040,5199
1040,5200
1041,5201
1041,5202
1041,5203
1041,5204
1041,5205
1042,5206
1042,5207
1042,5208
1042,5209
1042,5210
1043,5211
1043,5212
1043,5213
1043,5214
1043,5215
1044,5216
1044,5217
1044,5218
1044,5219
1044,5220
1045,5221
1045,5222
1045,5223
1045,5224
1045,5225
1046,5226
1046,5227
1046,5228
1046,5229
1046,5230
1047,5231
1047,5232
1047,5233
1047,5234
1047,5235
1048,5236
1048,5237
1048,5238
1048,5239
1048,5240
1049,5241
1049,5242
1049,5243
1049,5244
1049,5245
1050,5246
1050,5247
1050,5248
1050,5249
1050,5250
1051,5251
1051,5252
1051,5253
1051,5254
1051,5255
1052,5256
1052,5257
1052,5258
1052,5259
1052,5260
1053,5261
1053,5262
1053,5263
1053,5264
1053,5265
1054,5266
1054,5267
1054,5268
1054,5269
1054,5270
1055,5271
1055,5272
1055,5273
1055,5274
1055,5275
1056,5276
1056,5277
1056,5278
1056,5279
1056,5280
1057,5281
1057,5282
1057,5283
1057,5284
1057,5285
1058,5286
1058,5287
1058,5288
1058,5289
1058,5290
1059,5291
1059,5292
1059,5293
1059,5294
1059,5295
1060,5296
1060,5297
1060,5298
1060,5299
1060,5300
1061,5301
1061,5302
1061,5303
1061,5304
1061,5305
1062,5306
1062,5307
1062,5308
1062,5309
1062,5310
1063,5311
1063,5312
1063,5313
1063,5314
1063,5315
1064,5316
1064,5317
1064,5318
1064,5319
1064,5320
1065,5321
1065,5322
1065,5323
1065,5324
1065,5325
1066,5326
1066,5327
1066,5328
1066,5329
1066,5330
1067,5331
1067,5332
1067,5333
1067,5334
1067,5335
1068,5336
1068,5337
1068,5338
1068,5339
1068,5340
1069,5341
1069,5342
1069,5343
1069,5344
1069,5345
1070,5346
1070,5347
1070,5348
1070,5349
1070,5350
1071,5351
1071,5352
1071,5353
1071,5354
1071,5355
1072,5356
1072,5357
1072,5358
1072,5359
1072,5360
1073,5361
1073,5362
1073,5363
1073,5364
1073,5365
1074,5366
1074,5367
1074,5368
1074,5369
1074,5370
1075,5371
1075,5372
1075,5373
1075,5374
1075,5375
1076,5376
1076,5377
1076,5378
1076,5379
1076,5380
1077,5381
1077,5382
1077,5383
1077,5384
1077,5385
1078,5386
1078,5387
1078,5388
1078,5389
1078,5390
1079,5391
1079,5392
1079,5393
1079,5394
1079,5395
1080,5396
1080,5397
1080,5398
1080,5399
1080,5400
1081,5401
1081,5402
1081,5403
1081,5404
1081,5405
1082,5406
1082,5407
1082,5408
1082,5409
1082,5410
1083,5411
1083,5412
1083,5413
1083,5414
1083,5415
1084,5416
1084,5417
1084,5418
1084,5419
1084,5420
1085,5421
1085,5422
1085,5423
1085,5424
1085,5425
1086,5426
1086,5427
1086,5428
1086,5429
1086,5430
1087,5431
1087,5432
1087,5433
1087,5434
1087,5435
1088,5436
1088,5437
1088,5438
1088,5439
1088,5440
1089,5441
1089,5442
1089,5443
1089,5444
1089,5445
1090,5446
1090,5447
1090,5448
1090,5449
1090,5450
1091,5451
1091,5452
1091,5453
1091,5454
1091,5455
1092,5456
1092,5457
1092,5458
1092,5459
1092,5460
1093,5461
1093,5462
1093,5463
1093,5464
1093,5465
1094,5466
1094,5467
1094,5468
1094,5469
1094,5470
1095,5471
1095,5472
1095,5473
1095,5474
1095,5475
1096,5476
1096,5477
1096,5478
1096,5479
1096,5480
1097,5481
1097,5482
1097,5483
1097,5484
1097,5485
1098,5486
1098,5487
1098,5488
1098,5489
1098,5490
1099,5491
1099,5492
1099,5493
1099,5494
1099,5495
1100,5496
1100,5497
1100,5498
1100,5499
1100,5500
1101,5501
1101,5502
1101,5503
1101,5504
1101,5505
1102,5506
1102,5507
1102,5508
1102,5509
1102,5510
1103,5511
1103,5512
1103,5513
1103,5514
1103,5515
1104,5516
1104,5517
1104,5518
1104,5519
1104,5520
1105,5521
1105,5522
1105,5523
1105,5524
1105,5525
1106,5526
1106,5527
1106,5528
1106,5529
1106,5530
1107,5531
1107,5532
1107,5533
1107,5534
1107,5535
1108,5536
1108,5537
1108,5538
1108,5539
1108,5540
1109,5541
1109,5542
1109,5543
1109,5544
1109,5545
1110,5546
1110,5547
1110,5548
1110,5549
1110,5550
1111,5551
1111,5552
1111,5553
1111,5554
1111,5555
1112,5556
1112,5557
1112,5558
1112,5559
1112,5560
1113,5561
1113,5562
1113,5563
1113,5564
1113,5565
1114,5566
1114,5567
1114,5568
1114,5569
1114,5570
1115,5571
1115,5572
1115,5573
1115,5574
1115,5575
1116,5576
1116,5577
1116,5578
1116,5579
1116,5580
1117,5581
1117,5582
1117,5583
1117,5584
1117,5585
1118,5586
1118,5587
1118,5588
1118,5589
1118,5590
1119,5591
1119,5592
1119,5593
1119,5594
1119,5595
1120,5596
1120,5597
1120,5598
1120,5599
1120,5600
1121,5601
1121,5602
1121,5603
1121,5604
1121,5605
1122,5606
1122,5607
1122,5608
1122,5609
1122,5610
1123,5611
1123,5612
1123,5613
1123,5614
1123,5615
1124,5616
1124,5617
1124,5618
1124,5619
1124,5620
1125,5621
1125,5622
1125,5623
1125,5624
1125,5625
1126,5626
1126,5627
1126,5628
1126,5629
1126,5630
1127,5631
1127,5632
1127,5633
1127,5634
1127,5635
1128,5636
1128,5637
1128,5638
1128,5639
1128,5640
1129,5641
1129,5642
1129,5643
1129,5644
1129,5645
1130,5646
1130,5647
1130,5648
1130,5649
1130,5650
1131,5651
1131,5652
1131,5653
1131,5654
1131,5655
1132,5656
1132,5657
1132,5658
1132,5659
1132,5660
1133,5661
1133,5662
1133,5663
1133,5664
1133,5665
1134,5666
1134,5667
1134,5668
1134,5669
1134,5670
1135,5671
1135,5672
1135,5673
1135,5674
1135,5675
1136,5676
1136,5677
1136,5678
1136,5679
1136,5680
1137,5681
1137,5682
1137,5683
1137,5684
1137,5685
1138,5686
1138,5687
1138,5688
1138,5689
1138,5690
1139,5691
1139,5692
1139,5693
1139,5694
1139,5695
1140,5696
1140,5697
1140,5698
1140,5699
1140,5700
1141,5701
1141,5702
1141,5703
1141,5704
1141,5705
1142,5706
1142,5707
1142,5708
1142,5709
1142,5710
1143,5711
1143,5712
1143,5713
1143,5714
1143,5715
1144,5716
1144,5717
1144,5718
1144,5719
1144,5720
1145,5721
1145,5722
1145,5723
1145,5724
1145,5725
1146,5726
1146,5727
1146,5728
1146,5729
1146,5730
1147,5731
1147,5732
1147,5733
1147,5734
1147,5735
1148,5736
1148,5737
1148,5738
1148,5739
1148,5740
1149,5741
1149,5742
1149,5743
1149,5744
1149,5745
1150,5746
1150,5747
1150,5748
1150,5749
1150,5750
1151,5751
1151,5752
1151,5753
1151,5754
1151,5755
1152,5756
1152,5757
1152,5758
1152,5759
1152,5760
1153,5761
1153,5762
1153,5763
1153,5764
1153,5765
1154,5766
1154,5767
1154,5768
1154,5769
1154,5770
1155,5771
1155,5772
1155,5773
1155,5774
1155,5775
1156,5776
1156,5777
1156,5778
1156,5779
1156,5780
1157,5781
1157,5782
1157,5783
1157,5784
1157,5785
1158,5786
1158,5787
1158,5788
1158,5789
1158,5790
1159,5791
1159,5792
1159,5793
1159,5794
1159,5795
1160,5796
1160,5797
1160,5798
1160,5799
1160,5800
1161,5801
1161,5802
1161,5803
1161,5804
1161,5805
1162,5806
1162,5807
1162,5808
1162,5809
1162,5810
1163,5811
1163,5812
1163,5813
1163,5814
1163,5815
1164,5816
1164,5817
1164,5818
1164,5819
1164,5820
1165,5821
1165,5822
1165,5823
1165,5824
1165,5825
1166,5826
1166,5827
1166,5828
1166,5829
1166,5830
1167,5831
1167,5832
1167,5833
1167,5834
1167,5835
1168,5836
1168,5837
1168,5838
1168,5839
1168,5840
1169,5841
1169,5842
1169,5843
1169,5844
1169,5845
1170,5846
1170,5847
1170,5848
1170,5849
1170,5850
1171,5851
1171,5852
1171,5853
1171,5854
1171,5855
1172,5856
1172,5857
1172,5858
1172,5859
1172,5860
1173,5861
1173,5862
1173,5863
1173,5864
1173,5865
1174,5866
1174,5867
1174,5868
1174,5869
1174,5870
1175,5871
1175,5872
1175,5873
1175,5874
1175,5875
1176,5876
1176,5877
1176,5878
1176,5879
1176,5880
1177,5881
1177,5882
1177,5883
1177,5884
1177,5885
1178,5886
1178,5887
1178,5888
1178,5889
1178,5890
1179,5891
1179,5892
1179,5893
1179,5894
1179,5895
1180,5896
1180,5897
1180,5898
1180,5899
1180,5900
1181,5901
1181,5902
1181,5903
1181,5904
1181,5905
1182,5906
1182,5907
1182,5908
1182,5909
1182,5910
1183,5911
1183,5912
1183,5913
1183,5914
1183,5915
1184,5916
1184,5917
1184,5918
1184,5919
1184,5920
1185,5921
1185,5922
1185,5923
1185,5924
1185,5925
1186,5926
1186,5927
1186,5928
1186,5929
1186,5930
1187,5931
1187,5932
1187,5933
1187,5934
1187,5935
1188,5936
1188,5937
1188,5938
1188,5939
1188,5940
1189,5941
1189,5942
1189,5943
1189,5944
1189,5945
1190,5946
1190,5947
1190,5948
1190,5949
1190,5950
1191,5951
1191,5952
1191,5953
1191,5954
1191,5955
1192,5956
1192,5957
1192,5958
1192,5959
1192,5960
1193,5961
1193,5962
1193,5963
1193,5964
1193,5965
1194,5966
1194,5967
1194,5968
1194,5969
1194,5970
1195,5971
1195,5972
1195,5973
1195,5974
1195,5975
1196,5976
1196,5977
1196,5978
1196,5979
1196,5980
1197,5981
1197,5982
1197,5983
1197,5984
1197,5985
1198,5986
1198,5987
1198,5988
1198,5989
1198,5990
1199,5991
1199,5992
1199,5993
1199,5994
1199,5995
1200,5996
1200,5997
1200,5998
1200,5999
1200,6000
1201,6001
1201,6002
1201,6003
1201,6004
1201,6005
1202,6006
1202,6007
1202,6008
1202,6009
1202,6010
1203,6011
1203,6012
1203,6013
1203,6014
1203,6015
1204,6016
1204,6017
1204,6018
1204,6019
1204,6020
1205,6021
1205,6022
1205,6023
1205,6024
1205,6025
1206,6026
1206,6027
1206,6028
1206,6029
1206,6030
1207,6031
1207,6032
1207,6033
1207,6034
1207,6035
1208,6036
1208,6037
1208,6038
1208,6039
1208,6040
1209,6041
1209,6042
1209,6043
1209,6044
1209,6045
1210,6046
1210,6047
1210,6048
1210,6049
1210,6050
1211,6051
1211,6052
1211,6053
1211,6054
1211,6055
1212,6056
1212,6057
1212,6058
1212,6059
1212,6060
1213,6061
1213,6062
1213,6063
1213,6064
1213,6065
1214,6066
1214,6067
1214,6068
1214,6069
1214,6070
1215,6071
1215,6072
1215,6073
1215,6074
1215,6075
1216,6076
1216,6077
1216,6078
1216,6079
1216,6080
1217,6081
1217,6082
1217,6083
1217,6084
1217,6085
1218,6086
1218,6087
1218,6088
1218,6089
1218,6090
1219,6091
1219,6092
1219,6093
1219,6094
1219,6095
1220,6096
1220,6097
1220,6098
1220,6099
1220,6100
1221,6101
1221,6102
1221,6103
1221,6104
1221,6105
1222,6106
1222,6107
1222,6108
1222,6109
1222,6110
1223,6111
1223,6112
1223,6113
1223,6114
1223,6115
1224,6116
1224,6117
1224,6118
1224,6119
1224,6120
1225,6121
1225,6122
1225,6123
1225,6124
1225,6125
1226,6126
1226,6127
1226,6128
1226,6129
1226,6130
1227,6131
1227,6132
1227,6133
1227,6134
1227,6135
1228,6136
1228,6137
1228,6138
1228,6139
1228,6140
1229,6141
1229,6142
1229,6143
1229,6144
1229,6145
1230,6146
1230,6147
1230,6148
1230,6149
1230,6150
1231,6151
1231,6152
1231,6153
1231,6154
1231,6155
1232,6156
1232,6157
1232,6158
1232,6159
1232,6160
1233,6161
1233,6162
1233,6163
1233,6164
1233,6165
1234,6166
1234,6167
1234,6168
1234,6169
1234,6170
1235,6171
1235,6172
1235,6173
1235,6174
1235,6175
1236,6176
1236,6177
1236,6178
1236,6179
1236,6180
1237,6181
1237,6182
1237,6183
1237,6184
1237,6185
1238,6186
1238,6187
1238,6188
1238,6189
1238,6190
1239,6191
1239,6192
1239,6193
1239,6194
1239,6195
1240,6196
1240,6197
1240,6198
1240,6199
1240,6200
1241,6201
1241,6202
1241,6203
1241,6204
1241,6205
1242,6206
1242,6207
1242,6208
1242,6209
1242,6210
1243,6211
1243,6212
1243,6213
1243,6214
1243,6215
1244,6216
1244,6217
1244,6218
1244,6219
1244,6220
1245,6221
1245,6222
1245,6223
1245,6224
1245,6225
1246,6226
1246,6227
1246,6228
1246,6229
1246,6230
1247,6231
1247,6232
1247,6233
1247,6234
1247,6235
1248,6236
1248,6237
1248,6238
1248,6239
1248,6240
1249,6241
1249,6242
1249,6243
1249,6244
1249,6245
1250,6246
1250,6247
1250,6248
1250,6249
1250,6250
1251,6251
1251,6252
1251,6253
1251,6254
1251,6255
1252,6256
1252,6257
1252,6258
1252,6259
1252,6260
1253,6261
1253,6262
1253,6263
1253,6264
1253,6265
1254,6266
1254,6267
1254,6268
1254,6269
1254,6270
1255,6271
1255,6272
1255,6273
1255,6274
1255,6275
1256,6276
1256,6277
1256,6278
1256,6279
1256,6280
1257,6281
1257,6282
1257,6283
1257,6284
1257,6285
1258,6286
1258,6287
1258,6288
1258,6289
1258,6290
1259,6291
1259,6292
1259,6293
1259,6294
1259,6295
1260,6296
1260,6297
1260,6298
1260,6299
1260,6300
1261,6301
1261,6302
1261,6303
1261,6304
1261,6305
1262,6306
1262,6307
1262,6308
1262,6309
1262,6310
1263,6311
1263,6312
1263,6313
1263,6314
1263,6315
1264,6316
1264,6317
1264,6318
1264,6319
1264,6320
1265,6321
1265,6322
1265,6323
1265,6324
1265,6325
1266,6326
1266,6327
1266,6328
1266,6329
1266,6330
1267,6331
1267,6332
1267,6333
1267,6334
1267,6335
1268,6336
1268,6337
1268,6338
1268,6339
1268,6340
1269,6341
1269,6342
1269,6343
1269,6344
1269,6345
1270,6346
1270,6347
1270,6348
1270,6349
1270,6350
1271,6351
1271,6352
1271,6353
1271,6354
1271,6355
1272,6356
1272,6357
1272,6358
1272,6359
1272,6360
1273,6361
1273,6362
1273,6363
1273,6364
1273,6365
1274,6366
1274,6367
1274,6368
1274,6369
1274,6370
1275,6371
1275,6372
1275,6373
1275,6374
1275,6375
1276,6376
1276,6377
1276,6378
1276,6379
1276,6380
1277,6381
1277,6382
1277,6383
1277,6384
1277,6385
1278,6386
1278,6387
1278,6388
1278,6389
1278,6390
1279,6391
1279,6392
1279,6393
1279,6394
1279,6395
1280,6396
1280,6397
1280,6398
1280,6399
1280,6400
1281,6401
1281,6402
1281,6403
1281,6404
1281,6405
1282,6406
1282,6407
1282,6408
1282,6409
1282,6410
1283,6411
1283,6412
1283,6413
1283,6414
1283,6415
1284,6416
1284,6417
1284,6418
1284,6419
1284,6420
1285,6421
1285,6422
1285,6423
1285,6424
1285,6425
1286,6426
1286,6427
1286,6428
1286,6429
1286,6430
1287,6431
1287,6432
1287,6433
1287,6434
1287,6435
1288,6436
1288,6437
1288,6438
1288,6439
1288,6440
1289,6441
1289,6442
1289,6443
1289,6444
1289,6445
1290,6446
1290,6447
1290,6448
1290,6449
1290,6450
1291,6451
1291,6452
1291,6453
1291,6454
1291,6455
1292,6456
1292,6457
1292,6458
1292,6459
1292,6460
1293,6461
1293,6462
1293,6463
1293,6464
1293,6465
1294,6466
1294,6467
1294,6468
1294,6469
1294,6470
1295,6471
1295,6472
1295,6473
1295,6474
1295,6475
1296,6476
1296,6477
1296,6478
1296,6479
1296,6480
1297,6481
1297,6482
1297,6483
1297,6484
1297,6485
1298,6486
1298,6487
1298,6488
1298,6489
1298,6490
1299,6491
1299,6492
1299,6493
1299,6494
1299,6495
1300,6496
1300,6497
1300,6498
1300,6499
1300,6500
1301,6501
1301,6502
1301,6503
1301,6504
1301,6505
1302,6506
1302,6507
1302,6508
1302,6509
1302,6510
1303,6511
1303,6512
1303,6513
1303,6514
1303,6515
1304,6516
1304,6517
1304,6518
1304,6519
1304,6520
1305,6521
1305,6522
1305,6523
1305,6524
1305,6525
1306,6526
1306,6527
1306,6528
1306,6529
1306,6530
1307,6531
1307,6532
1307,6533
1307,6534
1307,6535
1308,6536
1308,6537
1308,6538
1308,6539
1308,6540
1309,6541
1309,6542
1309,6543
1309,6544
1309,6545
1310,6546
1310,6547
1310,6548
1310,6549
1310,6550
1311,6551
1311,6552
1311,6553
1311,6554
1311,6555
1312,6556
1312,6557
1312,6558
1312,6559
1312,6560
1313,6561
1313,6562
1313,6563
1313,6564
1313,6565
1314,6566
1314,6567
1314,6568
1314,6569
1314,6570
1315,6571
1315,6572
1315,6573
1315,6574
1315,6575
1316,6576
1316,6577
1316,6578
1316,6579
1316,6580
1317,6581
1317,6582
1317,6583
1317,6584
1317,6585
1318,6586
1318,6587
1318,6588
1318,6589
1318,6590
1319,6591
1319,6592
1319,6593
1319,6594
1319,6595
1320,6596
1320,6597
1320,6598
1320,6599
1320,6600
1321,6601
1321,6602
1321,6603
1321,6604
1321,6605
1322,6606
1322,6607
1322,6608
1322,6609
1322,6610
1323,6611
1323,6612
1323,6613
1323,6614
1323,6615
1324,6616
1324,6617
1324,6618
1324,6619
1324,6620
1325,6621
1325,6622
1325,6623
1325,6624
1325,6625
1326,6626
1326,6627
1326,6628
1326,6629
1326,6630
1327,6631
1327,6632
1327,6633
1327,6634
1327,6635
1328,6636
1328,6637
1328,6638
1328,6639
1328,6640
1329,6641
1329,6642
1329,6643
1329,6644
1329,6645
1330,6646
1330,6647
1330,6648
1330,6649
1330,6650
1331,6651
1331,6652
1331,6653
1331,6654
1331,6655
1332,6656
1332,6657
1332,6658
1332,6659
1332,6660
1333,6661
1333,6662
1333,6663
1333,6664
1333,6665
1334,6666
1334,6667
1334,6668
1334,6669
1334,6670
1335,6671
1335,6672
1335,6673
1335,6674
1335,6675
1336,6676
1336,6677
1336,6678
1336,6679
1336,6680
1337,6681
1337,6682
1337,6683
1337,6684
1337,6685
1338,6686
1338,6687
1338,6688
1338,6689
1338,6690
1339,6691
1339,6692
1339,6693
1339,6694
1339,6695
1340,6696
1340,6697
1340,6698
1340,6699
1340,6700
1341,6701
1341,6702
1341,6703
1341,6704
1341,6705
1342,6706
1342,6707
1342,6708
1342,6709
1342,6710
1343,6711
1343,6712
1343,6713
1343,6714
1343,6715
1344,6716
1344,6717
1344,6718
1344,6719
1344,6720
1345,6721
1345,6722
1345,6723
1345,6724
1345,6725
1346,6726
1346,6727
1346,6728
1346,6729
1346,6730
1347,6731
1347,6732
1347,6733
1347,6734
1347,6735
1348,6736
1348,6737
1348,6738
1348,6739
1348,6740
1349,6741
1349,6742
1349,6743
1349,6744
1349,6745
1350,6746
1350,6747
1350,6748
1350,6749
1350,6750
1351,6751
1351,6752
1351,6753
1351,6754
1351,6755
1352,6756
1352,6757
1352,6758
1352,6759
1352,6760
1353,6761
1353,6762
1353,6763
1353,6764
1353,6765
1354,6766
1354,6767
1354,6768
1354,6769
1354,6770
1355,6771
1355,6772
1355,6773
1355,6774
1355,6775
1356,6776
1356,6777
1356,6778
1356,6779
1356,6780
1357,6781
1357,6782
1357,6783
1357,6784
1357,6785
1358,6786
1358,6787
1358,6788
1358,6789
1358,6790
1359,6791
1359,6792
1359,6793
1359,6794
1359,6795
1360,6796
1360,6797
1360,6798
1360,6799
1360,6800
1361,6801
1361,6802
1361,6803
1361,6804
1361,6805
1362,6806
1362,6807
1362,6808
1362,6809
1362,6810
1363,6811
1363,6812
1363,6813
1363,6814
1363,6815
1364,6816
1364,6817
1364,6818
1364,6819
1364,6820
1365,6821
1365,6822
1365,6823
1365,6824
1365,6825
1366,6826
1366,6827
1366,6828
1366,6829
1366,6830
1367,6831
1367,6832
1367,6833
1367,6834
1367,6835
1368,6836
1368,6837
1368,6838
1368,6839
1368,6840
1369,6841
1369,6842
1369,6843
1369,6844
1369,6845
1370,6846
1370,6847
1370,6848
1370,6849
1370,6850
1371,6851
1371,6852
1371,6853
1371,6854
1371,6855
1372,6856
1372,6857
1372,6858
1372,6859
1372,6860
1373,6861
1373,6862
1373,6863
1373,6864
1373,6865
1374,6866
1374,6867
1374,6868
1374,6869
1374,6870
1375,6871
1375,6872
1375,6873
1375,6874
1375,6875
1376,6876
1376,6877
1376,6878
1376,6879
1376,6880
1377,6881
1377,6882
1377,6883
1377,6884
1377,6885
1378,6886
1378,6887
1378,6888
1378,6889
1378,6890
1379,6891
1379,6892
1379,6893
1379,6894
1379,6895
1380,6896
1380,6897
1380,6898
1380,6899
1380,6900
1381,6901
1381,6902
1381,6903
1381,6904
1381,6905
1382,6906
1382,6907
1382,6908
1382,6909
1382,6910
1383,6911
1383,6912
1383,6913
1383,6914
1383,6915
1384,6916
1384,6917
1384,6918
1384,6919
1384,6920
1385,6921
1385,6922
1385,6923
1385,6924
1385,6925
1386,6926
1386,6927
1386,6928
1386,6929
1386,6930
1387,6931
1387,6932
1387,6933
1387,6934
1387,6935
1388,6936
1388,6937
1388,6938
1388,6939
1388,6940
1389,6941
1389,6942
1389,6943
1389,6944
1389,6945
1390,6946
1390,6947
1390,6948
1390,6949
1390,6950
1391,6951
1391,6952
1391,6953
1391,6954
1391,6955
1392,6956
1392,6957
1392,6958
1392,6959
1392,6960
1393,6961
1393,6962
1393,6963
1393,6964
1393,6965
1394,6966
1394,6967
1394,6968
1394,6969
1394,6970
1395,6971
1395,6972
1395,6973
1395,6974
1395,6975
1396,6976
1396,6977
1396,6978
1396,6979
1396,6980
1397,6981
1397,6982
1397,6983
1397,6984
1397,6985
1398,6986
1398,6987
1398,6988
1398,6989
1398,6990
1399,6991
1399,6992
1399,6993
1399,6994
1399,6995
1400,6996
1400,6997
1400,6998
1400,6999
1400,7000
1401,7001
1401,7002
1401,7003
1401,7004
1401,7005
1402,7006
1402,7007
1402,7008
1402,7009
1402,7010
1403,7011
1403,7012
1403,7013
1403,7014
1403,7015
1404,7016
1404,7017
1404,7018
1404,7019
1404,7020
1405,7021
1405,7022
1405,7023
1405,7024
1405,7025
1406,7026
1406,7027
1406,7028
1406,7029
1406,7030
1407,7031
1407,7032
1407,7033
1407,7034
1407,7035
1408,7036
1408,7037
1408,7038
1408,7039
1408,7040
1409,7041
1409,7042
1409,7043
1409,7044
1409,7045
1410,7046
1410,7047
1410,7048
1410,7049
1410,7050
1411,7051
1411,7052
1411,7053
1411,7054
1411,7055
1412,7056
1412,7057
1412,7058
1412,7059
1412,7060
1413,7061
1413,7062
1413,7063
1413,7064
1413,7065
1414,7066
1414,7067
1414,7068
1414,7069
1414,7070
1415,7071
1415,7072
1415,7073
1415,7074
1415,7075
1416,7076
1416,7077
1416,7078
1416,7079
1416,7080
1417,7081
1417,7082
1417,7083
1417,7084
1417,7085
1418,7086
1418,7087
1418,7088
1418,7089
1418,7090
1419,7091
1419,7092
1419,7093
1419,7094
1419,7095
1420,7096
1420,7097
1420,7098
1420,7099
1420,7100
1421,7101
1421,7102
1421,7103
1421,7104
1421,7105
1422,7106
1422,7107
1422,7108
1422,7109
1422,7110
1423,7111
1423,7112
1423,7113
1423,7114
1423,7115
1424,7116
1424,7117
1424,7118
1424,7119
1424,7120
1425,7121
1425,7122
1425,7123
1425,7124
1425,7125
1426,7126
1426,7127
1426,7128
1426,7129
1426,7130
1427,7131
1427,7132
1427,7133
1427,7134
1427,7135
1428,7136
1428,7137
1428,7138
1428,7139
1428,7140
1429,7141
1429,7142
1429,7143
1429,7144
1429,7145
1430,7146
1430,7147
1430,7148
1430,7149
1430,7150
1431,7151
1431,7152
1431,7153
1431,7154
1431,7155
1432,7156
1432,7157
1432,7158
1432,7159
1432,7160
1433,7161
1433,7162
1433,7163
1433,7164
1433,7165
1434,7166
1434,7167
1434,7168
1434,7169
1434,7170
1435,7171
1435,7172
1435,7173
1435,7174
1435,7175
1436,7176
1436,7177
1436,7178
1436,7179
1436,7180
1437,7181
1437,7182
1437,7183
1437,7184
1437,7185
1438,7186
1438,7187
1438,7188
1438,7189
1438,7190
1439,7191
1439,7192
1439,7193
1439,7194
1439,7195
1440,7196
1440,7197
1440,7198
1440,7199
1440,7200
1441,7201
1441,7202
1441,7203
1441,7204
1441,7205
1442,7206
1442,7207
1442,7208
1442,7209
1442,7210
1443,7211
1443,7212
1443,7213
1443,7214
1443,7215
1444,7216
1444,7217
1444,7218
1444,7219
1444,7220
1445,7221
1445,7222
1445,7223
1445,7224
1445,7225
1446,7226
1446,7227
1446,7228
1446,7229
1446,7230
1447,7231
1447,7232
1447,7233
1447,7234
1447,7235
1448,7236
1448,7237
1448,7238
1448,7239
1448,7240
1449,7241
1449,7242
1449,7243
1449,7244
1449,7245
1450,7246
1450,7247
1450,7248
1450,7249
1450,7250
1451,7251
1451,7252
1451,7253
1451,7254
1451,7255
1452,7256
1452,7257
1452,7258
1452,7259
1452,7260
1453,7261
1453,7262
1453,7263
1453,7264
1453,7265
1454,7266
1454,7267
1454,7268
1454,7269
1454,7270
1455,7271
1455,7272
1455,7273
1455,7274
1455,7275
1456,7276
1456,7277
1456,7278
1456,7279
1456,7280
1457,7281
1457,7282
1457,7283
1457,7284
1457,7285
1458,7286
1458,7287
1458,7288
1458,7289
1458,7290
1459,7291
1459,7292
1459,7293
1459,7294
1459,7295
1460,7296
1460,7297
1460,7298
1460,7299
1460,7300
1461,7301
1461,7302
1461,7303
1461,7304
1461,7305
1462,7306
1462,7307
1462,7308
1462,7309
1462,7310
1463,7311
1463,7312
1463,7313
1463,7314
1463,7315
1464,7316
1464,7317
1464,7318
1464,7319
1464,7320
1465,7321
1465,7322
1465,7323
1465,7324
1465,7325
1466,7326
1466,7327
1466,7328
1466,7329
1466,7330
1467,7331
1467,7332
1467,7333
1467,7334
1467,7335
1468,7336
1468,7337
1468,7338
1468,7339
1468,7340
1469,7341
1469,7342
1469,7343
1469,7344
1469,7345
1470,7346
1470,7347
1470,7348
1470,7349
1470,7350
1471,7351
1471,7352
1471,7353
1471,7354
1471,7355
1472,7356
1472,7357
1472,7358
1472,7359
1472,7360
1473,7361
1473,7362
1473,7363
1473,7364
1473,7365
1474,7366
1474,7367
1474,7368
1474,7369
1474,7370
1475,7371
1475,7372
1475,7373
1475,7374
1475,7375
1476,7376
1476,7377
1476,7378
1476,7379
1476,7380
1477,7381
1477,7382
1477,7383
1477,7384
1477,7385
1478,7386
1478,7387
1478,7388
1478,7389
1478,7390
1479,7391
1479,7392
1479,7393
1479,7394
1479,7395
1480,7396
1480,7397
1480,7398
1480,7399
1480,7400
1481,7401
1481,7402
1481,7403
1481,7404
1481,7405
1482,7406
1482,7407
1482,7408
1482,7409
1482,7410
1483,7411
1483,7412
1483,7413
1483,7414
1483,7415
1484,7416
1484,7417
1484,7418
1484,7419
1484,7420
1485,7421
1485,7422
1485,7423
1485,7424
1485,7425
1486,7426
1486,7427
1486,7428
1486,7429
1486,7430
1487,7431
1487,7432
1487,7433
1487,7434
1487,7435
1488,7436
1488,7437
1488,7438
1488,7439
1488,7440
1489,7441
1489,7442
1489,7443
1489,7444
1489,7445
1490,7446
1490,7447
1490,7448
1490,7449
1490,7450
1491,7451
1491,7452
1491,7453
1491,7454
1491,7455
1492,7456
1492,7457
1492,7458
1492,7459
1492,7460
1493,7461
1493,7462
1493,7463
1493,7464
1493,7465
1494,7466
1494,7467
1494,7468
1494,7469
1494,7470
1495,7471
1495,7472
1495,7473
1495,7474
1495,7475
1496,7476
1496,7477
1496,7478
1496,7479
1496,7480
1497,7481
1497,7482
1497,7483
1497,7484
1497,7485
1498,7486
1498,7487
1498,7488
1498,7489
1498,7490
1499,7491
1499,7492
1499,7493
1499,7494
1499,7495
1500,7496
1500,7497
1500,7498
1500,7499
1500,7500
1501,7501
1501,7502
1501,7503
1501,7504
1501,7505
1502,7506
1502,7507
1502,7508
1502,7509
1502,7510
1503,7511
1503,7512
1503,7513
1503,7514
1503,7515
1504,7516
1504,7517
1504,7518
1504,7519
1504,7520
1505,7521
1505,7522
1505,7523
1505,7524
1505,7525
1506,7526
1506,7527
1506,7528
1506,7529
1506,7530
1507,7531
1507,7532
1507,7533
1507,7534
1507,7535
1508,7536
1508,7537
1508,7538
1508,7539
1508,7540
1509,7541
1509,7542
1509,7543
1509,7544
1509,7545
1510,7546
1510,7547
1510,7548
1510,7549
1510,7550
1511,7551
1511,7552
1511,7553
1511,7554
1511,7555
1512,7556
1512,7557
1512,7558
1512,7559
1512,7560
1513,7561
1513,7562
1513,7563
1513,7564
1513,7565
1514,7566
1514,7567
1514,7568
1514,7569
1514,7570
1515,7571
1515,7572
1515,7573
1515,7574
1515,7575
1516,7576
1516,7577
1516,7578
1516,7579
1516,7580
1517,7581
1517,7582
1517,7583
1517,7584
1517,7585
1518,7586
1518,7587
1518,7588
1518,7589
1518,7590
1519,7591
1519,7592
1519,7593
1519,7594
1519,7595
1520,7596
1520,7597
1520,7598
1520,7599
1520,7600
1521,7601
1521,7602
1521,7603
1521,7604
1521,7605
1522,7606
1522,7607
1522,7608
1522,7609
1522,7610
1523,7611
1523,7612
1523,7613
1523,7614
1523,7615
1524,7616
1524,7617
1524,7618
1524,7619
1524,7620
1525,7621
1525,7622
1525,7623
1525,7624
1525,7625
1526,7626
1526,7627
1526,7628
1526,7629
1526,7630
1527,7631
1527,7632
1527,7633
1527,7634
1527,7635
1528,7636
1528,7637
1528,7638
1528,7639
1528,7640
1529,7641
1529,7642
1529,7643
1529,7644
1529,7645
1530,7646
1530,7647
1530,7648
1530,7649
1530,7650
1531,7651
1531,7652
1531,7653
1531,7654
1531,7655
1532,7656
1532,7657
1532,7658
1532,7659
1532,7660
1533,7661
1533,7662
1533,7663
1533,7664
1533,7665
1534,7666
1534,7667
1534,7668
1534,7669
1534,7670
1535,7671
1535,7672
1535,7673
1535,7674
1535,7675
1536,7676
1536,7677
1536,7678
1536,7679
1536,7680
1537,7681
1537,7682
1537,7683
1537,7684
1537,7685
1538,7686
1538,7687
1538,7688
1538,7689
1538,7690
1539,7691
1539,7692
1539,7693
1539,7694
1539,7695
1540,7696
1540,7697
1540,7698
1540,7699
1540,7700
1541,7701
1541,7702
1541,7703
1541,7704
1541,7705
1542,7706
1542,7707
1542,7708
1542,7709
1542,7710
1543,7711
1543,7712
1543,7713
1543,7714
1543,7715
1544,7716
1544,7717
1544,7718
1544,7719
1544,7720
1545,7721
1545,7722
1545,7723
1545,7724
1545,7725
1546,7726
1546,7727
1546,7728
1546,7729
1546,7730
1547,7731
1547,7732
1547,7733
1547,7734
1547,7735
1548,7736
1548,7737
1548,7738
1548,7739
1548,7740
1549,7741
1549,7742
1549,7743
1549,7744
1549,7745
1550,7746
1550,7747
1550,7748
1550,7749
1550,7750
1551,7751
1551,7752
1551,7753
1551,7754
1551,7755
1552,7756
1552,7757
1552,7758
1552,7759
1552,7760
1553,7761
1553,7762
1553,7763
1553,7764
1553,7765
1554,7766
1554,7767
1554,7768
1554,7769
1554,7770
1555,7771
1555,7772
1555,7773
1555,7774
1555,7775
1556,7776
1556,7777
1556,7778
1556,7779
1556,7780
1557,7781
1557,7782
1557,7783
1557,7784
1557,7785
1558,7786
1558,7787
1558,7788
1558,7789
1558,7790
1559,7791
1559,7792
1559,7793
1559,7794
1559,7795
1560,7796
1560,7797
1560,7798
1560,7799
1560,7800
1561,7801
1561,7802
1561,7803
1561,7804
1561,7805
1562,7806
1562,7807
1562,7808
1562,7809
1562,7810
1563,7811
1563,7812
1563,7813
1563,7814
1563,7815
1564,7816
1564,7817
1564,7818
1564,7819
1564,7820
1565,7821
1565,7822
1565,7823
1565,7824
1565,7825
1566,7826
1566,7827
1566,7828
1566,7829
1566,7830
1567,7831
1567,7832
1567,7833
1567,7834
1567,7835
1568,7836
1568,7837
1568,7838
1568,7839
1568,7840
1569,7841
1569,7842
1569,7843
1569,7844
1569,7845
1570,7846
1570,7847
1570,7848
1570,7849
1570,7850
1571,7851
1571,7852
1571,7853
1571,7854
1571,7855
1572,7856
1572,7857
1572,7858
1572,7859
1572,7860
1573,7861
1573,7862
1573,7863
1573,7864
1573,7865
1574,7866
1574,7867
1574,7868
1574,7869
1574,7870
1575,7871
1575,7872
1575,7873
1575,7874
1575,7875
1576,7876
1576,7877
1576,7878
1576,7879
1576,7880
1577,7881
1577,7882
1577,7883
1577,7884
1577,7885
1578,7886
1578,7887
1578,7888
1578,7889
1578,7890
1579,7891
1579,7892
1579,7893
1579,7894
1579,7895
1580,7896
1580,7897
1580,7898
1580,7899
1580,7900
1581,7901
1581,7902
1581,7903
1581,7904
1581,7905
1582,7906
1582,7907
1582,7908
1582,7909
1582,7910
1583,7911
1583,7912
1583,7913
1583,7914
1583,7915
1584,7916
1584,7917
1584,7918
1584,7919
1584,7920
1585,7921
1585,7922
1585,7923
1585,7924
1585,7925
1586,7926
1586,7927
1586,7928
1586,7929
1586,7930
1587,7931
1587,7932
1587,7933
1587,7934
1587,7935
1588,7936
1588,7937
1588,7938
1588,7939
1588,7940
1589,7941
1589,7942
1589,7943
1589,7944
1589,7945
1590,7946
1590,7947
1590,7948
1590,7949
1590,7950
1591,7951
1591,7952
1591,7953
1591,7954
1591,7955
1592,7956
1592,7957
1592,7958
1592,7959
1592,7960
1593,7961
1593,7962
1593,7963
1593,7964
1593,7965
1594,7966
1594,7967
1594,7968
1594,7969
1594,7970
1595,7971
1595,7972
1595,7973
1595,7974
1595,7975
1596,7976
1596,7977
1596,7978
1596,7979
1596,7980
1597,7981
1597,7982
1597,7983
1597,7984
1597,7985
1598,7986
1598,7987
1598,7988
1598,7989
1598,7990
1599,7991
1599,7992
1599,7993
1599,7994
1599,7995
1600,7996
1600,7997
1600,7998
1600,7999
1600,8000
1601,8001
1601,8002
1601,8003
1601,8004
1601,8005
1602,8006
1602,8007
1602,8008
1602,8009
1602,8010
1603,8011
1603,8012
1603,8013
1603,8014
1603,8015
1604,8016
1604,8017
1604,8018
1604,8019
1604,8020
1605,8021
1605,8022
1605,8023
1605,8024
1605,8025
1606,8026
1606,8027
1606,8028
1606,8029
1606,8030
1607,8031
1607,8032
1607,8033
1607,8034
1607,8035
1608,8036
1608,8037
1608,8038
1608,8039
1608,8040
1609,8041
1609,8042
1609,8043
1609,8044
1609,8045
1610,8046
1610,8047
1610,8048
1610,8049
1610,8050
1611,8051
1611,8052
1611,8053
1611,8054
1611,8055
1612,8056
1612,8057
1612,8058
1612,8059
1612,8060
1613,8061
1613,8062
1613,8063
1613,8064
1613,8065
1614,8066
1614,8067
1614,8068
1614,8069
1614,8070
1615,8071
1615,8072
1615,8073
1615,8074
1615,8075
1616,8076
1616,8077
1616,8078
1616,8079
1616,8080
1617,8081
1617,8082
1617,8083
1617,8084
1617,8085
1618,8086
1618,8087
1618,8088
1618,8089
1618,8090
1619,8091
1619,8092
1619,8093
1619,8094
1619,8095
1620,8096
1620,8097
1620,8098
1620,8099
1620,8100
1621,8101
1621,8102
1621,8103
1621,8104
1621,8105
1622,8106
1622,8107
1622,8108
1622,8109
1622,8110
1623,8111
1623,8112
1623,8113
1623,8114
1623,8115
1624,8116
1624,8117
1624,8118
1624,8119
1624,8120
1625,8121
1625,8122
1625,8123
1625,8124
1625,8125
1626,8126
1626,8127
1626,8128
1626,8129
1626,8130
1627,8131
1627,8132
1627,8133
1627,8134
1627,8135
1628,8136
1628,8137
1628,8138
1628,8139
1628,8140
1629,8141
1629,8142
1629,8143
1629,8144
1629,8145
1630,8146
1630,8147
1630,8148
1630,8149
1630,8150
1631,8151
1631,8152
1631,8153
1631,8154
1631,8155
1632,8156
1632,8157
1632,8158
1632,8159
1632,8160
1633,8161
1633,8162
1633,8163
1633,8164
1633,8165
1634,8166
1634,8167
1634,8168
1634,8169
1634,8170
1635,8171
1635,8172
1635,8173
1635,8174
1635,8175
1636,8176
1636,8177
1636,8178
1636,8179
1636,8180
1637,8181
1637,8182
1637,8183
1637,8184
1637,8185
1638,8186
1638,8187
1638,8188
1638,8189
1638,8190
1639,8191
1639,8192
1639,8193
1639,8194
1639,8195
1640,8196
1640,8197
1640,8198
1640,8199
1640,8200
1641,8201
1641,8202
1641,8203
1641,8204
1641,8205
1642,8206
1642,8207
1642,8208
1642,8209
1642,8210
1643,8211
1643,8212
1643,8213
1643,8214
1643,8215
1644,8216
1644,8217
1644,8218
1644,8219
1644,8220
1645,8221
1645,8222
1645,8223
1645,8224
1645,8225
1646,8226
1646,8227
1646,8228
1646,8229
1646,8230
1647,8231
1647,8232
1647,8233
1647,8234
1647,8235
1648,8236
1648,8237
1648,8238
1648,8239
1648,8240
1649,8241
1649,8242
1649,8243
1649,8244
1649,8245
1650,8246
1650,8247
1650,8248
1650,8249
1650,8250
1651,8251
1651,8252
1651,8253
1651,8254
1651,8255
1652,8256
1652,8257
1652,8258
1652,8259
1652,8260
1653,8261
1653,8262
1653,8263
1653,8264
1653,8265
1654,8266
1654,8267
1654,8268
1654,8269
1654,8270
1655,8271
1655,8272
1655,8273
1655,8274
1655,8275
1656,8276
1656,8277
1656,8278
1656,8279
1656,8280
1657,8281
1657,8282
1657,8283
1657,8284
1657,8285
1658,8286
1658,8287
1658,8288
1658,8289
1658,8290
1659,8291
1659,8292
1659,8293
1659,8294
1659,8295
1660,8296
1660,8297
1660,8298
1660,8299
1660,8300
1661,8301
1661,8302
1661,8303
1661,8304
1661,8305
1662,8306
1662,8307
1662,8308
1662,8309
1662,8310
1663,8311
1663,8312
1663,8313
1663,8314
1663,8315
1664,8316
1664,8317
1664,8318
1664,8319
1664,8320
1665,8321
1665,8322
1665,8323
1665,8324
1665,8325
1666,8326
1666,8327
1666,8328
1666,8329
1666,8330
1667,8331
1667,8332
1667,8333
1667,8334
1667,8335
1668,8336
1668,8337
1668,8338
1668,8339
1668,8340
1669,8341
1669,8342
1669,8343
1669,8344
1669,8345
1670,8346
1670,8347
1670,8348
1670,8349
1670,8350
1671,8351
1671,8352
1671,8353
1671,8354
1671,8355
1672,8356
1672,8357
1672,8358
1672,8359
1672,8360
1673,8361
1673,8362
1673,8363
1673,8364
1673,8365
1674,8366
1674,8367
1674,8368
1674,8369
1674,8370
1675,8371
1675,8372
1675,8373
1675,8374
1675,8375
1676,8376
1676,8377
1676,8378
1676,8379
1676,8380
1677,8381
1677,8382
1677,8383
1677,8384
1677,8385
1678,8386
1678,8387
1678,8388
1678,8389
1678,8390
1679,8391
1679,8392
1679,8393
1679,8394
1679,8395
1680,8396
1680,8397
1680,8398
1680,8399
1680,8400
1681,8401
1681,8402
1681,8403
1681,8404
1681,8405
1682,8406
1682,8407
1682,8408
1682,8409
1682,8410
1683,8411
1683,8412
1683,8413
1683,8414
1683,8415
1684,8416
1684,8417
1684,8418
1684,8419
1684,8420
1685,8421
1685,8422
1685,8423
1685,8424
1685,8425
1686,8426
1686,8427
1686,8428
1686,8429
1686,8430
1687,8431
1687,8432
1687,8433
1687,8434
1687,8435
1688,8436
1688,8437
1688,8438
1688,8439
1688,8440
1689,8441
1689,8442
1689,8443
1689,8444
1689,8445
1690,8446
1690,8447
1690,8448
1690,8449
1690,8450
1691,8451
1691,8452
1691,8453
1691,8454
1691,8455
1692,8456
1692,8457
1692,8458
1692,8459
1692,8460
1693,8461
1693,8462
1693,8463
1693,8464
1693,8465
1694,8466
1694,8467
1694,8468
1694,8469
1694,8470
1695,8471
1695,8472
1695,8473
1695,8474
1695,8475
1696,8476
1696,8477
1696,8478
1696,8479
1696,8480
1697,8481
1697,8482
1697,8483
1697,8484
1697,8485
1698,8486
1698,8487
1698,8488
1698,8489
1698,8490
1699,8491
1699,8492
1699,8493
1699,8494
1699,8495
1700,8496
1700,8497
1700,8498
1700,8499
1700,8500
1701,8501
1701,8502
1701,8503
1701,8504
1701,8505
1702,8506
1702,8507
1702,8508
1702,8509
1702,8510
1703,8511
1703,8512
1703,8513
1703,8514
1703,8515
1704,8516
1704,8517
1704,8518
1704,8519
1704,8520
1705,8521
1705,8522
1705,8523
1705,8524
1705,8525
1706,8526
1706,8527
1706,8528
1706,8529
1706,8530
1707,8531
1707,8532
1707,8533
1707,8534
1707,8535
1708,8536
1708,8537
1708,8538
1708,8539
1708,8540
1709,8541
1709,8542
1709,8543
1709,8544
1709,8545
1710,8546
1710,8547
1710,8548
1710,8549
1710,8550
1711,8551
1711,8552
1711,8553
1711,8554
1711,8555
1712,8556
1712,8557
1712,8558
1712,8559
1712,8560
1713,8561
1713,8562
1713,8563
1713,8564
1713,8565
1714,8566
1714,8567
1714,8568
1714,8569
1714,8570
1715,8571
1715,8572
1715,8573
1715,8574
1715,8575
1716,8576
1716,8577
1716,8578
1716,8579
1716,8580
1717,8581
1717,8582
1717,8583
1717,8584
1717,8585
1718,8586
1718,8587
1718,8588
1718,8589
1718,8590
1719,8591
1719,8592
1719,8593
1719,8594
1719,8595
1720,8596
1720,8597
1720,8598
1720,8599
1720,8600
1721,8601
1721,8602
1721,8603
1721,8604
1721,8605
1722,8606
1722,8607
1722,8608
1722,8609
1722,8610
1723,8611
1723,8612
1723,8613
1723,8614
1723,8615
1724,8616
1724,8617
1724,8618
1724,8619
1724,8620
1725,8621
1725,8622
1725,8623
1725,8624
1725,8625
1726,8626
1726,8627
1726,8628
1726,8629
1726,8630
1727,8631
1727,8632
1727,8633
1727,8634
1727,8635
1728,8636
1728,8637
1728,8638
1728,8639
1728,8640
1729,8641
1729,8642
1729,8643
1729,8644
1729,8645
1730,8646
1730,8647
1730,8648
1730,8649
1730,8650
1731,8651
1731,8652
1731,8653
1731,8654
1731,8655
1732,8656
1732,8657
1732,8658
1732,8659
1732,8660
1733,8661
1733,8662
1733,8663
1733,8664
1733,8665
1734,8666
1734,8667
1734,8668
1734,8669
1734,8670
1735,8671
1735,8672
1735,8673
1735,8674
1735,8675
1736,8676
1736,8677
1736,8678
1736,8679
1736,8680
1737,8681
1737,8682
1737,8683
1737,8684
1737,8685
1738,8686
1738,8687
1738,8688
1738,8689
1738,8690
1739,8691
1739,8692
1739,8693
1739,8694
1739,8695
1740,8696
1740,8697
1740,8698
1740,8699
1740,8700
1741,8701
1741,8702
1741,8703
1741,8704
1741,8705
1742,8706
1742,8707
1742,8708
1742,8709
1742,8710
1743,8711
1743,8712
1743,8713
1743,8714
1743,8715
1744,8716
1744,8717
1744,8718
1744,8719
1744,8720
1745,8721
1745,8722
1745,8723
1745,8724
1745,8725
1746,8726
1746,8727
1746,8728
1746,8729
1746,8730
1747,8731
1747,8732
1747,8733
1747,8734
1747,8735
1748,8736
1748,8737
1748,8738
1748,8739
1748,8740
1749,8741
1749,8742
1749,8743
1749,8744
1749,8745
1750,8746
1750,8747
1750,8748
1750,8749
1750,8750
1751,8751
1751,8752
1751,8753
1751,8754
1751,8755
1752,8756
1752,8757
1752,8758
1752,8759
1752,8760
1753,8761
1753,8762
1753,8763
1753,8764
1753,8765
1754,8766
1754,8767
1754,8768
1754,8769
1754,8770
1755,8771
1755,8772
1755,8773
1755,8774
1755,8775
1756,8776
1756,8777
1756,8778
1756,8779
1756,8780
1757,8781
1757,8782
1757,8783
1757,8784
1757,8785
1758,8786
1758,8787
1758,8788
1758,8789
1758,8790
1759,8791
1759,8792
1759,8793
1759,8794
1759,8795
1760,8796
1760,8797
1760,8798
1760,8799
1760,8800
1761,8801
1761,8802
1761,8803
1761,8804
1761,8805
1762,8806
1762,8807
1762,8808
1762,8809
1762,8810
1763,8811
1763,8812
1763,8813
1763,8814
1763,8815
1764,8816
1764,8817
1764,8818
1764,8819
1764,8820
1765,8821
1765,8822
1765,8823
1765,8824
1765,8825
1766,8826
1766,8827
1766,8828
1766,8829
1766,8830
1767,8831
1767,8832
1767,8833
1767,8834
1767,8835
1768,8836
1768,8837
1768,8838
1768,8839
1768,8840
1769,8841
1769,8842
1769,8843
1769,8844
1769,8845
1770,8846
1770,8847
1770,8848
1770,8849
1770,8850
1771,8851
1771,8852
1771,8853
1771,8854
1771,8855
1772,8856
1772,8857
1772,8858
1772,8859
1772,8860
1773,8861
1773,8862
1773,8863
1773,8864
1773,8865
1774,8866
1774,8867
1774,8868
1774,8869
1774,8870
1775,8871
1775,8872
1775,8873
1775,8874
1775,8875
1776,8876
1776,8877
1776,8878
1776,8879
1776,8880
1777,8881
1777,8882
1777,8883
1777,8884
1777,8885
1778,8886
1778,8887
1778,8888
1778,8889
1778,8890
1779,8891
1779,8892
1779,8893
1779,8894
1779,8895
1780,8896
1780,8897
1780,8898
1780,8899
1780,8900
1781,8901
1781,8902
1781,8903
1781,8904
1781,8905
1782,8906
1782,8907
1782,8908
1782,8909
1782,8910
1783,8911
1783,8912
1783,8913
1783,8914
1783,8915
1784,8916
1784,8917
1784,8918
1784,8919
1784,8920
1785,8921
1785,8922
1785,8923
1785,8924
1785,8925
1786,8926
1786,8927
1786,8928
1786,8929
1786,8930
1787,8931
1787,8932
1787,8933
1787,8934
1787,8935
1788,8936
1788,8937
1788,8938
1788,8939
1788,8940
1789,8941
1789,8942
1789,8943
1789,8944
1789,8945
1790,8946
1790,8947
1790,8948
1790,8949
1790,8950
1791,8951
1791,8952
1791,8953
1791,8954
1791,8955
1792,8956
1792,8957
1792,8958
1792,8959
1792,8960
1793,8961
1793,8962
1793,8963
1793,8964
1793,8965
1794,8966
1794,8967
1794,8968
1794,8969
1794,8970
1795,8971
1795,8972
1795,8973
1795,8974
1795,8975
1796,8976
1796,8977
1796,8978
1796,8979
1796,8980
1797,8981
1797,8982
1797,8983
1797,8984
1797,8985
1798,8986
1798,8987
1798,8988
1798,8989
1798,8990
1799,8991
1799,8992
1799,8993
1799,8994
1799,8995
1800,8996
1800,8997
1800,8998
1800,8999
1800,9000
1801,9001
1801,9002
1801,9003
1801,9004
1801,9005
1802,9006
1802,9007
1802,9008
1802,9009
1802,9010
1803,9011
1803,9012
1803,9013
1803,9014
1803,9015
1804,9016
1804,9017
1804,9018
1804,9019
1804,9020
1805,9021
1805,9022
1805,9023
1805,9024
1805,9025
1806,9026
1806,9027
1806,9028
1806,9029
1806,9030
1807,9031
1807,9032
1807,9033
1807,9034
1807,9035
1808,9036
1808,9037
1808,9038
1808,9039
1808,9040
1809,9041
1809,9042
1809,9043
1809,9044
1809,9045
1810,9046
1810,9047
1810,9048
1810,9049
1810,9050
1811,9051
1811,9052
1811,9053
1811,9054
1811,9055
1812,9056
1812,9057
1812,9058
1812,9059
1812,9060
1813,9061
1813,9062
1813,9063
1813,9064
1813,9065
1814,9066
1814,9067
1814,9068
1814,9069
1814,9070
1815,9071
1815,9072
1815,9073
1815,9074
1815,9075
1816,9076
1816,9077
1816,9078
1816,9079
1816,9080
1817,9081
1817,9082
1817,9083
1817,9084
1817,9085
1818,9086
1818,9087
1818,9088
1818,9089
1818,9090
1819,9091
1819,9092
1819,9093
1819,9094
1819,9095
1820,9096
1820,9097
1820,9098
1820,9099
1820,9100
1821,9101
1821,9102
1821,9103
1821,9104
1821,9105
1822,9106
1822,9107
1822,9108
1822,9109
1822,9110
1823,9111
1823,9112
1823,9113
1823,9114
1823,9115
1824,9116
1824,9117
1824,9118
1824,9119
1824,9120
1825,9121
1825,9122
1825,9123
1825,9124
1825,9125
1826,9126
1826,9127
1826,9128
1826,9129
1826,9130
1827,9131
1827,9132
1827,9133
1827,9134
1827,9135
1828,9136
1828,9137
1828,9138
1828,9139
1828,9140
1829,9141
1829,9142
1829,9143
1829,9144
1829,9145
1830,9146
1830,9147
1830,9148
1830,9149
1830,9150
1831,9151
1831,9152
1831,9153
1831,9154
1831,9155
1832,9156
1832,9157
1832,9158
1832,9159
1832,9160
1833,9161
1833,9162
1833,9163
1833,9164
1833,9165
1834,9166
1834,9167
1834,9168
1834,9169
1834,9170
1835,9171
1835,9172
1835,9173
1835,9174
1835,9175
1836,9176
1836,9177
1836,9178
1836,9179
1836,9180
1837,9181
1837,9182
1837,9183
1837,9184
1837,9185
1838,9186
1838,9187
1838,9188
1838,9189
1838,9190
1839,9191
1839,9192
1839,9193
1839,9194
1839,9195
1840,9196
1840,9197
1840,9198
1840,9199
1840,9200
1841,9201
1841,9202
1841,9203
1841,9204
1841,9205
1842,9206
1842,9207
1842,9208
1842,9209
1842,9210
1843,9211
1843,9212
1843,9213
1843,9214
1843,9215
1844,9216
1844,9217
1844,9218
1844,9219
1844,9220
1845,9221
1845,9222
1845,9223
1845,9224
1845,9225
1846,9226
1846,9227
1846,9228
1846,9229
1846,9230
1847,9231
1847,9232
1847,9233
1847,9234
1847,9235
1848,9236
1848,9237
1848,9238
1848,9239
1848,9240
1849,9241
1849,9242
1849,9243
1849,9244
1849,9245
1850,9246
1850,9247
1850,9248
1850,9249
1850,9250
1851,9251
1851,9252
1851,9253
1851,9254
1851,9255
1852,9256
1852,9257
1852,9258
1852,9259
1852,9260
1853,9261
1853,9262
1853,9263
1853,9264
1853,9265
1854,9266
1854,9267
1854,9268
1854,9269
1854,9270
1855,9271
1855,9272
1855,9273
1855,9274
1855,9275
1856,9276
1856,9277
1856,9278
1856,9279
1856,9280
1857,9281
1857,9282
1857,9283
1857,9284
1857,9285
1858,9286
1858,9287
1858,9288
1858,9289
1858,9290
1859,9291
1859,9292
1859,9293
1859,9294
1859,9295
1860,9296
1860,9297
1860,9298
1860,9299
1860,9300
1861,9301
1861,9302
1861,9303
1861,9304
1861,9305
1862,9306
1862,9307
1862,9308
1862,9309
1862,9310
1863,9311
1863,9312
1863,9313
1863,9314
1863,9315
1864,9316
1864,9317
1864,9318
1864,9319
1864,9320
1865,9321
1865,9322
1865,9323
1865,9324
1865,9325
1866,9326
1866,9327
1866,9328
1866,9329
1866,9330
1867,9331
1867,9332
1867,9333
1867,9334
1867,9335
1868,9336
1868,9337
1868,9338
1868,9339
1868,9340
1869,9341
1869,9342
1869,9343
1869,9344
1869,9345
1870,9346
1870,9347
1870,9348
1870,9349
1870,9350
1871,9351
1871,9352
1871,9353
1871,9354
1871,9355
1872,9356
1872,9357
1872,9358
1872,9359
1872,9360
1873,9361
1873,9362
1873,9363
1873,9364
1873,9365
1874,9366
1874,9367
1874,9368
1874,9369
1874,9370
1875,9371
1875,9372
1875,9373
1875,9374
1875,9375
1876,9376
1876,9377
1876,9378
1876,9379
1876,9380
1877,9381
1877,9382
1877,9383
1877,9384
1877,9385
1878,9386
1878,9387
1878,9388
1878,9389
1878,9390
1879,9391
1879,9392
1879,9393
1879,9394
1879,9395
1880,9396
1880,9397
1880,9398
1880,9399
1880,9400
1881,9401
1881,9402
1881,9403
1881,9404
1881,9405
1882,9406
1882,9407
1882,9408
1882,9409
1882,9410
1883,9411
1883,9412
1883,9413
1883,9414
1883,9415
1884,9416
1884,9417
1884,9418
1884,9419
1884,9420
1885,9421
1885,9422
1885,9423
1885,9424
1885,9425
1886,9426
1886,9427
1886,9428
1886,9429
1886,9430
1887,9431
1887,9432
1887,9433
1887,9434
1887,9435
1888,9436
1888,9437
1888,9438
1888,9439
1888,9440
1889,9441
1889,9442
1889,9443
1889,9444
1889,9445
1890,9446
1890,9447
1890,9448
1890,9449
1890,9450
1891,9451
1891,9452
1891,9453
1891,9454
1891,9455
1892,9456
1892,9457
1892,9458
1892,9459
1892,9460
1893,9461
1893,9462
1893,9463
1893,9464
1893,9465
1894,9466
1894,9467
1894,9468
1894,9469
1894,9470
1895,9471
1895,9472
1895,9473
1895,9474
1895,9475
1896,9476
1896,9477
1896,9478
1896,9479
1896,9480
1897,9481
1897,9482
1897,9483
1897,9484
1897,9485
1898,9486
1898,9487
1898,9488
1898,9489
1898,9490
1899,9491
1899,9492
1899,9493
1899,9494
1899,9495
1900,9496
1900,9497
1900,9498
1900,9499
1900,9500
1901,9501
1901,9502
1901,9503
1901,9504
1901,9505
1902,9506
1902,9507
1902,9508
1902,9509
1902,9510
1903,9511
1903,9512
1903,9513
1903,9514
1903,9515
1904,9516
1904,9517
1904,9518
1904,9519
1904,9520
1905,9521
1905,9522
1905,9523
1905,9524
1905,9525
1906,9526
1906,9527
1906,9528
1906,9529
1906,9530
1907,9531
1907,9532
1907,9533
1907,9534
1907,9535
1908,9536
1908,9537
1908,9538
1908,9539
1908,9540
1909,9541
1909,9542
1909,9543
1909,9544
1909,9545
1910,9546
1910,9547
1910,9548
1910,9549
1910,9550
1911,9551
1911,9552
1911,9553
1911,9554
1911,9555
1912,9556
1912,9557
1912,9558
1912,9559
1912,9560
1913,9561
1913,9562
1913,9563
1913,9564
1913,9565
1914,9566
1914,9567
1914,9568
1914,9569
1914,9570
1915,9571
1915,9572
1915,9573
1915,9574
1915,9575
1916,9576
1916,9577
1916,9578
1916,9579
1916,9580
1917,9581
1917,9582
1917,9583
1917,9584
1917,9585
1918,9586
1918,9587
1918,9588
1918,9589
1918,9590
1919,9591
1919,9592
1919,9593
1919,9594
1919,9595
1920,9596
1920,9597
1920,9598
1920,9599
1920,9600
1921,9601
1921,9602
1921,9603
1921,9604
1921,9605
1922,9606
1922,9607
1922,9608
1922,9609
1922,9610
1923,9611
1923,9612
1923,9613
1923,9614
1923,9615
1924,9616
1924,9617
1924,9618
1924,9619
1924,9620
1925,9621
1925,9622
1925,9623
1925,9624
1925,9625
1926,9626
1926,9627
1926,9628
1926,9629
1926,9630
1927,9631
1927,9632
1927,9633
1927,9634
1927,9635
1928,9636
1928,9637
1928,9638
1928,9639
1928,9640
1929,9641
1929,9642
1929,9643
1929,9644
1929,9645
1930,9646
1930,9647
1930,9648
1930,9649
1930,9650
1931,9651
1931,9652
1931,9653
1931,9654
1931,9655
1932,9656
1932,9657
1932,9658
1932,9659
1932,9660
1933,9661
1933,9662
1933,9663
1933,9664
1933,9665
1934,9666
1934,9667
1934,9668
1934,9669
1934,9670
1935,9671
1935,9672
1935,9673
1935,9674
1935,9675
1936,9676
1936,9677
1936,9678
1936,9679
1936,9680
1937,9681
1937,9682
1937,9683
1937,9684
1937,9685
1938,9686
1938,9687
1938,9688
1938,9689
1938,9690
1939,9691
1939,9692
1939,9693
1939,9694
1939,9695
1940,9696
1940,9697
1940,9698
1940,9699
1940,9700
1941,9701
1941,9702
1941,9703
1941,9704
1941,9705
1942,9706
1942,9707
1942,9708
1942,9709
1942,9710
1943,9711
1943,9712
1943,9713
1943,9714
1943,9715
1944,9716
1944,9717
1944,9718
1944,9719
1944,9720
1945,9721
1945,9722
1945,9723
1945,9724
1945,9725
1946,9726
1946,9727
1946,9728
1946,9729
1946,9730
1947,9731
1947,9732
1947,9733
1947,9734
1947,9735
1948,9736
1948,9737
1948,9738
1948,9739
1948,9740
1949,9741
1949,9742
1949,9743
1949,9744
1949,9745
1950,9746
1950,9747
1950,9748
1950,9749
1950,9750
1951,9751
1951,9752
1951,9753
1951,9754
1951,9755
1952,9756
1952,9757
1952,9758
1952,9759
1952,9760
1953,9761
1953,9762
1953,9763
1953,9764
1953,9765
1954,9766
1954,9767
1954,9768
1954,9769
1954,9770
1955,9771
1955,9772
1955,9773
1955,9774
1955,9775
1956,9776
1956,9777
1956,9778
1956,9779
1956,9780
1957,9781
1957,9782
1957,9783
1957,9784
1957,9785
1958,9786
1958,9787
1958,9788
1958,9789
1958,9790
1959,9791
1959,9792
1959,9793
1959,9794
1959,9795
1960,9796
1960,9797
1960,9798
1960,9799
1960,9800
1961,9801
1961,9802
1961,9803
1961,9804
1961,9805
1962,9806
1962,9807
1962,9808
1962,9809
1962,9810
1963,9811
1963,9812
1963,9813
1963,9814
1963,9815
1964,9816
1964,9817
1964,9818
1964,9819
1964,9820
1965,9821
1965,9822
1965,9823
1965,9824
1965,9825
1966,9826
1966,9827
1966,9828
1966,9829
1966,9830
1967,9831
1967,9832
1967,9833
1967,9834
1967,9835
1968,9836
1968,9837
1968,9838
1968,9839
1968,9840
1969,9841
1969,9842
1969,9843
1969,9844
1969,9845
1970,9846
1970,9847
1970,9848
1970,9849
1970,9850
1971,9851
1971,9852
1971,9853
1971,9854
1971,9855
1972,9856
1972,9857
1972,9858
1972,9859
1972,9860
1973,9861
1973,9862
1973,9863
1973,9864
1973,9865
1974,9866
1974,9867
1974,9868
1974,9869
1974,9870
1975,9871
1975,9872
1975,9873
1975,9874
1975,9875
1976,9876
1976,9877
1976,9878
1976,9879
1976,9880
1977,9881
1977,9882
1977,9883
1977,9884
1977,9885
1978,9886
1978,9887
1978,9888
1978,9889
1978,9890
1979,9891
1979,9892
1979,9893
1979,9894
1979,9895
1980,9896
1980,9897
1980,9898
1980,9899
1980,9900
1981,9901
1981,9902
1981,9903
1981,9904
1981,9905
1982,9906
1982,9907
1982,9908
1982,9909
1982,9910
1983,9911
1983,9912
1983,9913
1983,9914
1983,9915
1984,9916
1984,9917
1984,9918
1984,9919
1984,9920
1985,9921
1985,9922
1985,9923
1985,9924
1985,9925
1986,9926
1986,9927
1986,9928
1986,9929
1986,9930
1987,9931
1987,9932
1987,9933
1987,9934
1987,9935
1988,9936
1988,9937
1988,9938
1988,9939
1988,9940
1989,9941
1989,9942
1989,9943
1989,9944
1989,9945
1990,9946
1990,9947
1990,9948
1990,9949
1990,9950
1991,9951
1991,9952
1991,9953
1991,9954
1991,9955
1992,9956
1992,9957
1992,9958
1992,9959
1992,9960
1993,9961
1993,9962
1993,9963
1993,9964
1993,9965
1994,9966
1994,9967
1994,9968
1994,9969
1994,9970
1995,9971
1995,9972
1995,9973
1995,9974
1995,9975
1996,9976
1996,9977
1996,9978
1996,9979
1996,9980
1997,9981
1997,9982
1997,9983
1997,9984
1997,9985
1998,9986
1998,9987
1998,9988
1998,9989
1998,9990
1999,9991
1999,9992
1999,9993
1999,9994
1999,9995
2000,9996
2000,9997
2000,9998
2000,9999
2000,10000
2001,10001
2001,10002
2001,10003
2001,10004
2001,10005
2002,10006
2002,10007
2002,10008
2002,10009
2002,10010
2003,10011
2003,10012
2003,10013
2003,10014
2003,10015
2004,10016
2004,10017
2004,10018
2004,10019
2004,10020
2005,10021
2005,10022
2005,10023
2005,10024
2005,10025
2006,10026
2006,10027
2006,10028
2006,10029
2006,10030
2007,10031
2007,10032
2007,10033
2007,10034
2007,10035
2008,10036
2008,10037
2008,10038
2008,10039
2008,10040
2009,10041
2009,10042
2009,10043
2009,10044
2009,10045
2010,10046
2010,10047
2010,10048
2010,10049
2010,10050
2011,10051
2011,10052
2011,10053
2011,10054
2011,10055
2012,10056
2012,10057
2012,10058
2012,10059
2012,10060
2013,10061
2013,10062
2013,10063
2013,10064
2013,10065
2014,10066
2014,10067
2014,10068
2014,10069
2014,10070
2015,10071
2015,10072
2015,10073
2015,10074
2015,10075
2016,10076
2016,10077
2016,10078
2016,10079
2016,10080
2017,10081
2017,10082
2017,10083
2017,10084
2017,10085
2018,10086
2018,10087
2018,10088
2018,10089
2018,10090
2019,10091
2019,10092
2019,10093
2019,10094
2019,10095
2020,10096
2020,10097
2020,10098
2020,10099
2020,10100
2021,10101
2021,10102
2021,10103
2021,10104
2021,10105
2022,10106
2022,10107
2022,10108
2022,10109
2022,10110
2023,10111
2023,10112
2023,10113
2023,10114
2023,10115
2024,10116
2024,10117
2024,10118
2024,10119
2024,10120
2025,10121
2025,10122
2025,10123
2025,10124
2025,10125
2026,10126
2026,10127
2026,10128
2026,10129
2026,10130
2027,10131
2027,10132
2027,10133
2027,10134
2027,10135
2028,10136
2028,10137
2028,10138
2028,10139
2028,10140
2029,10141
2029,10142
2029,10143
2029,10144
2029,10145
2030,10146
2030,10147
2030,10148
2030,10149
2030,10150
2031,10151
2031,10152
2031,10153
2031,10154
2031,10155
2032,10156
2032,10157
2032,10158
2032,10159
2032,10160
2033,10161
2033,10162
2033,10163
2033,10164
2033,10165
2034,10166
2034,10167
2034,10168
2034,10169
2034,10170
2035,10171
2035,10172
2035,10173
2035,10174
2035,10175
2036,10176
2036,10177
2036,10178
2036,10179
2036,10180
2037,10181
2037,10182
2037,10183
2037,10184
2037,10185
2038,10186
2038,10187
2038,10188
2038,10189
2038,10190
2039,10191
2039,10192
2039,10193
2039,10194
2039,10195
2040,10196
2040,10197
2040,10198
2040,10199
2040,10200
2041,10201
2041,10202
2041,10203
2041,10204
2041,10205
2042,10206
2042,10207
2042,10208
2042,10209
2042,10210
2043,10211
2043,10212
2043,10213
2043,10214
2043,10215
2044,10216
2044,10217
2044,10218
2044,10219
2044,10220
2045,10221
2045,10222
2045,10223
2045,10224
2045,10225
2046,10226
2046,10227
2046,10228
2046,10229
2046,10230
2047,10231
2047,10232
2047,10233
2047,10234
2047,10235
2048,10236
2048,10237
2048,10238
2048,10239
2048,10240
2049,10241
2049,10242
2049,10243
2049,10244
2049,10245
2050,10246
2050,10247
2050,10248
2050,10249
2050,10250
2051,10251
2051,10252
2051,10253
2051,10254
2051,10255
2052,10256
2052,10257
2052,10258
2052,10259
2052,10260
2053,10261
2053,10262
2053,10263
2053,10264
2053,10265
2054,10266
2054,10267
2054,10268
2054,10269
2054,10270
2055,10271
2055,10272
2055,10273
2055,10274
2055,10275
2056,10276
2056,10277
2056,10278
2056,10279
2056,10280
2057,10281
2057,10282
2057,10283
2057,10284
2057,10285
2058,10286
2058,10287
2058,10288
2058,10289
2058,10290
2059,10291
2059,10292
2059,10293
2059,10294
2059,10295
2060,10296
2060,10297
2060,10298
2060,10299
2060,10300
2061,10301
2061,10302
2061,10303
2061,10304
2061,10305
2062,10306
2062,10307
2062,10308
2062,10309
2062,10310
2063,10311
2063,10312
2063,10313
2063,10314
2063,10315
2064,10316
2064,10317
2064,10318
2064,10319
2064,10320
2065,10321
2065,10322
2065,10323
2065,10324
2065,10325
2066,10326
2066,10327
2066,10328
2066,10329
2066,10330
2067,10331
2067,10332
2067,10333
2067,10334
2067,10335
2068,10336
2068,10337
2068,10338
2068,10339
2068,10340
2069,10341
2069,10342
2069,10343
2069,10344
2069,10345
2070,10346
2070,10347
2070,10348
2070,10349
2070,10350
2071,10351
2071,10352
2071,10353
2071,10354
2071,10355
2072,10356
2072,10357
2072,10358
2072,10359
2072,10360
2073,10361
2073,10362
2073,10363
2073,10364
2073,10365
2074,10366
2074,10367
2074,10368
2074,10369
2074,10370
2075,10371
2075,10372
2075,10373
2075,10374
2075,10375
2076,10376
2076,10377
2076,10378
2076,10379
2076,10380
2077,10381
2077,10382
2077,10383
2077,10384
2077,10385
2078,10386
2078,10387
2078,10388
2078,10389
2078,10390
2079,10391
2079,10392
2079,10393
2079,10394
2079,10395
2080,10396
2080,10397
2080,10398
2080,10399
2080,10400
2081,10401
2081,10402
2081,10403
2081,10404
2081,10405
2082,10406
2082,10407
2082,10408
2082,10409
2082,10410
2083,10411
2083,10412
2083,10413
2083,10414
2083,10415
2084,10416
2084,10417
2084,10418
2084,10419
2084,10420
2085,10421
2085,10422
2085,10423
2085,10424
2085,10425
2086,10426
2086,10427
2086,10428
2086,10429
2086,10430
2087,10431
2087,10432
2087,10433
2087,10434
2087,10435
2088,10436
2088,10437
2088,10438
2088,10439
2088,10440
2089,10441
2089,10442
2089,10443
2089,10444
2089,10445
2090,10446
2090,10447
2090,10448
2090,10449
2090,10450
2091,10451
2091,10452
2091,10453
2091,10454
2091,10455
2092,10456
2092,10457
2092,10458
2092,10459
2092,10460
2093,10461
2093,10462
2093,10463
2093,10464
2093,10465
2094,10466
2094,10467
2094,10468
2094,10469
2094,10470
2095,10471
2095,10472
2095,10473
2095,10474
2095,10475
2096,10476
2096,10477
2096,10478
2096,10479
2096,10480
2097,10481
2097,10482
2097,10483
2097,10484
2097,10485
2098,10486
2098,10487
2098,10488
2098,10489
2098,10490
2099,10491
2099,10492
2099,10493
2099,10494
2099,10495
2100,10496
2100,10497
2100,10498
2100,10499
2100,10500
2101,10501
2101,10502
2101,10503
2101,10504
2101,10505
2102,10506
2102,10507
2102,10508
2102,10509
2102,10510
2103,10511
2103,10512
2103,10513
2103,10514
2103,10515
2104,10516
2104,10517
2104,10518
2104,10519
2104,10520
2105,10521
2105,10522
2105,10523
2105,10524
2105,10525
2106,10526
2106,10527
2106,10528
2106,10529
2106,10530
2107,10531
2107,10532
2107,10533
2107,10534
2107,10535
2108,10536
2108,10537
2108,10538
2108,10539
2108,10540
2109,10541
2109,10542
2109,10543
2109,10544
2109,10545
2110,10546
2110,10547
2110,10548
2110,10549
2110,10550
2111,10551
2111,10552
2111,10553
2111,10554
2111,10555
2112,10556
2112,10557
2112,10558
2112,10559
2112,10560
2113,10561
2113,10562
2113,10563
2113,10564
2113,10565
2114,10566
2114,10567
2114,10568
2114,10569
2114,10570
2115,10571
2115,10572
2115,10573
2115,10574
2115,10575
2116,10576
2116,10577
2116,10578
2116,10579
2116,10580
2117,10581
2117,10582
2117,10583
2117,10584
2117,10585
2118,10586
2118,10587
2118,10588
2118,10589
2118,10590
2119,10591
2119,10592
2119,10593
2119,10594
2119,10595
2120,10596
2120,10597
2120,10598
2120,10599
2120,10600
2121,10601
2121,10602
2121,10603
2121,10604
2121,10605
2122,10606
2122,10607
2122,10608
2122,10609
2122,10610
2123,10611
2123,10612
2123,10613
2123,10614
2123,10615
2124,10616
2124,10617
2124,10618
2124,10619
2124,10620
2125,10621
2125,10622
2125,10623
2125,10624
2125,10625
2126,10626
2126,10627
2126,10628
2126,10629
2126,10630
2127,10631
2127,10632
2127,10633
2127,10634
2127,10635
2128,10636
2128,10637
2128,10638
2128,10639
2128,10640
2129,10641
2129,10642
2129,10643
2129,10644
2129,10645
2130,10646
2130,10647
2130,10648
2130,10649
2130,10650
2131,10651
2131,10652
2131,10653
2131,10654
2131,10655
2132,10656
2132,10657
2132,10658
2132,10659
2132,10660
2133,10661
2133,10662
2133,10663
2133,10664
2133,10665
2134,10666
2134,10667
2134,10668
2134,10669
2134,10670
2135,10671
2135,10672
2135,10673
2135,10674
2135,10675
2136,10676
2136,10677
2136,10678
2136,10679
2136,10680
2137,10681
2137,10682
2137,10683
2137,10684
2137,10685
2138,10686
2138,10687
2138,10688
2138,10689
2138,10690
2139,10691
2139,10692
2139,10693
2139,10694
2139,10695
2140,10696
2140,10697
2140,10698
2140,10699
2140,10700
2141,10701
2141,10702
2141,10703
2141,10704
2141,10705
2142,10706
2142,10707
2142,10708
2142,10709
2142,10710
2143,10711
2143,10712
2143,10713
2143,10714
2143,10715
2144,10716
2144,10717
2144,10718
2144,10719
2144,10720
2145,10721
2145,10722
2145,10723
2145,10724
2145,10725
2146,10726
2146,10727
2146,10728
2146,10729
2146,10730
2147,10731
2147,10732
2147,10733
2147,10734
2147,10735
2148,10736
2148,10737
2148,10738
2148,10739
2148,10740
2149,10741
2149,10742
2149,10743
2149,10744
2149,10745
2150,10746
2150,10747
2150,10748
2150,10749
2150,10750
2151,10751
2151,10752
2151,10753
2151,10754
2151,10755
2152,10756
2152,10757
2152,10758
2152,10759
2152,10760
2153,10761
2153,10762
2153,10763
2153,10764
2153,10765
2154,10766
2154,10767
2154,10768
2154,10769
2154,10770
2155,10771
2155,10772
2155,10773
2155,10774
2155,10775
2156,10776
2156,10777
2156,10778
2156,10779
2156,10780
2157,10781
2157,10782
2157,10783
2157,10784
2157,10785
2158,10786
2158,10787
2158,10788
2158,10789
2158,10790
2159,10791
2159,10792
2159,10793
2159,10794
2159,10795
2160,10796
2160,10797
2160,10798
2160,10799
2160,10800
2161,10801
2161,10802
2161,10803
2161,10804
2161,10805
2162,10806
2162,10807
2162,10808
2162,10809
2162,10810
2163,10811
2163,10812
2163,10813
2163,10814
2163,10815
2164,10816
2164,10817
2164,10818
2164,10819
2164,10820
2165,10821
2165,10822
2165,10823
2165,10824
2165,10825
2166,10826
2166,10827
2166,10828
2166,10829
2166,10830
2167,10831
2167,10832
2167,10833
2167,10834
2167,10835
2168,10836
2168,10837
2168,10838
2168,10839
2168,10840
2169,10841
2169,10842
2169,10843
2169,10844
2169,10845
2170,10846
2170,10847
2170,10848
2170,10849
2170,10850
2171,10851
2171,10852
2171,10853
2171,10854
2171,10855
2172,10856
2172,10857
2172,10858
2172,10859
2172,10860
2173,10861
2173,10862
2173,10863
2173,10864
2173,10865
2174,10866
2174,10867
2174,10868
2174,10869
2174,10870
2175,10871
2175,10872
2175,10873
2175,10874
2175,10875
2176,10876
2176,10877
2176,10878
2176,10879
2176,10880
2177,10881
2177,10882
2177,10883
2177,10884
2177,10885
2178,10886
2178,10887
2178,10888
2178,10889
2178,10890
2179,10891
2179,10892
2179,10893
2179,10894
2179,10895
2180,10896
2180,10897
2180,10898
2180,10899
2180,10900
2181,10901
2181,10902
2181,10903
2181,10904
2181,10905
2182,10906
2182,10907
2182,10908
2182,10909
2182,10910
2183,10911
2183,10912
2183,10913
2183,10914
2183,10915
2184,10916
2184,10917
2184,10918
2184,10919
2184,10920
2185,10921
2185,10922
2185,10923
2185,10924
2185,10925
2186,10926
2186,10927
2186,10928
2186,10929
2186,10930
2187,10931
2187,10932
2187,10933
2187,10934
2187,10935
2188,10936
2188,10937
2188,10938
2188,10939
2188,10940
2189,10941
2189,10942
2189,10943
2189,10944
2189,10945
2190,10946
2190,10947
2190,10948
2190,10949
2190,10950
2191,10951
2191,10952
2191,10953
2191,10954
2191,10955
2192,10956
2192,10957
2192,10958
2192,10959
2192,10960
2193,10961
2193,10962
2193,10963
2193,10964
2193,10965
2194,10966
2194,10967
2194,10968
2194,10969
2194,10970
2195,10971
2195,10972
2195,10973
2195,10974
2195,10975
2196,10976
2196,10977
2196,10978
2196,10979
2196,10980
2197,10981
2197,10982
2197,10983
2197,10984
2197,10985
2198,10986
2198,10987
2198,10988
2198,10989
2198,10990
2199,10991
2199,10992
2199,10993
2199,10994
2199,10995
2200,10996
2200,10997
2200,10998
2200,10999
2200,11000
2201,11001
2201,11002
2201,11003
2201,11004
2201,11005
2202,11006
2202,11007
2202,11008
2202,11009
2202,11010
2203,11011
2203,11012
2203,11013
2203,11014
2203,11015
2204,11016
2204,11017
2204,11018
2204,11019
2204,11020
2205,11021
2205,11022
2205,11023
2205,11024
2205,11025
2206,11026
2206,11027
2206,11028
2206,11029
2206,11030
2207,11031
2207,11032
2207,11033
2207,11034
2207,11035
2208,11036
2208,11037
2208,11038
2208,11039
2208,11040
2209,11041
2209,11042
2209,11043
2209,11044
2209,11045
2210,11046
2210,11047
2210,11048
2210,11049
2210,11050
2211,11051
2211,11052
2211,11053
2211,11054
2211,11055
2212,11056
2212,11057
2212,11058
2212,11059
2212,11060
2213,11061
2213,11062
2213,11063
2213,11064
2213,11065
2214,11066
2214,11067
2214,11068
2214,11069
2214,11070
2215,11071
2215,11072
2215,11073
2215,11074
2215,11075
2216,11076
2216,11077
2216,11078
2216,11079
2216,11080
2217,11081
2217,11082
2217,11083
2217,11084
2217,11085
2218,11086
2218,11087
2218,11088
2218,11089
2218,11090
2219,11091
2219,11092
2219,11093
2219,11094
2219,11095
2220,11096
2220,11097
2220,11098
2220,11099
2220,11100
2221,11101
2221,11102
2221,11103
2221,11104
2221,11105
2222,11106
2222,11107
2222,11108
2222,11109
2222,11110
2223,11111
2223,11112
2223,11113
2223,11114
2223,11115
2224,11116
2224,11117
2224,11118
2224,11119
2224,11120
2225,11121
2225,11122
2225,11123
2225,11124
2225,11125
2226,11126
2226,11127
2226,11128
2226,11129
2226,11130
2227,11131
2227,11132
2227,11133
2227,11134
2227,11135
2228,11136
2228,11137
2228,11138
2228,11139
2228,11140
2229,11141
2229,11142
2229,11143
2229,11144
2229,11145
2230,11146
2230,11147
2230,11148
2230,11149
2230,11150
2231,11151
2231,11152
2231,11153
2231,11154
2231,11155
2232,11156
2232,11157
2232,11158
2232,11159
2232,11160
2233,11161
2233,11162
2233,11163
2233,11164
2233,11165
2234,11166
2234,11167
2234,11168
2234,11169
2234,11170
2235,11171
2235,11172
2235,11173
2235,11174
2235,11175
2236,11176
2236,11177
2236,11178
2236,11179
2236,11180
2237,11181
2237,11182
2237,11183
2237,11184
2237,11185
2238,11186
2238,11187
2238,11188
2238,11189
2238,11190
2239,11191
2239,11192
2239,11193
2239,11194
2239,11195
2240,11196
2240,11197
2240,11198
2240,11199
2240,11200
2241,11201
2241,11202
2241,11203
2241,11204
2241,11205
2242,11206
2242,11207
2242,11208
2242,11209
2242,11210
2243,11211
2243,11212
2243,11213
2243,11214
2243,11215
2244,11216
2244,11217
2244,11218
2244,11219
2244,11220
2245,11221
2245,11222
2245,11223
2245,11224
2245,11225
2246,11226
2246,11227
2246,11228
2246,11229
2246,11230
2247,11231
2247,11232
2247,11233
2247,11234
2247,11235
2248,11236
2248,11237
2248,11238
2248,11239
2248,11240
2249,11241
2249,11242
2249,11243
2249,11244
2249,11245
2250,11246
2250,11247
2250,11248
2250,11249
2250,11250
2251,11251
2251,11252
2251,11253
2251,11254
2251,11255
2252,11256
2252,11257
2252,11258
2252,11259
2252,11260
2253,11261
2253,11262
2253,11263
2253,11264
2253,11265
2254,11266
2254,11267
2254,11268
2254,11269
2254,11270
2255,11271
2255,11272
2255,11273
2255,11274
2255,11275
2256,11276
2256,11277
2256,11278
2256,11279
2256,11280
2257,11281
2257,11282
2257,11283
2257,11284
2257,11285
2258,11286
2258,11287
2258,11288
2258,11289
2258,11290
2259,11291
2259,11292
2259,11293
2259,11294
2259,11295
2260,11296
2260,11297
2260,11298
2260,11299
2260,11300
2261,11301
2261,11302
2261,11303
2261,11304
2261,11305
2262,11306
2262,11307
2262,11308
2262,11309
2262,11310
2263,11311
2263,11312
2263,11313
2263,11314
2263,11315
2264,11316
2264,11317
2264,11318
2264,11319
2264,11320
2265,11321
2265,11322
2265,11323
2265,11324
2265,11325
2266,11326
2266,11327
2266,11328
2266,11329
2266,11330
2267,11331
2267,11332
2267,11333
2267,11334
2267,11335
2268,11336
2268,11337
2268,11338
2268,11339
2268,11340
2269,11341
2269,11342
2269,11343
2269,11344
2269,11345
2270,11346
2270,11347
2270,11348
2270,11349
2270,11350
2271,11351
2271,11352
2271,11353
2271,11354
2271,11355
2272,11356
2272,11357
2272,11358
2272,11359
2272,11360
2273,11361
2273,11362
2273,11363
2273,11364
2273,11365
2274,11366
2274,11367
2274,11368
2274,11369
2274,11370
2275,11371
2275,11372
2275,11373
2275,11374
2275,11375
2276,11376
2276,11377
2276,11378
2276,11379
2276,11380
2277,11381
2277,11382
2277,11383
2277,11384
2277,11385
2278,11386
2278,11387
2278,11388
2278,11389
2278,11390
2279,11391
2279,11392
2279,11393
2279,11394
2279,11395
2280,11396
2280,11397
2280,11398
2280,11399
2280,11400
2281,11401
2281,11402
2281,11403
2281,11404
2281,11405
2282,11406
2282,11407
2282,11408
2282,11409
2282,11410
2283,11411
2283,11412
2283,11413
2283,11414
2283,11415
2284,11416
2284,11417
2284,11418
2284,11419
2284,11420
2285,11421
2285,11422
2285,11423
2285,11424
2285,11425
2286,11426
2286,11427
2286,11428
2286,11429
2286,11430
2287,11431
2287,11432
2287,11433
2287,11434
2287,11435
2288,11436
2288,11437
2288,11438
2288,11439
2288,11440
2289,11441
2289,11442
2289,11443
2289,11444
2289,11445
2290,11446
2290,11447
2290,11448
2290,11449
2290,11450
2291,11451
2291,11452
2291,11453
2291,11454
2291,11455
2292,11456
2292,11457
2292,11458
2292,11459
2292,11460
2293,11461
2293,11462
2293,11463
2293,11464
2293,11465
2294,11466
2294,11467
2294,11468
2294,11469
2294,11470
2295,11471
2295,11472
2295,11473
2295,11474
2295,11475
2296,11476
2296,11477
2296,11478
2296,11479
2296,11480
2297,11481
2297,11482
2297,11483
2297,11484
2297,11485
2298,11486
2298,11487
2298,11488
2298,11489
2298,11490
2299,11491
2299,11492
2299,11493
2299,11494
2299,11495
2300,11496
2300,11497
2300,11498
2300,11499
2300,11500
2301,11501
2301,11502
2301,11503
2301,11504
2301,11505
2302,11506
2302,11507
2302,11508
2302,11509
2302,11510
2303,11511
2303,11512
2303,11513
2303,11514
2303,11515
2304,11516
2304,11517
2304,11518
2304,11519
2304,11520
2305,11521
2305,11522
2305,11523
2305,11524
2305,11525
2306,11526
2306,11527
2306,11528
2306,11529
2306,11530
2307,11531
2307,11532
2307,11533
2307,11534
2307,11535
2308,11536
2308,11537
2308,11538
2308,11539
2308,11540
2309,11541
2309,11542
2309,11543
2309,11544
2309,11545
2310,11546
2310,11547
2310,11548
2310,11549
2310,11550
2311,11551
2311,11552
2311,11553
2311,11554
2311,11555
2312,11556
2312,11557
2312,11558
2312,11559
2312,11560
2313,11561
2313,11562
2313,11563
2313,11564
2313,11565
2314,11566
2314,11567
2314,11568
2314,11569
2314,11570
2315,11571
2315,11572
2315,11573
2315,11574
2315,11575
2316,11576
2316,11577
2316,11578
2316,11579
2316,11580
2317,11581
2317,11582
2317,11583
2317,11584
2317,11585
2318,11586
2318,11587
2318,11588
2318,11589
2318,11590
2319,11591
2319,11592
2319,11593
2319,11594
2319,11595
2320,11596
2320,11597
2320,11598
2320,11599
2320,11600
2321,11601
2321,11602
2321,11603
2321,11604
2321,11605
2322,11606
2322,11607
2322,11608
2322,11609
2322,11610
2323,11611
2323,11612
2323,11613
2323,11614
2323,11615
2324,11616
2324,11617
2324,11618
2324,11619
2324,11620
2325,11621
2325,11622
2325,11623
2325,11624
2325,11625
2326,11626
2326,11627
2326,11628
2326,11629
2326,11630
2327,11631
2327,11632
2327,11633
2327,11634
2327,11635
2328,11636
2328,11637
2328,11638
2328,11639
2328,11640
2329,11641
2329,11642
2329,11643
2329,11644
2329,11645
2330,11646
2330,11647
2330,11648
2330,11649
2330,11650
2331,11651
2331,11652
2331,11653
2331,11654
2331,11655
2332,11656
2332,11657
2332,11658
2332,11659
2332,11660
2333,11661
2333,11662
2333,11663
2333,11664
2333,11665
2334,11666
2334,11667
2334,11668
2334,11669
2334,11670
2335,11671
2335,11672
2335,11673
2335,11674
2335,11675
2336,11676
2336,11677
2336,11678
2336,11679
2336,11680
2337,11681
2337,11682
2337,11683
2337,11684
2337,11685
2338,11686
2338,11687
2338,11688
2338,11689
2338,11690
2339,11691
2339,11692
2339,11693
2339,11694
2339,11695
2340,11696
2340,11697
2340,11698
2340,11699
2340,11700
2341,11701
2341,11702
2341,11703
2341,11704
2341,11705
2342,11706
2342,11707
2342,11708
2342,11709
2342,11710
2343,11711
2343,11712
2343,11713
2343,11714
2343,11715
2344,11716
2344,11717
2344,11718
2344,11719
2344,11720
2345,11721
2345,11722
2345,11723
2345,11724
2345,11725
2346,11726
2346,11727
2346,11728
2346,11729
2346,11730
2347,11731
2347,11732
2347,11733
2347,11734
2347,11735
2348,11736
2348,11737
2348,11738
2348,11739
2348,11740
2349,11741
2349,11742
2349,11743
2349,11744
2349,11745
2350,11746
2350,11747
2350,11748
2350,11749
2350,11750
2351,11751
2351,11752
2351,11753
2351,11754
2351,11755
2352,11756
2352,11757
2352,11758
2352,11759
2352,11760
2353,11761
2353,11762
2353,11763
2353,11764
2353,11765
2354,11766
2354,11767
2354,11768
2354,11769
2354,11770
2355,11771
2355,11772
2355,11773
2355,11774
2355,11775
2356,11776
2356,11777
2356,11778
2356,11779
2356,11780
2357,11781
2357,11782
2357,11783
2357,11784
2357,11785
2358,11786
2358,11787
2358,11788
2358,11789
2358,11790
2359,11791
2359,11792
2359,11793
2359,11794
2359,11795
2360,11796
2360,11797
2360,11798
2360,11799
2360,11800
2361,11801
2361,11802
2361,11803
2361,11804
2361,11805
2362,11806
2362,11807
2362,11808
2362,11809
2362,11810
2363,11811
2363,11812
2363,11813
2363,11814
2363,11815
2364,11816
2364,11817
2364,11818
2364,11819
2364,11820
2365,11821
2365,11822
2365,11823
2365,11824
2365,11825
2366,11826
2366,11827
2366,11828
2366,11829
2366,11830
2367,11831
2367,11832
2367,11833
2367,11834
2367,11835
2368,11836
2368,11837
2368,11838
2368,11839
2368,11840
2369,11841
2369,11842
2369,11843
2369,11844
2369,11845
2370,11846
2370,11847
2370,11848
2370,11849
2370,11850
2371,11851
2371,11852
2371,11853
2371,11854
2371,11855
2372,11856
2372,11857
2372,11858
2372,11859
2372,11860
2373,11861
2373,11862
2373,11863
2373,11864
2373,11865
2374,11866
2374,11867
2374,11868
2374,11869
2374,11870
2375,11871
2375,11872
2375,11873
2375,11874
2375,11875
2376,11876
2376,11877
2376,11878
2376,11879
2376,11880
2377,11881
2377,11882
2377,11883
2377,11884
2377,11885
2378,11886
2378,11887
2378,11888
2378,11889
2378,11890
2379,11891
2379,11892
2379,11893
2379,11894
2379,11895
2380,11896
2380,11897
2380,11898
2380,11899
2380,11900
2381,11901
2381,11902
2381,11903
2381,11904
2381,11905
2382,11906
2382,11907
2382,11908
2382,11909
2382,11910
2383,11911
2383,11912
2383,11913
2383,11914
2383,11915
2384,11916
2384,11917
2384,11918
2384,11919
2384,11920
2385,11921
2385,11922
2385,11923
2385,11924
2385,11925
2386,11926
2386,11927
2386,11928
2386,11929
2386,11930
2387,11931
2387,11932
2387,11933
2387,11934
2387,11935
2388,11936
2388,11937
2388,11938
2388,11939
2388,11940
2389,11941
2389,11942
2389,11943
2389,11944
2389,11945
2390,11946
2390,11947
2390,11948
2390,11949
2390,11950
2391,11951
2391,11952
2391,11953
2391,11954
2391,11955
2392,11956
2392,11957
2392,11958
2392,11959
2392,11960
2393,11961
2393,11962
2393,11963
2393,11964
2393,11965
2394,11966
2394,11967
2394,11968
2394,11969
2394,11970
2395,11971
2395,11972
2395,11973
2395,11974
2395,11975
2396,11976
2396,11977
2396,11978
2396,11979
2396,11980
2397,11981
2397,11982
2397,11983
2397,11984
2397,11985
2398,11986
2398,11987
2398,11988
2398,11989
2398,11990
2399,11991
2399,11992
2399,11993
2399,11994
2399,11995
2400,11996
2400,11997
2400,11998
2400,11999
2400,12000
2401,12001
2401,12002
2401,12003
2401,12004
2401,12005
2402,12006
2402,12007
2402,12008
2402,12009
2402,12010
2403,12011
2403,12012
2403,12013
2403,12014
2403,12015
2404,12016
2404,12017
2404,12018
2404,12019
2404,12020
2405,12021
2405,12022
2405,12023
2405,12024
2405,12025
2406,12026
2406,12027
2406,12028
2406,12029
2406,12030
2407,12031
2407,12032
2407,12033
2407,12034
2407,12035
2408,12036
2408,12037
2408,12038
2408,12039
2408,12040
2409,12041
2409,12042
2409,12043
2409,12044
2409,12045
2410,12046
2410,12047
2410,12048
2410,12049
2410,12050
2411,12051
2411,12052
2411,12053
2411,12054
2411,12055
2412,12056
2412,12057
2412,12058
2412,12059
2412,12060
2413,12061
2413,12062
2413,12063
2413,12064
2413,12065
2414,12066
2414,12067
2414,12068
2414,12069
2414,12070
2415,12071
2415,12072
2415,12073
2415,12074
2415,12075
2416,12076
2416,12077
2416,12078
2416,12079
2416,12080
2417,12081
2417,12082
2417,12083
2417,12084
2417,12085
2418,12086
2418,12087
2418,12088
2418,12089
2418,12090
2419,12091
2419,12092
2419,12093
2419,12094
2419,12095
2420,12096
2420,12097
2420,12098
2420,12099
2420,12100
2421,12101
2421,12102
2421,12103
2421,12104
2421,12105
2422,12106
2422,12107
2422,12108
2422,12109
2422,12110
2423,12111
2423,12112
2423,12113
2423,12114
2423,12115
2424,12116
2424,12117
2424,12118
2424,12119
2424,12120
2425,12121
2425,12122
2425,12123
2425,12124
2425,12125
2426,12126
2426,12127
2426,12128
2426,12129
2426,12130
2427,12131
2427,12132
2427,12133
2427,12134
2427,12135
2428,12136
2428,12137
2428,12138
2428,12139
2428,12140
2429,12141
2429,12142
2429,12143
2429,12144
2429,12145
2430,12146
2430,12147
2430,12148
2430,12149
2430,12150
2431,12151
2431,12152
2431,12153
2431,12154
2431,12155
2432,12156
2432,12157
2432,12158
2432,12159
2432,12160
2433,12161
2433,12162
2433,12163
2433,12164
2433,12165
2434,12166
2434,12167
2434,12168
2434,12169
2434,12170
2435,12171
2435,12172
2435,12173
2435,12174
2435,12175
2436,12176
2436,12177
2436,12178
2436,12179
2436,12180
2437,12181
2437,12182
2437,12183
2437,12184
2437,12185
2438,12186
2438,12187
2438,12188
2438,12189
2438,12190
2439,12191
2439,12192
2439,12193
2439,12194
2439,12195
2440,12196
2440,12197
2440,12198
2440,12199
2440,12200
2441,12201
2441,12202
2441,12203
2441,12204
2441,12205
2442,12206
2442,12207
2442,12208
2442,12209
2442,12210
2443,12211
2443,12212
2443,12213
2443,12214
2443,12215
2444,12216
2444,12217
2444,12218
2444,12219
2444,12220
2445,12221
2445,12222
2445,12223
2445,12224
2445,12225
2446,12226
2446,12227
2446,12228
2446,12229
2446,12230
2447,12231
2447,12232
2447,12233
2447,12234
2447,12235
2448,12236
2448,12237
2448,12238
2448,12239
2448,12240
2449,12241
2449,12242
2449,12243
2449,12244
2449,12245
2450,12246
2450,12247
2450,12248
2450,12249
2450,12250
2451,12251
2451,12252
2451,12253
2451,12254
2451,12255
2452,12256
2452,12257
2452,12258
2452,12259
2452,12260
2453,12261
2453,12262
2453,12263
2453,12264
2453,12265
2454,12266
2454,12267
2454,12268
2454,12269
2454,12270
2455,12271
2455,12272
2455,12273
2455,12274
2455,12275
2456,12276
2456,12277
2456,12278
2456,12279
2456,12280
2457,12281
2457,12282
2457,12283
2457,12284
2457,12285
2458,12286
2458,12287
2458,12288
2458,12289
2458,12290
2459,12291
2459,12292
2459,12293
2459,12294
2459,12295
2460,12296
2460,12297
2460,12298
2460,12299
2460,12300
2461,12301
2461,12302
2461,12303
2461,12304
2461,12305
2462,12306
2462,12307
2462,12308
2462,12309
2462,12310
2463,12311
2463,12312
2463,12313
2463,12314
2463,12315
2464,12316
2464,12317
2464,12318
2464,12319
2464,12320
2465,12321
2465,12322
2465,12323
2465,12324
2465,12325
2466,12326
2466,12327
2466,12328
2466,12329
2466,12330
2467,12331
2467,12332
2467,12333
2467,12334
2467,12335
2468,12336
2468,12337
2468,12338
2468,12339
2468,12340
2469,12341
2469,12342
2469,12343
2469,12344
2469,12345
2470,12346
2470,12347
2470,12348
2470,12349
2470,12350
2471,12351
2471,12352
2471,12353
2471,12354
2471,12355
2472,12356
2472,12357
2472,12358
2472,12359
2472,12360
2473,12361
2473,12362
2473,12363
2473,12364
2473,12365
2474,12366
2474,12367
2474,12368
2474,12369
2474,12370
2475,12371
2475,12372
2475,12373
2475,12374
2475,12375
2476,12376
2476,12377
2476,12378
2476,12379
2476,12380
2477,12381
2477,12382
2477,12383
2477,12384
2477,12385
2478,12386
2478,12387
2478,12388
2478,12389
2478,12390
2479,12391
2479,12392
2479,12393
2479,12394
2479,12395
2480,12396
2480,12397
2480,12398
2480,12399
2480,12400
2481,12401
2481,12402
2481,12403
2481,12404
2481,12405
2482,12406
2482,12407
2482,12408
2482,12409
2482,12410
2483,12411
2483,12412
2483,12413
2483,12414
2483,12415
2484,12416
2484,12417
2484,12418
2484,12419
2484,12420
2485,12421
2485,12422
2485,12423
2485,12424
2485,12425
2486,12426
2486,12427
2486,12428
2486,12429
2486,12430
2487,12431
2487,12432
2487,12433
2487,12434
2487,12435
2488,12436
2488,12437
2488,12438
2488,12439
2488,12440
2489,12441
2489,12442
2489,12443
2489,12444
2489,12445
2490,12446
2490,12447
2490,12448
2490,12449
2490,12450
2491,12451
2491,12452
2491,12453
2491,12454
2491,12455
2492,12456
2492,12457
2492,12458
2492,12459
2492,12460
2493,12461
2493,12462
2493,12463
2493,12464
2493,12465
2494,12466
2494,12467
2494,12468
2494,12469
2494,12470
2495,12471
2495,12472
2495,12473
2495,12474
2495,12475
2496,12476
2496,12477
2496,12478
2496,12479
2496,12480
2497,12481
2497,12482
2497,12483
2497,12484
2497,12485
2498,12486
2498,12487
2498,12488
2498,12489
2498,12490
2499,12491
2499,12492
2499,12493
2499,12494
2499,12495
2500,12496
2500,12497
2500,12498
2500,12499
2500,12500
2501,12501
2501,12502
2501,12503
2501,12504
2501,12505
2502,12506
2502,12507
2502,12508
2502,12509
2502,12510
2503,12511
2503,12512
2503,12513
2503,12514
2503,12515
2504,12516
2504,12517
2504,12518
2504,12519
2504,12520
2505,12521
2505,12522
2505,12523
2505,12524
2505,12525
2506,12526
2506,12527
2506,12528
2506,12529
2506,12530
2507,12531
2507,12532
2507,12533
2507,12534
2507,12535
2508,12536
2508,12537
2508,12538
2508,12539
2508,12540
2509,12541
2509,12542
2509,12543
2509,12544
2509,12545
2510,12546
2510,12547
2510,12548
2510,12549
2510,12550
2511,12551
2511,12552
2511,12553
2511,12554
2511,12555
2512,12556
2512,12557
2512,12558
2512,12559
2512,12560
2513,12561
2513,12562
2513,12563
2513,12564
2513,12565
2514,12566
2514,12567
2514,12568
2514,12569
2514,12570
2515,12571
2515,12572
2515,12573
2515,12574
2515,12575
2516,12576
2516,12577
2516,12578
2516,12579
2516,12580
2517,12581
2517,12582
2517,12583
2517,12584
2517,12585
2518,12586
2518,12587
2518,12588
2518,12589
2518,12590
2519,12591
2519,12592
2519,12593
2519,12594
2519,12595
2520,12596
2520,12597
2520,12598
2520,12599
2520,12600
2521,12601
2521,12602
2521,12603
2521,12604
2521,12605
2522,12606
2522,12607
2522,12608
2522,12609
2522,12610
2523,12611
2523,12612
2523,12613
2523,12614
2523,12615
2524,12616
2524,12617
2524,12618
2524,12619
2524,12620
2525,12621
2525,12622
2525,12623
2525,12624
2525,12625
2526,12626
2526,12627
2526,12628
2526,12629
2526,12630
2527,12631
2527,12632
2527,12633
2527,12634
2527,12635
2528,12636
2528,12637
2528,12638
2528,12639
2528,12640
2529,12641
2529,12642
2529,12643
2529,12644
2529,12645
2530,12646
2530,12647
2530,12648
2530,12649
2530,12650
2531,12651
2531,12652
2531,12653
2531,12654
2531,12655
2532,12656
2532,12657
2532,12658
2532,12659
2532,12660
2533,12661
2533,12662
2533,12663
2533,12664
2533,12665
2534,12666
2534,12667
2534,12668
2534,12669
2534,12670
2535,12671
2535,12672
2535,12673
2535,12674
2535,12675
2536,12676
2536,12677
2536,12678
2536,12679
2536,12680
2537,12681
2537,12682
2537,12683
2537,12684
2537,12685
2538,12686
2538,12687
2538,12688
2538,12689
2538,12690
2539,12691
2539,12692
2539,12693
2539,12694
2539,12695
2540,12696
2540,12697
2540,12698
2540,12699
2540,12700
2541,12701
2541,12702
2541,12703
2541,12704
2541,12705
2542,12706
2542,12707
2542,12708
2542,12709
2542,12710
2543,12711
2543,12712
2543,12713
2543,12714
2543,12715
2544,12716
2544,12717
2544,12718
2544,12719
2544,12720
2545,12721
2545,12722
2545,12723
2545,12724
2545,12725
2546,12726
2546,12727
2546,12728
2546,12729
2546,12730
2547,12731
2547,12732
2547,12733
2547,12734
2547,12735
2548,12736
2548,12737
2548,12738
2548,12739
2548,12740
2549,12741
2549,12742
2549,12743
2549,12744
2549,12745
2550,12746
2550,12747
2550,12748
2550,12749
2550,12750
2551,12751
2551,12752
2551,12753
2551,12754
2551,12755
2552,12756
2552,12757
2552,12758
2552,12759
2552,12760
2553,12761
2553,12762
2553,12763
2553,12764
2553,12765
2554,12766
2554,12767
2554,12768
2554,12769
2554,12770
2555,12771
2555,12772
2555,12773
2555,12774
2555,12775
2556,12776
2556,12777
2556,12778
2556,12779
2556,12780
2557,12781
2557,12782
2557,12783
2557,12784
2557,12785
2558,12786
2558,12787
2558,12788
2558,12789
2558,12790
2559,12791
2559,12792
2559,12793
2559,12794
2559,12795
2560,12796
2560,12797
2560,12798
2560,12799
2560,12800
2561,12801
2561,12802
2561,12803
2561,12804
2561,12805
2562,12806
2562,12807
2562,12808
2562,12809
2562,12810
2563,12811
2563,12812
2563,12813
2563,12814
2563,12815
2564,12816
2564,12817
2564,12818
2564,12819
2564,12820
2565,12821
2565,12822
2565,12823
2565,12824
2565,12825
2566,12826
2566,12827
2566,12828
2566,12829
2566,12830
2567,12831
2567,12832
2567,12833
2567,12834
2567,12835
2568,12836
2568,12837
2568,12838
2568,12839
2568,12840
2569,12841
2569,12842
2569,12843
2569,12844
2569,12845
2570,12846
2570,12847
2570,12848
2570,12849
2570,12850
2571,12851
2571,12852
2571,12853
2571,12854
2571,12855
2572,12856
2572,12857
2572,12858
2572,12859
2572,12860
2573,12861
2573,12862
2573,12863
2573,12864
2573,12865
2574,12866
2574,12867
2574,12868
2574,12869
2574,12870
2575,12871
2575,12872
2575,12873
2575,12874
2575,12875
2576,12876
2576,12877
2576,12878
2576,12879
2576,12880
2577,12881
2577,12882
2577,12883
2577,12884
2577,12885
2578,12886
2578,12887
2578,12888
2578,12889
2578,12890
2579,12891
2579,12892
2579,12893
2579,12894
2579,12895
2580,12896
2580,12897
2580,12898
2580,12899
2580,12900
2581,12901
2581,12902
2581,12903
2581,12904
2581,12905
2582,12906
2582,12907
2582,12908
2582,12909
2582,12910
2583,12911
2583,12912
2583,12913
2583,12914
2583,12915
2584,12916
2584,12917
2584,12918
2584,12919
2584,12920
2585,12921
2585,12922
2585,12923
2585,12924
2585,12925
2586,12926
2586,12927
2586,12928
2586,12929
2586,12930
2587,12931
2587,12932
2587,12933
2587,12934
2587,12935
2588,12936
2588,12937
2588,12938
2588,12939
2588,12940
2589,12941
2589,12942
2589,12943
2589,12944
2589,12945
2590,12946
2590,12947
2590,12948
2590,12949
2590,12950
2591,12951
2591,12952
2591,12953
2591,12954
2591,12955
2592,12956
2592,12957
2592,12958
2592,12959
2592,12960
2593,12961
2593,12962
2593,12963
2593,12964
2593,12965
2594,12966
2594,12967
2594,12968
2594,12969
2594,12970
2595,12971
2595,12972
2595,12973
2595,12974
2595,12975
2596,12976
2596,12977
2596,12978
2596,12979
2596,12980
2597,12981
2597,12982
2597,12983
2597,12984
2597,12985
2598,12986
2598,12987
2598,12988
2598,12989
2598,12990
2599,12991
2599,12992
2599,12993
2599,12994
2599,12995
2600,12996
2600,12997
2600,12998
2600,12999
2600,13000
2601,13001
2601,13002
2601,13003
2601,13004
2601,13005
2602,13006
2602,13007
2602,13008
2602,13009
2602,13010
2603,13011
2603,13012
2603,13013
2603,13014
2603,13015
2604,13016
2604,13017
2604,13018
2604,13019
2604,13020
2605,13021
2605,13022
2605,13023
2605,13024
2605,13025
2606,13026
2606,13027
2606,13028
2606,13029
2606,13030
2607,13031
2607,13032
2607,13033
2607,13034
2607,13035
2608,13036
2608,13037
2608,13038
2608,13039
2608,13040
2609,13041
2609,13042
2609,13043
2609,13044
2609,13045
2610,13046
2610,13047
2610,13048
2610,13049
2610,13050
2611,13051
2611,13052
2611,13053
2611,13054
2611,13055
2612,13056
2612,13057
2612,13058
2612,13059
2612,13060
2613,13061
2613,13062
2613,13063
2613,13064
2613,13065
2614,13066
2614,13067
2614,13068
2614,13069
2614,13070
2615,13071
2615,13072
2615,13073
2615,13074
2615,13075
2616,13076
2616,13077
2616,13078
2616,13079
2616,13080
2617,13081
2617,13082
2617,13083
2617,13084
2617,13085
2618,13086
2618,13087
2618,13088
2618,13089
2618,13090
2619,13091
2619,13092
2619,13093
2619,13094
2619,13095
2620,13096
2620,13097
2620,13098
2620,13099
2620,13100
2621,13101
2621,13102
2621,13103
2621,13104
2621,13105
2622,13106
2622,13107
2622,13108
2622,13109
2622,13110
2623,13111
2623,13112
2623,13113
2623,13114
2623,13115
2624,13116
2624,13117
2624,13118
2624,13119
2624,13120
2625,13121
2625,13122
2625,13123
2625,13124
2625,13125
2626,13126
2626,13127
2626,13128
2626,13129
2626,13130
2627,13131
2627,13132
2627,13133
2627,13134
2627,13135
2628,13136
2628,13137
2628,13138
2628,13139
2628,13140
2629,13141
2629,13142
2629,13143
2629,13144
2629,13145
2630,13146
2630,13147
2630,13148
2630,13149
2630,13150
2631,13151
2631,13152
2631,13153
2631,13154
2631,13155
2632,13156
2632,13157
2632,13158
2632,13159
2632,13160
2633,13161
2633,13162
2633,13163
2633,13164
2633,13165
2634,13166
2634,13167
2634,13168
2634,13169
2634,13170
2635,13171
2635,13172
2635,13173
2635,13174
2635,13175
2636,13176
2636,13177
2636,13178
2636,13179
2636,13180
2637,13181
2637,13182
2637,13183
2637,13184
2637,13185
2638,13186
2638,13187
2638,13188
2638,13189
2638,13190
2639,13191
2639,13192
2639,13193
2639,13194
2639,13195
2640,13196
2640,13197
2640,13198
2640,13199
2640,13200
2641,13201
2641,13202
2641,13203
2641,13204
2641,13205
2642,13206
2642,13207
2642,13208
2642,13209
2642,13210
2643,13211
2643,13212
2643,13213
2643,13214
2643,13215
2644,13216
2644,13217
2644,13218
2644,13219
2644,13220
2645,13221
2645,13222
2645,13223
2645,13224
2645,13225
2646,13226
2646,13227
2646,13228
2646,13229
2646,13230
2647,13231
2647,13232
2647,13233
2647,13234
2647,13235
2648,13236
2648,13237
2648,13238
2648,13239
2648,13240
2649,13241
2649,13242
2649,13243
2649,13244
2649,13245
2650,13246
2650,13247
2650,13248
2650,13249
2650,13250
2651,13251
2651,13252
2651,13253
2651,13254
2651,13255
2652,13256
2652,13257
2652,13258
2652,13259
2652,13260
2653,13261
2653,13262
2653,13263
2653,13264
2653,13265
2654,13266
2654,13267
2654,13268
2654,13269
2654,13270
2655,13271
2655,13272
2655,13273
2655,13274
2655,13275
2656,13276
2656,13277
2656,13278
2656,13279
2656,13280
2657,13281
2657,13282
2657,13283
2657,13284
2657,13285
2658,13286
2658,13287
2658,13288
2658,13289
2658,13290
2659,13291
2659,13292
2659,13293
2659,13294
2659,13295
2660,13296
2660,13297
2660,13298
2660,13299
2660,13300
2661,13301
2661,13302
2661,13303
2661,13304
2661,13305
2662,13306
2662,13307
2662,13308
2662,13309
2662,13310
2663,13311
2663,13312
2663,13313
2663,13314
2663,13315
2664,13316
2664,13317
2664,13318
2664,13319
2664,13320
2665,13321
2665,13322
2665,13323
2665,13324
2665,13325
2666,13326
2666,13327
2666,13328
2666,13329
2666,13330
2667,13331
2667,13332
2667,13333
2667,13334
2667,13335
2668,13336
2668,13337
2668,13338
2668,13339
2668,13340
2669,13341
2669,13342
2669,13343
2669,13344
2669,13345
2670,13346
2670,13347
2670,13348
2670,13349
2670,13350
2671,13351
2671,13352
2671,13353
2671,13354
2671,13355
2672,13356
2672,13357
2672,13358
2672,13359
2672,13360
2673,13361
2673,13362
2673,13363
2673,13364
2673,13365
2674,13366
2674,13367
2674,13368
2674,13369
2674,13370
2675,13371
2675,13372
2675,13373
2675,13374
2675,13375
2676,13376
2676,13377
2676,13378
2676,13379
2676,13380
2677,13381
2677,13382
2677,13383
2677,13384
2677,13385
2678,13386
2678,13387
2678,13388
2678,13389
2678,13390
2679,13391
2679,13392
2679,13393
2679,13394
2679,13395
2680,13396
2680,13397
2680,13398
2680,13399
2680,13400
2681,13401
2681,13402
2681,13403
2681,13404
2681,13405
2682,13406
2682,13407
2682,13408
2682,13409
2682,13410
2683,13411
2683,13412
2683,13413
2683,13414
2683,13415
2684,13416
2684,13417
2684,13418
2684,13419
2684,13420
2685,13421
2685,13422
2685,13423
2685,13424
2685,13425
2686,13426
2686,13427
2686,13428
2686,13429
2686,13430
2687,13431
2687,13432
2687,13433
2687,13434
2687,13435
2688,13436
2688,13437
2688,13438
2688,13439
2688,13440
2689,13441
2689,13442
2689,13443
2689,13444
2689,13445
2690,13446
2690,13447
2690,13448
2690,13449
2690,13450
2691,13451
2691,13452
2691,13453
2691,13454
2691,13455
2692,13456
2692,13457
2692,13458
2692,13459
2692,13460
2693,13461
2693,13462
2693,13463
2693,13464
2693,13465
2694,13466
2694,13467
2694,13468
2694,13469
2694,13470
2695,13471
2695,13472
2695,13473
2695,13474
2695,13475
2696,13476
2696,13477
2696,13478
2696,13479
2696,13480
2697,13481
2697,13482
2697,13483
2697,13484
2697,13485
2698,13486
2698,13487
2698,13488
2698,13489
2698,13490
2699,13491
2699,13492
2699,13493
2699,13494
2699,13495
2700,13496
2700,13497
2700,13498
2700,13499
2700,13500
2701,13501
2701,13502
2701,13503
2701,13504
2701,13505
2702,13506
2702,13507
2702,13508
2702,13509
2702,13510
2703,13511
2703,13512
2703,13513
2703,13514
2703,13515
2704,13516
2704,13517
2704,13518
2704,13519
2704,13520
2705,13521
2705,13522
2705,13523
2705,13524
2705,13525
2706,13526
2706,13527
2706,13528
2706,13529
2706,13530
2707,13531
2707,13532
2707,13533
2707,13534
2707,13535
2708,13536
2708,13537
2708,13538
2708,13539
2708,13540
2709,13541
2709,13542
2709,13543
2709,13544
2709,13545
2710,13546
2710,13547
2710,13548
2710,13549
2710,13550
2711,13551
2711,13552
2711,13553
2711,13554
2711,13555
2712,13556
2712,13557
2712,13558
2712,13559
2712,13560
2713,13561
2713,13562
2713,13563
2713,13564
2713,13565
2714,13566
2714,13567
2714,13568
2714,13569
2714,13570
2715,13571
2715,13572
2715,13573
2715,13574
2715,13575
2716,13576
2716,13577
2716,13578
2716,13579
2716,13580
2717,13581
2717,13582
2717,13583
2717,13584
2717,13585
2718,13586
2718,13587
2718,13588
2718,13589
2718,13590
2719,13591
2719,13592
2719,13593
2719,13594
2719,13595
2720,13596
2720,13597
2720,13598
2720,13599
2720,13600
2721,13601
2721,13602
2721,13603
2721,13604
2721,13605
2722,13606
2722,13607
2722,13608
2722,13609
2722,13610
2723,13611
2723,13612
2723,13613
2723,13614
2723,13615
2724,13616
2724,13617
2724,13618
2724,13619
2724,13620
2725,13621
2725,13622
2725,13623
2725,13624
2725,13625
2726,13626
2726,13627
2726,13628
2726,13629
2726,13630
2727,13631
2727,13632
2727,13633
2727,13634
2727,13635
2728,13636
2728,13637
2728,13638
2728,13639
2728,13640
2729,13641
2729,13642
2729,13643
2729,13644
2729,13645
2730,13646
2730,13647
2730,13648
2730,13649
2730,13650
2731,13651
2731,13652
2731,13653
2731,13654
2731,13655
2732,13656
2732,13657
2732,13658
2732,13659
2732,13660
2733,13661
2733,13662
2733,13663
2733,13664
2733,13665
2734,13666
2734,13667
2734,13668
2734,13669
2734,13670
2735,13671
2735,13672
2735,13673
2735,13674
2735,13675
2736,13676
2736,13677
2736,13678
2736,13679
2736,13680
2737,13681
2737,13682
2737,13683
2737,13684
2737,13685
2738,13686
2738,13687
2738,13688
2738,13689
2738,13690
2739,13691
2739,13692
2739,13693
2739,13694
2739,13695
2740,13696
2740,13697
2740,13698
2740,13699
2740,13700
2741,13701
2741,13702
2741,13703
2741,13704
2741,13705
2742,13706
2742,13707
2742,13708
2742,13709
2742,13710
2743,13711
2743,13712
2743,13713
2743,13714
2743,13715
2744,13716
2744,13717
2744,13718
2744,13719
2744,13720
2745,13721
2745,13722
2745,13723
2745,13724
2745,13725
2746,13726
2746,13727
2746,13728
2746,13729
2746,13730
2747,13731
2747,13732
2747,13733
2747,13734
2747,13735
2748,13736
2748,13737
2748,13738
2748,13739
2748,13740
2749,13741
2749,13742
2749,13743
2749,13744
2749,13745
2750,13746
2750,13747
2750,13748
2750,13749
2750,13750
2751,13751
2751,13752
2751,13753
2751,13754
2751,13755
2752,13756
2752,13757
2752,13758
2752,13759
2752,13760
2753,13761
2753,13762
2753,13763
2753,13764
2753,13765
2754,13766
2754,13767
2754,13768
2754,13769
2754,13770
2755,13771
2755,13772
2755,13773
2755,13774
2755,13775
2756,13776
2756,13777
2756,13778
2756,13779
2756,13780
2757,13781
2757,13782
2757,13783
2757,13784
2757,13785
2758,13786
2758,13787
2758,13788
2758,13789
2758,13790
2759,13791
2759,13792
2759,13793
2759,13794
2759,13795
2760,13796
2760,13797
2760,13798
2760,13799
2760,13800
2761,13801
2761,13802
2761,13803
2761,13804
2761,13805
2762,13806
2762,13807
2762,13808
2762,13809
2762,13810
2763,13811
2763,13812
2763,13813
2763,13814
2763,13815
2764,13816
2764,13817
2764,13818
2764,13819
2764,13820
2765,13821
2765,13822
2765,13823
2765,13824
2765,13825
2766,13826
2766,13827
2766,13828
2766,13829
2766,13830
2767,13831
2767,13832
2767,13833
2767,13834
2767,13835
2768,13836
2768,13837
2768,13838
2768,13839
2768,13840
2769,13841
2769,13842
2769,13843
2769,13844
2769,13845
2770,13846
2770,13847
2770,13848
2770,13849
2770,13850
2771,13851
2771,13852
2771,13853
2771,13854
2771,13855
2772,13856
2772,13857
2772,13858
2772,13859
2772,13860
2773,13861
2773,13862
2773,13863
2773,13864
2773,13865
2774,13866
2774,13867
2774,13868
2774,13869
2774,13870
2775,13871
2775,13872
2775,13873
2775,13874
2775,13875
2776,13876
2776,13877
2776,13878
2776,13879
2776,13880
2777,13881
2777,13882
2777,13883
2777,13884
2777,13885
2778,13886
2778,13887
2778,13888
2778,13889
2778,13890
2779,13891
2779,13892
2779,13893
2779,13894
2779,13895
2780,13896
2780,13897
2780,13898
2780,13899
2780,13900
2781,13901
2781,13902
2781,13903
2781,13904
2781,13905
2782,13906
2782,13907
2782,13908
2782,13909
2782,13910
2783,13911
2783,13912
2783,13913
2783,13914
2783,13915
2784,13916
2784,13917
2784,13918
2784,13919
2784,13920
2785,13921
2785,13922
2785,13923
2785,13924
2785,13925
2786,13926
2786,13927
2786,13928
2786,13929
2786,13930
2787,13931
2787,13932
2787,13933
2787,13934
2787,13935
2788,13936
2788,13937
2788,13938
2788,13939
2788,13940
2789,13941
2789,13942
2789,13943
2789,13944
2789,13945
2790,13946
2790,13947
2790,13948
2790,13949
2790,13950
2791,13951
2791,13952
2791,13953
2791,13954
2791,13955
2792,13956
2792,13957
2792,13958
2792,13959
2792,13960
2793,13961
2793,13962
2793,13963
2793,13964
2793,13965
2794,13966
2794,13967
2794,13968
2794,13969
2794,13970
2795,13971
2795,13972
2795,13973
2795,13974
2795,13975
2796,13976
2796,13977
2796,13978
2796,13979
2796,13980
2797,13981
2797,13982
2797,13983
2797,13984
2797,13985
2798,13986
2798,13987
2798,13988
2798,13989
2798,13990
2799,13991
2799,13992
2799,13993
2799,13994
2799,13995
2800,13996
2800,13997
2800,13998
2800,13999
2800,14000
2801,14001
2801,14002
2801,14003
2801,14004
2801,14005
2802,14006
2802,14007
2802,14008
2802,14009
2802,14010
2803,14011
2803,14012
2803,14013
2803,14014
2803,14015
2804,14016
2804,14017
2804,14018
2804,14019
2804,14020
2805,14021
2805,14022
2805,14023
2805,14024
2805,14025
2806,14026
2806,14027
2806,14028
2806,14029
2806,14030
2807,14031
2807,14032
2807,14033
2807,14034
2807,14035
2808,14036
2808,14037
2808,14038
2808,14039
2808,14040
2809,14041
2809,14042
2809,14043
2809,14044
2809,14045
2810,14046
2810,14047
2810,14048
2810,14049
2810,14050
2811,14051
2811,14052
2811,14053
2811,14054
2811,14055
2812,14056
2812,14057
2812,14058
2812,14059
2812,14060
2813,14061
2813,14062
2813,14063
2813,14064
2813,14065
2814,14066
2814,14067
2814,14068
2814,14069
2814,14070
2815,14071
2815,14072
2815,14073
2815,14074
2815,14075
2816,14076
2816,14077
2816,14078
2816,14079
2816,14080
2817,14081
2817,14082
2817,14083
2817,14084
2817,14085
2818,14086
2818,14087
2818,14088
2818,14089
2818,14090
2819,14091
2819,14092
2819,14093
2819,14094
2819,14095
2820,14096
2820,14097
2820,14098
2820,14099
2820,14100
2821,14101
2821,14102
2821,14103
2821,14104
2821,14105
2822,14106
2822,14107
2822,14108
2822,14109
2822,14110
2823,14111
2823,14112
2823,14113
2823,14114
2823,14115
2824,14116
2824,14117
2824,14118
2824,14119
2824,14120
2825,14121
2825,14122
2825,14123
2825,14124
2825,14125
2826,14126
2826,14127
2826,14128
2826,14129
2826,14130
2827,14131
2827,14132
2827,14133
2827,14134
2827,14135
2828,14136
2828,14137
2828,14138
2828,14139
2828,14140
2829,14141
2829,14142
2829,14143
2829,14144
2829,14145
2830,14146
2830,14147
2830,14148
2830,14149
2830,14150
2831,14151
2831,14152
2831,14153
2831,14154
2831,14155
2832,14156
2832,14157
2832,14158
2832,14159
2832,14160
2833,14161
2833,14162
2833,14163
2833,14164
2833,14165
2834,14166
2834,14167
2834,14168
2834,14169
2834,14170
2835,14171
2835,14172
2835,14173
2835,14174
2835,14175
2836,14176
2836,14177
2836,14178
2836,14179
2836,14180
2837,14181
2837,14182
2837,14183
2837,14184
2837,14185
2838,14186
2838,14187
2838,14188
2838,14189
2838,14190
2839,14191
2839,14192
2839,14193
2839,14194
2839,14195
2840,14196
2840,14197
2840,14198
2840,14199
2840,14200
2841,14201
2841,14202
2841,14203
2841,14204
2841,14205
2842,14206
2842,14207
2842,14208
2842,14209
2842,14210
2843,14211
2843,14212
2843,14213
2843,14214
2843,14215
2844,14216
2844,14217
2844,14218
2844,14219
2844,14220
2845,14221
2845,14222
2845,14223
2845,14224
2845,14225
2846,14226
2846,14227
2846,14228
2846,14229
2846,14230
2847,14231
2847,14232
2847,14233
2847,14234
2847,14235
2848,14236
2848,14237
2848,14238
2848,14239
2848,14240
2849,14241
2849,14242
2849,14243
2849,14244
2849,14245
2850,14246
2850,14247
2850,14248
2850,14249
2850,14250
2851,14251
2851,14252
2851,14253
2851,14254
2851,14255
2852,14256
2852,14257
2852,14258
2852,14259
2852,14260
2853,14261
2853,14262
2853,14263
2853,14264
2853,14265
2854,14266
2854,14267
2854,14268
2854,14269
2854,14270
2855,14271
2855,14272
2855,14273
2855,14274
2855,14275
2856,14276
2856,14277
2856,14278
2856,14279
2856,14280
2857,14281
2857,14282
2857,14283
2857,14284
2857,14285
2858,14286
2858,14287
2858,14288
2858,14289
2858,14290
2859,14291
2859,14292
2859,14293
2859,14294
2859,14295
2860,14296
2860,14297
2860,14298
2860,14299
2860,14300
2861,14301
2861,14302
2861,14303
2861,14304
2861,14305
2862,14306
2862,14307
2862,14308
2862,14309
2862,14310
2863,14311
2863,14312
2863,14313
2863,14314
2863,14315
2864,14316
2864,14317
2864,14318
2864,14319
2864,14320
2865,14321
2865,14322
2865,14323
2865,14324
2865,14325
2866,14326
2866,14327
2866,14328
2866,14329
2866,14330
2867,14331
2867,14332
2867,14333
2867,14334
2867,14335
2868,14336
2868,14337
2868,14338
2868,14339
2868,14340
2869,14341
2869,14342
2869,14343
2869,14344
2869,14345
2870,14346
2870,14347
2870,14348
2870,14349
2870,14350
2871,14351
2871,14352
2871,14353
2871,14354
2871,14355
2872,14356
2872,14357
2872,14358
2872,14359
2872,14360
2873,14361
2873,14362
2873,14363
2873,14364
2873,14365
2874,14366
2874,14367
2874,14368
2874,14369
2874,14370
2875,14371
2875,14372
2875,14373
2875,14374
2875,14375
2876,14376
2876,14377
2876,14378
2876,14379
2876,14380
2877,14381
2877,14382
2877,14383
2877,14384
2877,14385
2878,14386
2878,14387
2878,14388
2878,14389
2878,14390
2879,14391
2879,14392
2879,14393
2879,14394
2879,14395
2880,14396
2880,14397
2880,14398
2880,14399
2880,14400
2881,14401
2881,14402
2881,14403
2881,14404
2881,14405
2882,14406
2882,14407
2882,14408
2882,14409
2882,14410
2883,14411
2883,14412
2883,14413
2883,14414
2883,14415
2884,14416
2884,14417
2884,14418
2884,14419
2884,14420
2885,14421
2885,14422
2885,14423
2885,14424
2885,14425
2886,14426
2886,14427
2886,14428
2886,14429
2886,14430
2887,14431
2887,14432
2887,14433
2887,14434
2887,14435
2888,14436
2888,14437
2888,14438
2888,14439
2888,14440
2889,14441
2889,14442
2889,14443
2889,14444
2889,14445
2890,14446
2890,14447
2890,14448
2890,14449
2890,14450
2891,14451
2891,14452
2891,14453
2891,14454
2891,14455
2892,14456
2892,14457
2892,14458
2892,14459
2892,14460
2893,14461
2893,14462
2893,14463
2893,14464
2893,14465
2894,14466
2894,14467
2894,14468
2894,14469
2894,14470
2895,14471
2895,14472
2895,14473
2895,14474
2895,14475
2896,14476
2896,14477
2896,14478
2896,14479
2896,14480
2897,14481
2897,14482
2897,14483
2897,14484
2897,14485
2898,14486
2898,14487
2898,14488
2898,14489
2898,14490
2899,14491
2899,14492
2899,14493
2899,14494
2899,14495
2900,14496
2900,14497
2900,14498
2900,14499
2900,14500
2901,14501
2901,14502
2901,14503
2901,14504
2901,14505
2902,14506
2902,14507
2902,14508
2902,14509
2902,14510
2903,14511
2903,14512
2903,14513
2903,14514
2903,14515
2904,14516
2904,14517
2904,14518
2904,14519
2904,14520
2905,14521
2905,14522
2905,14523
2905,14524
2905,14525
2906,14526
2906,14527
2906,14528
2906,14529
2906,14530
2907,14531
2907,14532
2907,14533
2907,14534
2907,14535
2908,14536
2908,14537
2908,14538
2908,14539
2908,14540
2909,14541
2909,14542
2909,14543
2909,14544
2909,14545
2910,14546
2910,14547
2910,14548
2910,14549
2910,14550
2911,14551
2911,14552
2911,14553
2911,14554
2911,14555
2912,14556
2912,14557
2912,14558
2912,14559
2912,14560
2913,14561
2913,14562
2913,14563
2913,14564
2913,14565
2914,14566
2914,14567
2914,14568
2914,14569
2914,14570
2915,14571
2915,14572
2915,14573
2915,14574
2915,14575
2916,14576
2916,14577
2916,14578
2916,14579
2916,14580
2917,14581
2917,14582
2917,14583
2917,14584
2917,14585
2918,14586
2918,14587
2918,14588
2918,14589
2918,14590
2919,14591
2919,14592
2919,14593
2919,14594
2919,14595
2920,14596
2920,14597
2920,14598
2920,14599
2920,14600
2921,14601
2921,14602
2921,14603
2921,14604
2921,14605
2922,14606
2922,14607
2922,14608
2922,14609
2922,14610
2923,14611
2923,14612
2923,14613
2923,14614
2923,14615
2924,14616
2924,14617
2924,14618
2924,14619
2924,14620
2925,14621
2925,14622
2925,14623
2925,14624
2925,14625
2926,14626
2926,14627
2926,14628
2926,14629
2926,14630
2927,14631
2927,14632
2927,14633
2927,14634
2927,14635
2928,14636
2928,14637
2928,14638
2928,14639
2928,14640
2929,14641
2929,14642
2929,14643
2929,14644
2929,14645
2930,14646
2930,14647
2930,14648
2930,14649
2930,14650
2931,14651
2931,14652
2931,14653
2931,14654
2931,14655
2932,14656
2932,14657
2932,14658
2932,14659
2932,14660
2933,14661
2933,14662
2933,14663
2933,14664
2933,14665
2934,14666
2934,14667
2934,14668
2934,14669
2934,14670
2935,14671
2935,14672
2935,14673
2935,14674
2935,14675
2936,14676
2936,14677
2936,14678
2936,14679
2936,14680
2937,14681
2937,14682
2937,14683
2937,14684
2937,14685
2938,14686
2938,14687
2938,14688
2938,14689
2938,14690
2939,14691
2939,14692
2939,14693
2939,14694
2939,14695
2940,14696
2940,14697
2940,14698
2940,14699
2940,14700
2941,14701
2941,14702
2941,14703
2941,14704
2941,14705
2942,14706
2942,14707
2942,14708
2942,14709
2942,14710
2943,14711
2943,14712
2943,14713
2943,14714
2943,14715
2944,14716
2944,14717
2944,14718
2944,14719
2944,14720
2945,14721
2945,14722
2945,14723
2945,14724
2945,14725
2946,14726
2946,14727
2946,14728
2946,14729
2946,14730
2947,14731
2947,14732
2947,14733
2947,14734
2947,14735
2948,14736
2948,14737
2948,14738
2948,14739
2948,14740
2949,14741
2949,14742
2949,14743
2949,14744
2949,14745
2950,14746
2950,14747
2950,14748
2950,14749
2950,14750
2951,14751
2951,14752
2951,14753
2951,14754
2951,14755
2952,14756
2952,14757
2952,14758
2952,14759
2952,14760
2953,14761
2953,14762
2953,14763
2953,14764
2953,14765
2954,14766
2954,14767
2954,14768
2954,14769
2954,14770
2955,14771
2955,14772
2955,14773
2955,14774
2955,14775
2956,14776
2956,14777
2956,14778
2956,14779
2956,14780
2957,14781
2957,14782
2957,14783
2957,14784
2957,14785
2958,14786
2958,14787
2958,14788
2958,14789
2958,14790
2959,14791
2959,14792
2959,14793
2959,14794
2959,14795
2960,14796
2960,14797
2960,14798
2960,14799
2960,14800
2961,14801
2961,14802
2961,14803
2961,14804
2961,14805
2962,14806
2962,14807
2962,14808
2962,14809
2962,14810
2963,14811
2963,14812
2963,14813
2963,14814
2963,14815
2964,14816
2964,14817
2964,14818
2964,14819
2964,14820
2965,14821
2965,14822
2965,14823
2965,14824
2965,14825
2966,14826
2966,14827
2966,14828
2966,14829
2966,14830
2967,14831
2967,14832
2967,14833
2967,14834
2967,14835
2968,14836
2968,14837
2968,14838
2968,14839
2968,14840
2969,14841
2969,14842
2969,14843
2969,14844
2969,14845
2970,14846
2970,14847
2970,14848
2970,14849
2970,14850
2971,14851
2971,14852
2971,14853
2971,14854
2971,14855
2972,14856
2972,14857
2972,14858
2972,14859
2972,14860
2973,14861
2973,14862
2973,14863
2973,14864
2973,14865
2974,14866
2974,14867
2974,14868
2974,14869
2974,14870
2975,14871
2975,14872
2975,14873
2975,14874
2975,14875
2976,14876
2976,14877
2976,14878
2976,14879
2976,14880
2977,14881
2977,14882
2977,14883
2977,14884
2977,14885
2978,14886
2978,14887
2978,14888
2978,14889
2978,14890
2979,14891
2979,14892
2979,14893
2979,14894
2979,14895
2980,14896
2980,14897
2980,14898
2980,14899
2980,14900
2981,14901
2981,14902
2981,14903
2981,14904
2981,14905
2982,14906
2982,14907
2982,14908
2982,14909
2982,14910
2983,14911
2983,14912
2983,14913
2983,14914
2983,14915
2984,14916
2984,14917
2984,14918
2984,14919
2984,14920
2985,14921
2985,14922
2985,14923
2985,14924
2985,14925
2986,14926
2986,14927
2986,14928
2986,14929
2986,14930
2987,14931
2987,14932
2987,14933
2987,14934
2987,14935
2988,14936
2988,14937
2988,14938
2988,14939
2988,14940
2989,14941
2989,14942
2989,14943
2989,14944
2989,14945
2990,14946
2990,14947
2990,14948
2990,14949
2990,14950
2991,14951
2991,14952
2991,14953
2991,14954
2991,14955
2992,14956
2992,14957
2992,14958
2992,14959
2992,14960
2993,14961
2993,14962
2993,14963
2993,14964
2993,14965
2994,14966
2994,14967
2994,14968
2994,14969
2994,14970
2995,14971
2995,14972
2995,14973
2995,14974
2995,14975
2996,14976
2996,14977
2996,14978
2996,14979
2996,14980
2997,14981
2997,14982
2997,14983
2997,14984
2997,14985
2998,14986
2998,14987
2998,14988
2998,14989
2998,14990
2999,14991
2999,14992
2999,14993
2999,14994
2999,14995
3000,14996
3000,14997
3000,14998
3000,14999
3000,15000
3001,15001
3001,15002
3001,15003
3001,15004
3001,15005
3002,15006
3002,15007
3002,15008
3002,15009
3002,15010
3003,15011
3003,15012
3003,15013
3003,15014
3003,15015
3004,15016
3004,15017
3004,15018
3004,15019
3004,15020
3005,15021
3005,15022
3005,15023
3005,15024
3005,15025
3006,15026
3006,15027
3006,15028
3006,15029
3006,15030
3007,15031
3007,15032
3007,15033
3007,15034
3007,15035
3008,15036
3008,15037
3008,15038
3008,15039
3008,15040
3009,15041
3009,15042
3009,15043
3009,15044
3009,15045
3010,15046
3010,15047
3010,15048
3010,15049
3010,15050
3011,15051
3011,15052
3011,15053
3011,15054
3011,15055
3012,15056
3012,15057
3012,15058
3012,15059
3012,15060
3013,15061
3013,15062
3013,15063
3013,15064
3013,15065
3014,15066
3014,15067
3014,15068
3014,15069
3014,15070
3015,15071
3015,15072
3015,15073
3015,15074
3015,15075
3016,15076
3016,15077
3016,15078
3016,15079
3016,15080
3017,15081
3017,15082
3017,15083
3017,15084
3017,15085
3018,15086
3018,15087
3018,15088
3018,15089
3018,15090
3019,15091
3019,15092
3019,15093
3019,15094
3019,15095
3020,15096
3020,15097
3020,15098
3020,15099
3020,15100
3021,15101
3021,15102
3021,15103
3021,15104
3021,15105
3022,15106
3022,15107
3022,15108
3022,15109
3022,15110
3023,15111
3023,15112
3023,15113
3023,15114
3023,15115
3024,15116
3024,15117
3024,15118
3024,15119
3024,15120
3025,15121
3025,15122
3025,15123
3025,15124
3025,15125
3026,15126
3026,15127
3026,15128
3026,15129
3026,15130
3027,15131
3027,15132
3027,15133
3027,15134
3027,15135
3028,15136
3028,15137
3028,15138
3028,15139
3028,15140
3029,15141
3029,15142
3029,15143
3029,15144
3029,15145
3030,15146
3030,15147
3030,15148
3030,15149
3030,15150
3031,15151
3031,15152
3031,15153
3031,15154
3031,15155
3032,15156
3032,15157
3032,15158
3032,15159
3032,15160
3033,15161
3033,15162
3033,15163
3033,15164
3033,15165
3034,15166
3034,15167
3034,15168
3034,15169
3034,15170
3035,15171
3035,15172
3035,15173
3035,15174
3035,15175
3036,15176
3036,15177
3036,15178
3036,15179
3036,15180
3037,15181
3037,15182
3037,15183
3037,15184
3037,15185
3038,15186
3038,15187
3038,15188
3038,15189
3038,15190
3039,15191
3039,15192
3039,15193
3039,15194
3039,15195
3040,15196
3040,15197
3040,15198
3040,15199
3040,15200
3041,15201
3041,15202
3041,15203
3041,15204
3041,15205
3042,15206
3042,15207
3042,15208
3042,15209
3042,15210
3043,15211
3043,15212
3043,15213
3043,15214
3043,15215
3044,15216
3044,15217
3044,15218
3044,15219
3044,15220
3045,15221
3045,15222
3045,15223
3045,15224
3045,15225
3046,15226
3046,15227
3046,15228
3046,15229
3046,15230
3047,15231
3047,15232
3047,15233
3047,15234
3047,15235
3048,15236
3048,15237
3048,15238
3048,15239
3048,15240
3049,15241
3049,15242
3049,15243
3049,15244
3049,15245
3050,15246
3050,15247
3050,15248
3050,15249
3050,15250
3051,15251
3051,15252
3051,15253
3051,15254
3051,15255
3052,15256
3052,15257
3052,15258
3052,15259
3052,15260
3053,15261
3053,15262
3053,15263
3053,15264
3053,15265
3054,15266
3054,15267
3054,15268
3054,15269
3054,15270
3055,15271
3055,15272
3055,15273
3055,15274
3055,15275
3056,15276
3056,15277
3056,15278
3056,15279
3056,15280
3057,15281
3057,15282
3057,15283
3057,15284
3057,15285
3058,15286
3058,15287
3058,15288
3058,15289
3058,15290
3059,15291
3059,15292
3059,15293
3059,15294
3059,15295
3060,15296
3060,15297
3060,15298
3060,15299
3060,15300
3061,15301
3061,15302
3061,15303
3061,15304
3061,15305
3062,15306
3062,15307
3062,15308
3062,15309
3062,15310
3063,15311
3063,15312
3063,15313
3063,15314
3063,15315
3064,15316
3064,15317
3064,15318
3064,15319
3064,15320
3065,15321
3065,15322
3065,15323
3065,15324
3065,15325
3066,15326
3066,15327
3066,15328
3066,15329
3066,15330
3067,15331
3067,15332
3067,15333
3067,15334
3067,15335
3068,15336
3068,15337
3068,15338
3068,15339
3068,15340
3069,15341
3069,15342
3069,15343
3069,15344
3069,15345
3070,15346
3070,15347
3070,15348
3070,15349
3070,15350
3071,15351
3071,15352
3071,15353
3071,15354
3071,15355
3072,15356
3072,15357
3072,15358
3072,15359
3072,15360
3073,15361
3073,15362
3073,15363
3073,15364
3073,15365
3074,15366
3074,15367
3074,15368
3074,15369
3074,15370
3075,15371
3075,15372
3075,15373
3075,15374
3075,15375
3076,15376
3076,15377
3076,15378
3076,15379
3076,15380
3077,15381
3077,15382
3077,15383
3077,15384
3077,15385
3078,15386
3078,15387
3078,15388
3078,15389
3078,15390
3079,15391
3079,15392
3079,15393
3079,15394
3079,15395
3080,15396
3080,15397
3080,15398
3080,15399
3080,15400
3081,15401
3081,15402
3081,15403
3081,15404
3081,15405
3082,15406
3082,15407
3082,15408
3082,15409
3082,15410
3083,15411
3083,15412
3083,15413
3083,15414
3083,15415
3084,15416
3084,15417
3084,15418
3084,15419
3084,15420
3085,15421
3085,15422
3085,15423
3085,15424
3085,15425
3086,15426
3086,15427
3086,15428
3086,15429
3086,15430
3087,15431
3087,15432
3087,15433
3087,15434
3087,15435
3088,15436
3088,15437
3088,15438
3088,15439
3088,15440
3089,15441
3089,15442
3089,15443
3089,15444
3089,15445
3090,15446
3090,15447
3090,15448
3090,15449
3090,15450
3091,15451
3091,15452
3091,15453
3091,15454
3091,15455
3092,15456
3092,15457
3092,15458
3092,15459
3092,15460
3093,15461
3093,15462
3093,15463
3093,15464
3093,15465
3094,15466
3094,15467
3094,15468
3094,15469
3094,15470
3095,15471
3095,15472
3095,15473
3095,15474
3095,15475
3096,15476
3096,15477
3096,15478
3096,15479
3096,15480
3097,15481
3097,15482
3097,15483
3097,15484
3097,15485
3098,15486
3098,15487
3098,15488
3098,15489
3098,15490
3099,15491
3099,15492
3099,15493
3099,15494
3099,15495
3100,15496
3100,15497
3100,15498
3100,15499
3100,15500
3101,15501
3101,15502
3101,15503
3101,15504
3101,15505
3102,15506
3102,15507
3102,15508
3102,15509
3102,15510
3103,15511
3103,15512
3103,15513
3103,15514
3103,15515
3104,15516
3104,15517
3104,15518
3104,15519
3104,15520
3105,15521
3105,15522
3105,15523
3105,15524
3105,15525
3106,15526
3106,15527
3106,15528
3106,15529
3106,15530
3107,15531
3107,15532
3107,15533
3107,15534
3107,15535
3108,15536
3108,15537
3108,15538
3108,15539
3108,15540
3109,15541
3109,15542
3109,15543
3109,15544
3109,15545
3110,15546
3110,15547
3110,15548
3110,15549
3110,15550
3111,15551
3111,15552
3111,15553
3111,15554
3111,15555
3112,15556
3112,15557
3112,15558
3112,15559
3112,15560
3113,15561
3113,15562
3113,15563
3113,15564
3113,15565
3114,15566
3114,15567
3114,15568
3114,15569
3114,15570
3115,15571
3115,15572
3115,15573
3115,15574
3115,15575
3116,15576
3116,15577
3116,15578
3116,15579
3116,15580
3117,15581
3117,15582
3117,15583
3117,15584
3117,15585
3118,15586
3118,15587
3118,15588
3118,15589
3118,15590
3119,15591
3119,15592
3119,15593
3119,15594
3119,15595
3120,15596
3120,15597
3120,15598
3120,15599
3120,15600
3121,15601
3121,15602
3121,15603
3121,15604
3121,15605
3122,15606
3122,15607
3122,15608
3122,15609
3122,15610
3123,15611
3123,15612
3123,15613
3123,15614
3123,15615
3124,15616
3124,15617
3124,15618
3124,15619
3124,15620
3125,15621
3125,15622
3125,15623
3125,15624
3125,15625
3126,15626
3126,15627
3126,15628
3126,15629
3126,15630
3127,15631
3127,15632
3127,15633
3127,15634
3127,15635
3128,15636
3128,15637
3128,15638
3128,15639
3128,15640
3129,15641
3129,15642
3129,15643
3129,15644
3129,15645
3130,15646
3130,15647
3130,15648
3130,15649
3130,15650
3131,15651
3131,15652
3131,15653
3131,15654
3131,15655
3132,15656
3132,15657
3132,15658
3132,15659
3132,15660
3133,15661
3133,15662
3133,15663
3133,15664
3133,15665
3134,15666
3134,15667
3134,15668
3134,15669
3134,15670
3135,15671
3135,15672
3135,15673
3135,15674
3135,15675
3136,15676
3136,15677
3136,15678
3136,15679
3136,15680
3137,15681
3137,15682
3137,15683
3137,15684
3137,15685
3138,15686
3138,15687
3138,15688
3138,15689
3138,15690
3139,15691
3139,15692
3139,15693
3139,15694
3139,15695
3140,15696
3140,15697
3140,15698
3140,15699
3140,15700
3141,15701
3141,15702
3141,15703
3141,15704
3141,15705
3142,15706
3142,15707
3142,15708
3142,15709
3142,15710
3143,15711
3143,15712
3143,15713
3143,15714
3143,15715
3144,15716
3144,15717
3144,15718
3144,15719
3144,15720
3145,15721
3145,15722
3145,15723
3145,15724
3145,15725
3146,15726
3146,15727
3146,15728
3146,15729
3146,15730
3147,15731
3147,15732
3147,15733
3147,15734
3147,15735
3148,15736
3148,15737
3148,15738
3148,15739
3148,15740
3149,15741
3149,15742
3149,15743
3149,15744
3149,15745
3150,15746
3150,15747
3150,15748
3150,15749
3150,15750
3151,15751
3151,15752
3151,15753
3151,15754
3151,15755
3152,15756
3152,15757
3152,15758
3152,15759
3152,15760
3153,15761
3153,15762
3153,15763
3153,15764
3153,15765
3154,15766
3154,15767
3154,15768
3154,15769
3154,15770
3155,15771
3155,15772
3155,15773
3155,15774
3155,15775
3156,15776
3156,15777
3156,15778
3156,15779
3156,15780
3157,15781
3157,15782
3157,15783
3157,15784
3157,15785
3158,15786
3158,15787
3158,15788
3158,15789
3158,15790
3159,15791
3159,15792
3159,15793
3159,15794
3159,15795
3160,15796
3160,15797
3160,15798
3160,15799
3160,15800
3161,15801
3161,15802
3161,15803
3161,15804
3161,15805
3162,15806
3162,15807
3162,15808
3162,15809
3162,15810
3163,15811
3163,15812
3163,15813
3163,15814
3163,15815
3164,15816
3164,15817
3164,15818
3164,15819
3164,15820
3165,15821
3165,15822
3165,15823
3165,15824
3165,15825
3166,15826
3166,15827
3166,15828
3166,15829
3166,15830
3167,15831
3167,15832
3167,15833
3167,15834
3167,15835
3168,15836
3168,15837
3168,15838
3168,15839
3168,15840
3169,15841
3169,15842
3169,15843
3169,15844
3169,15845
3170,15846
3170,15847
3170,15848
3170,15849
3170,15850
3171,15851
3171,15852
3171,15853
3171,15854
3171,15855
3172,15856
3172,15857
3172,15858
3172,15859
3172,15860
3173,15861
3173,15862
3173,15863
3173,15864
3173,15865
3174,15866
3174,15867
3174,15868
3174,15869
3174,15870
3175,15871
3175,15872
3175,15873
3175,15874
3175,15875
3176,15876
3176,15877
3176,15878
3176,15879
3176,15880
3177,15881
3177,15882
3177,15883
3177,15884
3177,15885
3178,15886
3178,15887
3178,15888
3178,15889
3178,15890
3179,15891
3179,15892
3179,15893
3179,15894
3179,15895
3180,15896
3180,15897
3180,15898
3180,15899
3180,15900
3181,15901
3181,15902
3181,15903
3181,15904
3181,15905
3182,15906
3182,15907
3182,15908
3182,15909
3182,15910
3183,15911
3183,15912
3183,15913
3183,15914
3183,15915
3184,15916
3184,15917
3184,15918
3184,15919
3184,15920
3185,15921
3185,15922
3185,15923
3185,15924
3185,15925
3186,15926
3186,15927
3186,15928
3186,15929
3186,15930
3187,15931
3187,15932
3187,15933
3187,15934
3187,15935
3188,15936
3188,15937
3188,15938
3188,15939
3188,15940
3189,15941
3189,15942
3189,15943
3189,15944
3189,15945
3190,15946
3190,15947
3190,15948
3190,15949
3190,15950
3191,15951
3191,15952
3191,15953
3191,15954
3191,15955
3192,15956
3192,15957
3192,15958
3192,15959
3192,15960
3193,15961
3193,15962
3193,15963
3193,15964
3193,15965
3194,15966
3194,15967
3194,15968
3194,15969
3194,15970
3195,15971
3195,15972
3195,15973
3195,15974
3195,15975
3196,15976
3196,15977
3196,15978
3196,15979
3196,15980
3197,15981
3197,15982
3197,15983
3197,15984
3197,15985
3198,15986
3198,15987
3198,15988
3198,15989
3198,15990
3199,15991
3199,15992
3199,15993
3199,15994
3199,15995
3200,15996
3200,15997
3200,15998
3200,15999
3200,16000
3201,16001
3201,16002
3201,16003
3201,16004
3201,16005
3202,16006
3202,16007
3202,16008
3202,16009
3202,16010
3203,16011
3203,16012
3203,16013
3203,16014
3203,16015
3204,16016
3204,16017
3204,16018
3204,16019
3204,16020
3205,16021
3205,16022
3205,16023
3205,16024
3205,16025
3206,16026
3206,16027
3206,16028
3206,16029
3206,16030
3207,16031
3207,16032
3207,16033
3207,16034
3207,16035
3208,16036
3208,16037
3208,16038
3208,16039
3208,16040
3209,16041
3209,16042
3209,16043
3209,16044
3209,16045
3210,16046
3210,16047
3210,16048
3210,16049
3210,16050
3211,16051
3211,16052
3211,16053
3211,16054
3211,16055
3212,16056
3212,16057
3212,16058
3212,16059
3212,16060
3213,16061
3213,16062
3213,16063
3213,16064
3213,16065
3214,16066
3214,16067
3214,16068
3214,16069
3214,16070
3215,16071
3215,16072
3215,16073
3215,16074
3215,16075
3216,16076
3216,16077
3216,16078
3216,16079
3216,16080
3217,16081
3217,16082
3217,16083
3217,16084
3217,16085
3218,16086
3218,16087
3218,16088
3218,16089
3218,16090
3219,16091
3219,16092
3219,16093
3219,16094
3219,16095
3220,16096
3220,16097
3220,16098
3220,16099
3220,16100
3221,16101
3221,16102
3221,16103
3221,16104
3221,16105
3222,16106
3222,16107
3222,16108
3222,16109
3222,16110
3223,16111
3223,16112
3223,16113
3223,16114
3223,16115
3224,16116
3224,16117
3224,16118
3224,16119
3224,16120
3225,16121
3225,16122
3225,16123
3225,16124
3225,16125
3226,16126
3226,16127
3226,16128
3226,16129
3226,16130
3227,16131
3227,16132
3227,16133
3227,16134
3227,16135
3228,16136
3228,16137
3228,16138
3228,16139
3228,16140
3229,16141
3229,16142
3229,16143
3229,16144
3229,16145
3230,16146
3230,16147
3230,16148
3230,16149
3230,16150
3231,16151
3231,16152
3231,16153
3231,16154
3231,16155
3232,16156
3232,16157
3232,16158
3232,16159
3232,16160
3233,16161
3233,16162
3233,16163
3233,16164
3233,16165
3234,16166
3234,16167
3234,16168
3234,16169
3234,16170
3235,16171
3235,16172
3235,16173
3235,16174
3235,16175
3236,16176
3236,16177
3236,16178
3236,16179
3236,16180
3237,16181
3237,16182
3237,16183
3237,16184
3237,16185
3238,16186
3238,16187
3238,16188
3238,16189
3238,16190
3239,16191
3239,16192
3239,16193
3239,16194
3239,16195
3240,16196
3240,16197
3240,16198
3240,16199
3240,16200
3241,16201
3241,16202
3241,16203
3241,16204
3241,16205
3242,16206
3242,16207
3242,16208
3242,16209
3242,16210
3243,16211
3243,16212
3243,16213
3243,16214
3243,16215
3244,16216
3244,16217
3244,16218
3244,16219
3244,16220
3245,16221
3245,16222
3245,16223
3245,16224
3245,16225
3246,16226
3246,16227
3246,16228
3246,16229
3246,16230
3247,16231
3247,16232
3247,16233
3247,16234
3247,16235
3248,16236
3248,16237
3248,16238
3248,16239
3248,16240
3249,16241
3249,16242
3249,16243
3249,16244
3249,16245
3250,16246
3250,16247
3250,16248
3250,16249
3250,16250
3251,16251
3251,16252
3251,16253
3251,16254
3251,16255
3252,16256
3252,16257
3252,16258
3252,16259
3252,16260
3253,16261
3253,16262
3253,16263
3253,16264
3253,16265
3254,16266
3254,16267
3254,16268
3254,16269
3254,16270
3255,16271
3255,16272
3255,16273
3255,16274
3255,16275
3256,16276
3256,16277
3256,16278
3256,16279
3256,16280
3257,16281
3257,16282
3257,16283
3257,16284
3257,16285
3258,16286
3258,16287
3258,16288
3258,16289
3258,16290
3259,16291
3259,16292
3259,16293
3259,16294
3259,16295
3260,16296
3260,16297
3260,16298
3260,16299
3260,16300
3261,16301
3261,16302
3261,16303
3261,16304
3261,16305
3262,16306
3262,16307
3262,16308
3262,16309
3262,16310
3263,16311
3263,16312
3263,16313
3263,16314
3263,16315
3264,16316
3264,16317
3264,16318
3264,16319
3264,16320
3265,16321
3265,16322
3265,16323
3265,16324
3265,16325
3266,16326
3266,16327
3266,16328
3266,16329
3266,16330
3267,16331
3267,16332
3267,16333
3267,16334
3267,16335
3268,16336
3268,16337
3268,16338
3268,16339
3268,16340
3269,16341
3269,16342
3269,16343
3269,16344
3269,16345
3270,16346
3270,16347
3270,16348
3270,16349
3270,16350
3271,16351
3271,16352
3271,16353
3271,16354
3271,16355
3272,16356
3272,16357
3272,16358
3272,16359
3272,16360
3273,16361
3273,16362
3273,16363
3273,16364
3273,16365
3274,16366
3274,16367
3274,16368
3274,16369
3274,16370
3275,16371
3275,16372
3275,16373
3275,16374
3275,16375
3276,16376
3276,16377
3276,16378
3276,16379
3276,16380
3277,16381
3277,16382
3277,16383
3277,16384
3277,16385
3278,16386
3278,16387
3278,16388
3278,16389
3278,16390
3279,16391
3279,16392
3279,16393
3279,16394
3279,16395
3280,16396
3280,16397
3280,16398
3280,16399
3280,16400
3281,16401
3281,16402
3281,16403
3281,16404
3281,16405
3282,16406
3282,16407
3282,16408
3282,16409
3282,16410
3283,16411
3283,16412
3283,16413
3283,16414
3283,16415
3284,16416
3284,16417
3284,16418
3284,16419
3284,16420
3285,16421
3285,16422
3285,16423
3285,16424
3285,16425
3286,16426
3286,16427
3286,16428
3286,16429
3286,16430
3287,16431
3287,16432
3287,16433
3287,16434
3287,16435
3288,16436
3288,16437
3288,16438
3288,16439
3288,16440
3289,16441
3289,16442
3289,16443
3289,16444
3289,16445
3290,16446
3290,16447
3290,16448
3290,16449
3290,16450
3291,16451
3291,16452
3291,16453
3291,16454
3291,16455
3292,16456
3292,16457
3292,16458
3292,16459
3292,16460
3293,16461
3293,16462
3293,16463
3293,16464
3293,16465
3294,16466
3294,16467
3294,16468
3294,16469
3294,16470
3295,16471
3295,16472
3295,16473
3295,16474
3295,16475
3296,16476
3296,16477
3296,16478
3296,16479
3296,16480
3297,16481
3297,16482
3297,16483
3297,16484
3297,16485
3298,16486
3298,16487
3298,16488
3298,16489
3298,16490
3299,16491
3299,16492
3299,16493
3299,16494
3299,16495
3300,16496
3300,16497
3300,16498
3300,16499
3300,16500
3301,16501
3301,16502
3301,16503
3301,16504
3301,16505
3302,16506
3302,16507
3302,16508
3302,16509
3302,16510
3303,16511
3303,16512
3303,16513
3303,16514
3303,16515
3304,16516
3304,16517
3304,16518
3304,16519
3304,16520
3305,16521
3305,16522
3305,16523
3305,16524
3305,16525
3306,16526
3306,16527
3306,16528
3306,16529
3306,16530
3307,16531
3307,16532
3307,16533
3307,16534
3307,16535
3308,16536
3308,16537
3308,16538
3308,16539
3308,16540
3309,16541
3309,16542
3309,16543
3309,16544
3309,16545
3310,16546
3310,16547
3310,16548
3310,16549
3310,16550
3311,16551
3311,16552
3311,16553
3311,16554
3311,16555
3312,16556
3312,16557
3312,16558
3312,16559
3312,16560
3313,16561
3313,16562
3313,16563
3313,16564
3313,16565
3314,16566
3314,16567
3314,16568
3314,16569
3314,16570
3315,16571
3315,16572
3315,16573
3315,16574
3315,16575
3316,16576
3316,16577
3316,16578
3316,16579
3316,16580
3317,16581
3317,16582
3317,16583
3317,16584
3317,16585
3318,16586
3318,16587
3318,16588
3318,16589
3318,16590
3319,16591
3319,16592
3319,16593
3319,16594
3319,16595
3320,16596
3320,16597
3320,16598
3320,16599
3320,16600
3321,16601
3321,16602
3321,16603
3321,16604
3321,16605
3322,16606
3322,16607
3322,16608
3322,16609
3322,16610
3323,16611
3323,16612
3323,16613
3323,16614
3323,16615
3324,16616
3324,16617
3324,16618
3324,16619
3324,16620
3325,16621
3325,16622
3325,16623
3325,16624
3325,16625
3326,16626
3326,16627
3326,16628
3326,16629
3326,16630
3327,16631
3327,16632
3327,16633
3327,16634
3327,16635
3328,16636
3328,16637
3328,16638
3328,16639
3328,16640
3329,16641
3329,16642
3329,16643
3329,16644
3329,16645
3330,16646
3330,16647
3330,16648
3330,16649
3330,16650
3331,16651
3331,16652
3331,16653
3331,16654
3331,16655
3332,16656
3332,16657
3332,16658
3332,16659
3332,16660
3333,16661
3333,16662
3333,16663
3333,16664
3333,16665
3334,16666
3334,16667
3334,16668
3334,16669
3334,16670
3335,16671
3335,16672
3335,16673
3335,16674
3335,16675
3336,16676
3336,16677
3336,16678
3336,16679
3336,16680
3337,16681
3337,16682
3337,16683
3337,16684
3337,16685
3338,16686
3338,16687
3338,16688
3338,16689
3338,16690
3339,16691
3339,16692
3339,16693
3339,16694
3339,16695
3340,16696
3340,16697
3340,16698
3340,16699
3340,16700
3341,16701
3341,16702
3341,16703
3341,16704
3341,16705
3342,16706
3342,16707
3342,16708
3342,16709
3342,16710
3343,16711
3343,16712
3343,16713
3343,16714
3343,16715
3344,16716
3344,16717
3344,16718
3344,16719
3344,16720
3345,16721
3345,16722
3345,16723
3345,16724
3345,16725
3346,16726
3346,16727
3346,16728
3346,16729
3346,16730
3347,16731
3347,16732
3347,16733
3347,16734
3347,16735
3348,16736
3348,16737
3348,16738
3348,16739
3348,16740
3349,16741
3349,16742
3349,16743
3349,16744
3349,16745
3350,16746
3350,16747
3350,16748
3350,16749
3350,16750
3351,16751
3351,16752
3351,16753
3351,16754
3351,16755
3352,16756
3352,16757
3352,16758
3352,16759
3352,16760
3353,16761
3353,16762
3353,16763
3353,16764
3353,16765
3354,16766
3354,16767
3354,16768
3354,16769
3354,16770
3355,16771
3355,16772
3355,16773
3355,16774
3355,16775
3356,16776
3356,16777
3356,16778
3356,16779
3356,16780
3357,16781
3357,16782
3357,16783
3357,16784
3357,16785
3358,16786
3358,16787
3358,16788
3358,16789
3358,16790
3359,16791
3359,16792
3359,16793
3359,16794
3359,16795
3360,16796
3360,16797
3360,16798
3360,16799
3360,16800
3361,16801
3361,16802
3361,16803
3361,16804
3361,16805
3362,16806
3362,16807
3362,16808
3362,16809
3362,16810
3363,16811
3363,16812
3363,16813
3363,16814
3363,16815
3364,16816
3364,16817
3364,16818
3364,16819
3364,16820
3365,16821
3365,16822
3365,16823
3365,16824
3365,16825
3366,16826
3366,16827
3366,16828
3366,16829
3366,16830
3367,16831
3367,16832
3367,16833
3367,16834
3367,16835
3368,16836
3368,16837
3368,16838
3368,16839
3368,16840
3369,16841
3369,16842
3369,16843
3369,16844
3369,16845
3370,16846
3370,16847
3370,16848
3370,16849
3370,16850
3371,16851
3371,16852
3371,16853
3371,16854
3371,16855
3372,16856
3372,16857
3372,16858
3372,16859
3372,16860
3373,16861
3373,16862
3373,16863
3373,16864
3373,16865
3374,16866
3374,16867
3374,16868
3374,16869
3374,16870
3375,16871
3375,16872
3375,16873
3375,16874
3375,16875
3376,16876
3376,16877
3376,16878
3376,16879
3376,16880
3377,16881
3377,16882
3377,16883
3377,16884
3377,16885
3378,16886
3378,16887
3378,16888
3378,16889
3378,16890
3379,16891
3379,16892
3379,16893
3379,16894
3379,16895
3380,16896
3380,16897
3380,16898
3380,16899
3380,16900
3381,16901
3381,16902
3381,16903
3381,16904
3381,16905
3382,16906
3382,16907
3382,16908
3382,16909
3382,16910
3383,16911
3383,16912
3383,16913
3383,16914
3383,16915
3384,16916
3384,16917
3384,16918
3384,16919
3384,16920
3385,16921
3385,16922
3385,16923
3385,16924
3385,16925
3386,16926
3386,16927
3386,16928
3386,16929
3386,16930
3387,16931
3387,16932
3387,16933
3387,16934
3387,16935
3388,16936
3388,16937
3388,16938
3388,16939
3388,16940
3389,16941
3389,16942
3389,16943
3389,16944
3389,16945
3390,16946
3390,16947
3390,16948
3390,16949
3390,16950
3391,16951
3391,16952
3391,16953
3391,16954
3391,16955
3392,16956
3392,16957
3392,16958
3392,16959
3392,16960
3393,16961
3393,16962
3393,16963
3393,16964
3393,16965
3394,16966
3394,16967
3394,16968
3394,16969
3394,16970
3395,16971
3395,16972
3395,16973
3395,16974
3395,16975
3396,16976
3396,16977
3396,16978
3396,16979
3396,16980
3397,16981
3397,16982
3397,16983
3397,16984
3397,16985
3398,16986
3398,16987
3398,16988
3398,16989
3398,16990
3399,16991
3399,16992
3399,16993
3399,16994
3399,16995
3400,16996
3400,16997
3400,16998
3400,16999
3400,17000
3401,17001
3401,17002
3401,17003
3401,17004
3401,17005
3402,17006
3402,17007
3402,17008
3402,17009
3402,17010
3403,17011
3403,17012
3403,17013
3403,17014
3403,17015
3404,17016
3404,17017
3404,17018
3404,17019
3404,17020
3405,17021
3405,17022
3405,17023
3405,17024
3405,17025
3406,17026
3406,17027
3406,17028
3406,17029
3406,17030
3407,17031
3407,17032
3407,17033
3407,17034
3407,17035
3408,17036
3408,17037
3408,17038
3408,17039
3408,17040
3409,17041
3409,17042
3409,17043
3409,17044
3409,17045
3410,17046
3410,17047
3410,17048
3410,17049
3410,17050
3411,17051
3411,17052
3411,17053
3411,17054
3411,17055
3412,17056
3412,17057
3412,17058
3412,17059
3412,17060
3413,17061
3413,17062
3413,17063
3413,17064
3413,17065
3414,17066
3414,17067
3414,17068
3414,17069
3414,17070
3415,17071
3415,17072
3415,17073
3415,17074
3415,17075
3416,17076
3416,17077
3416,17078
3416,17079
3416,17080
3417,17081
3417,17082
3417,17083
3417,17084
3417,17085
3418,17086
3418,17087
3418,17088
3418,17089
3418,17090
3419,17091
3419,17092
3419,17093
3419,17094
3419,17095
3420,17096
3420,17097
3420,17098
3420,17099
3420,17100
3421,17101
3421,17102
3421,17103
3421,17104
3421,17105
3422,17106
3422,17107
3422,17108
3422,17109
3422,17110
3423,17111
3423,17112
3423,17113
3423,17114
3423,17115
3424,17116
3424,17117
3424,17118
3424,17119
3424,17120
3425,17121
3425,17122
3425,17123
3425,17124
3425,17125
3426,17126
3426,17127
3426,17128
3426,17129
3426,17130
3427,17131
3427,17132
3427,17133
3427,17134
3427,17135
3428,17136
3428,17137
3428,17138
3428,17139
3428,17140
3429,17141
3429,17142
3429,17143
3429,17144
3429,17145
3430,17146
3430,17147
3430,17148
3430,17149
3430,17150
3431,17151
3431,17152
3431,17153
3431,17154
3431,17155
3432,17156
3432,17157
3432,17158
3432,17159
3432,17160
3433,17161
3433,17162
3433,17163
3433,17164
3433,17165
3434,17166
3434,17167
3434,17168
3434,17169
3434,17170
3435,17171
3435,17172
3435,17173
3435,17174
3435,17175
3436,17176
3436,17177
3436,17178
3436,17179
3436,17180
3437,17181
3437,17182
3437,17183
3437,17184
3437,17185
3438,17186
3438,17187
3438,17188
3438,17189
3438,17190
3439,17191
3439,17192
3439,17193
3439,17194
3439,17195
3440,17196
3440,17197
3440,17198
3440,17199
3440,17200
3441,17201
3441,17202
3441,17203
3441,17204
3441,17205
3442,17206
3442,17207
3442,17208
3442,17209
3442,17210
3443,17211
3443,17212
3443,17213
3443,17214
3443,17215
3444,17216
3444,17217
3444,17218
3444,17219
3444,17220
3445,17221
3445,17222
3445,17223
3445,17224
3445,17225
3446,17226
3446,17227
3446,17228
3446,17229
3446,17230
3447,17231
3447,17232
3447,17233
3447,17234
3447,17235
3448,17236
3448,17237
3448,17238
3448,17239
3448,17240
3449,17241
3449,17242
3449,17243
3449,17244
3449,17245
3450,17246
3450,17247
3450,17248
3450,17249
3450,17250
3451,17251
3451,17252
3451,17253
3451,17254
3451,17255
3452,17256
3452,17257
3452,17258
3452,17259
3452,17260
3453,17261
3453,17262
3453,17263
3453,17264
3453,17265
3454,17266
3454,17267
3454,17268
3454,17269
3454,17270
3455,17271
3455,17272
3455,17273
3455,17274
3455,17275
3456,17276
3456,17277
3456,17278
3456,17279
3456,17280
3457,17281
3457,17282
3457,17283
3457,17284
3457,17285
3458,17286
3458,17287
3458,17288
3458,17289
3458,17290
3459,17291
3459,17292
3459,17293
3459,17294
3459,17295
3460,17296
3460,17297
3460,17298
3460,17299
3460,17300
3461,17301
3461,17302
3461,17303
3461,17304
3461,17305
3462,17306
3462,17307
3462,17308
3462,17309
3462,17310
3463,17311
3463,17312
3463,17313
3463,17314
3463,17315
3464,17316
3464,17317
3464,17318
3464,17319
3464,17320
3465,17321
3465,17322
3465,17323
3465,17324
3465,17325
3466,17326
3466,17327
3466,17328
3466,17329
3466,17330
3467,17331
3467,17332
3467,17333
3467,17334
3467,17335
3468,17336
3468,17337
3468,17338
3468,17339
3468,17340
3469,17341
3469,17342
3469,17343
3469,17344
3469,17345
3470,17346
3470,17347
3470,17348
3470,17349
3470,17350
3471,17351
3471,17352
3471,17353
3471,17354
3471,17355
3472,17356
3472,17357
3472,17358
3472,17359
3472,17360
3473,17361
3473,17362
3473,17363
3473,17364
3473,17365
3474,17366
3474,17367
3474,17368
3474,17369
3474,17370
3475,17371
3475,17372
3475,17373
3475,17374
3475,17375
3476,17376
3476,17377
3476,17378
3476,17379
3476,17380
3477,17381
3477,17382
3477,17383
3477,17384
3477,17385
3478,17386
3478,17387
3478,17388
3478,17389
3478,17390
3479,17391
3479,17392
3479,17393
3479,17394
3479,17395
3480,17396
3480,17397
3480,17398
3480,17399
3480,17400
3481,17401
3481,17402
3481,17403
3481,17404
3481,17405
3482,17406
3482,17407
3482,17408
3482,17409
3482,17410
3483,17411
3483,17412
3483,17413
3483,17414
3483,17415
3484,17416
3484,17417
3484,17418
3484,17419
3484,17420
3485,17421
3485,17422
3485,17423
3485,17424
3485,17425
3486,17426
3486,17427
3486,17428
3486,17429
3486,17430
3487,17431
3487,17432
3487,17433
3487,17434
3487,17435
3488,17436
3488,17437
3488,17438
3488,17439
3488,17440
3489,17441
3489,17442
3489,17443
3489,17444
3489,17445
3490,17446
3490,17447
3490,17448
3490,17449
3490,17450
3491,17451
3491,17452
3491,17453
3491,17454
3491,17455
3492,17456
3492,17457
3492,17458
3492,17459
3492,17460
3493,17461
3493,17462
3493,17463
3493,17464
3493,17465
3494,17466
3494,17467
3494,17468
3494,17469
3494,17470
3495,17471
3495,17472
3495,17473
3495,17474
3495,17475
3496,17476
3496,17477
3496,17478
3496,17479
3496,17480
3497,17481
3497,17482
3497,17483
3497,17484
3497,17485
3498,17486
3498,17487
3498,17488
3498,17489
3498,17490
3499,17491
3499,17492
3499,17493
3499,17494
3499,17495
3500,17496
3500,17497
3500,17498
3500,17499
3500,17500
3501,17501
3501,17502
3501,17503
3501,17504
3501,17505
3502,17506
3502,17507
3502,17508
3502,17509
3502,17510
3503,17511
3503,17512
3503,17513
3503,17514
3503,17515
3504,17516
3504,17517
3504,17518
3504,17519
3504,17520
3505,17521
3505,17522
3505,17523
3505,17524
3505,17525
3506,17526
3506,17527
3506,17528
3506,17529
3506,17530
3507,17531
3507,17532
3507,17533
3507,17534
3507,17535
3508,17536
3508,17537
3508,17538
3508,17539
3508,17540
3509,17541
3509,17542
3509,17543
3509,17544
3509,17545
3510,17546
3510,17547
3510,17548
3510,17549
3510,17550
3511,17551
3511,17552
3511,17553
3511,17554
3511,17555
3512,17556
3512,17557
3512,17558
3512,17559
3512,17560
3513,17561
3513,17562
3513,17563
3513,17564
3513,17565
3514,17566
3514,17567
3514,17568
3514,17569
3514,17570
3515,17571
3515,17572
3515,17573
3515,17574
3515,17575
3516,17576
3516,17577
3516,17578
3516,17579
3516,17580
3517,17581
3517,17582
3517,17583
3517,17584
3517,17585
3518,17586
3518,17587
3518,17588
3518,17589
3518,17590
3519,17591
3519,17592
3519,17593
3519,17594
3519,17595
3520,17596
3520,17597
3520,17598
3520,17599
3520,17600
3521,17601
3521,17602
3521,17603
3521,17604
3521,17605
3522,17606
3522,17607
3522,17608
3522,17609
3522,17610
3523,17611
3523,17612
3523,17613
3523,17614
3523,17615
3524,17616
3524,17617
3524,17618
3524,17619
3524,17620
3525,17621
3525,17622
3525,17623
3525,17624
3525,17625
3526,17626
3526,17627
3526,17628
3526,17629
3526,17630
3527,17631
3527,17632
3527,17633
3527,17634
3527,17635
3528,17636
3528,17637
3528,17638
3528,17639
3528,17640
3529,17641
3529,17642
3529,17643
3529,17644
3529,17645
3530,17646
3530,17647
3530,17648
3530,17649
3530,17650
3531,17651
3531,17652
3531,17653
3531,17654
3531,17655
3532,17656
3532,17657
3532,17658
3532,17659
3532,17660
3533,17661
3533,17662
3533,17663
3533,17664
3533,17665
3534,17666
3534,17667
3534,17668
3534,17669
3534,17670
3535,17671
3535,17672
3535,17673
3535,17674
3535,17675
3536,17676
3536,17677
3536,17678
3536,17679
3536,17680
3537,17681
3537,17682
3537,17683
3537,17684
3537,17685
3538,17686
3538,17687
3538,17688
3538,17689
3538,17690
3539,17691
3539,17692
3539,17693
3539,17694
3539,17695
3540,17696
3540,17697
3540,17698
3540,17699
3540,17700
3541,17701
3541,17702
3541,17703
3541,17704
3541,17705
3542,17706
3542,17707
3542,17708
3542,17709
3542,17710
3543,17711
3543,17712
3543,17713
3543,17714
3543,17715
3544,17716
3544,17717
3544,17718
3544,17719
3544,17720
3545,17721
3545,17722
3545,17723
3545,17724
3545,17725
3546,17726
3546,17727
3546,17728
3546,17729
3546,17730
3547,17731
3547,17732
3547,17733
3547,17734
3547,17735
3548,17736
3548,17737
3548,17738
3548,17739
3548,17740
3549,17741
3549,17742
3549,17743
3549,17744
3549,17745
3550,17746
3550,17747
3550,17748
3550,17749
3550,17750
3551,17751
3551,17752
3551,17753
3551,17754
3551,17755
3552,17756
3552,17757
3552,17758
3552,17759
3552,17760
3553,17761
3553,17762
3553,17763
3553,17764
3553,17765
3554,17766
3554,17767
3554,17768
3554,17769
3554,17770
3555,17771
3555,17772
3555,17773
3555,17774
3555,17775
3556,17776
3556,17777
3556,17778
3556,17779
3556,17780
3557,17781
3557,17782
3557,17783
3557,17784
3557,17785
3558,17786
3558,17787
3558,17788
3558,17789
3558,17790
3559,17791
3559,17792
3559,17793
3559,17794
3559,17795
3560,17796
3560,17797
3560,17798
3560,17799
3560,17800
3561,17801
3561,17802
3561,17803
3561,17804
3561,17805
3562,17806
3562,17807
3562,17808
3562,17809
3562,17810
3563,17811
3563,17812
3563,17813
3563,17814
3563,17815
3564,17816
3564,17817
3564,17818
3564,17819
3564,17820
3565,17821
3565,17822
3565,17823
3565,17824
3565,17825
3566,17826
3566,17827
3566,17828
3566,17829
3566,17830
3567,17831
3567,17832
3567,17833
3567,17834
3567,17835
3568,17836
3568,17837
3568,17838
3568,17839
3568,17840
3569,17841
3569,17842
3569,17843
3569,17844
3569,17845
3570,17846
3570,17847
3570,17848
3570,17849
3570,17850
3571,17851
3571,17852
3571,17853
3571,17854
3571,17855
3572,17856
3572,17857
3572,17858
3572,17859
3572,17860
3573,17861
3573,17862
3573,17863
3573,17864
3573,17865
3574,17866
3574,17867
3574,17868
3574,17869
3574,17870
3575,17871
3575,17872
3575,17873
3575,17874
3575,17875
3576,17876
3576,17877
3576,17878
3576,17879
3576,17880
3577,17881
3577,17882
3577,17883
3577,17884
3577,17885
3578,17886
3578,17887
3578,17888
3578,17889
3578,17890
3579,17891
3579,17892
3579,17893
3579,17894
3579,17895
3580,17896
3580,17897
3580,17898
3580,17899
3580,17900
3581,17901
3581,17902
3581,17903
3581,17904
3581,17905
3582,17906
3582,17907
3582,17908
3582,17909
3582,17910
3583,17911
3583,17912
3583,17913
3583,17914
3583,17915
3584,17916
3584,17917
3584,17918
3584,17919
3584,17920
3585,17921
3585,17922
3585,17923
3585,17924
3585,17925
3586,17926
3586,17927
3586,17928
3586,17929
3586,17930
3587,17931
3587,17932
3587,17933
3587,17934
3587,17935
3588,17936
3588,17937
3588,17938
3588,17939
3588,17940
3589,17941
3589,17942
3589,17943
3589,17944
3589,17945
3590,17946
3590,17947
3590,17948
3590,17949
3590,17950
3591,17951
3591,17952
3591,17953
3591,17954
3591,17955
3592,17956
3592,17957
3592,17958
3592,17959
3592,17960
3593,17961
3593,17962
3593,17963
3593,17964
3593,17965
3594,17966
3594,17967
3594,17968
3594,17969
3594,17970
3595,17971
3595,17972
3595,17973
3595,17974
3595,17975
3596,17976
3596,17977
3596,17978
3596,17979
3596,17980
3597,17981
3597,17982
3597,17983
3597,17984
3597,17985
3598,17986
3598,17987
3598,17988
3598,17989
3598,17990
3599,17991
3599,17992
3599,17993
3599,17994
3599,17995
3600,17996
3600,17997
3600,17998
3600,17999
3600,18000
3601,18001
3601,18002
3601,18003
3601,18004
3601,18005
3602,18006
3602,18007
3602,18008
3602,18009
3602,18010
3603,18011
3603,18012
3603,18013
3603,18014
3603,18015
3604,18016
3604,18017
3604,18018
3604,18019
3604,18020
3605,18021
3605,18022
3605,18023
3605,18024
3605,18025
3606,18026
3606,18027
3606,18028
3606,18029
3606,18030
3607,18031
3607,18032
3607,18033
3607,18034
3607,18035
3608,18036
3608,18037
3608,18038
3608,18039
3608,18040
3609,18041
3609,18042
3609,18043
3609,18044
3609,18045
3610,18046
3610,18047
3610,18048
3610,18049
3610,18050
3611,18051
3611,18052
3611,18053
3611,18054
3611,18055
3612,18056
3612,18057
3612,18058
3612,18059
3612,18060
3613,18061
3613,18062
3613,18063
3613,18064
3613,18065
3614,18066
3614,18067
3614,18068
3614,18069
3614,18070
3615,18071
3615,18072
3615,18073
3615,18074
3615,18075
3616,18076
3616,18077
3616,18078
3616,18079
3616,18080
3617,18081
3617,18082
3617,18083
3617,18084
3617,18085
3618,18086
3618,18087
3618,18088
3618,18089
3618,18090
3619,18091
3619,18092
3619,18093
3619,18094
3619,18095
3620,18096
3620,18097
3620,18098
3620,18099
3620,18100
3621,18101
3621,18102
3621,18103
3621,18104
3621,18105
3622,18106
3622,18107
3622,18108
3622,18109
3622,18110
3623,18111
3623,18112
3623,18113
3623,18114
3623,18115
3624,18116
3624,18117
3624,18118
3624,18119
3624,18120
3625,18121
3625,18122
3625,18123
3625,18124
3625,18125
3626,18126
3626,18127
3626,18128
3626,18129
3626,18130
3627,18131
3627,18132
3627,18133
3627,18134
3627,18135
3628,18136
3628,18137
3628,18138
3628,18139
3628,18140
3629,18141
3629,18142
3629,18143
3629,18144
3629,18145
3630,18146
3630,18147
3630,18148
3630,18149
3630,18150
3631,18151
3631,18152
3631,18153
3631,18154
3631,18155
3632,18156
3632,18157
3632,18158
3632,18159
3632,18160
3633,18161
3633,18162
3633,18163
3633,18164
3633,18165
3634,18166
3634,18167
3634,18168
3634,18169
3634,18170
3635,18171
3635,18172
3635,18173
3635,18174
3635,18175
3636,18176
3636,18177
3636,18178
3636,18179
3636,18180
3637,18181
3637,18182
3637,18183
3637,18184
3637,18185
3638,18186
3638,18187
3638,18188
3638,18189
3638,18190
3639,18191
3639,18192
3639,18193
3639,18194
3639,18195
3640,18196
3640,18197
3640,18198
3640,18199
3640,18200
3641,18201
3641,18202
3641,18203
3641,18204
3641,18205
3642,18206
3642,18207
3642,18208
3642,18209
3642,18210
3643,18211
3643,18212
3643,18213
3643,18214
3643,18215
3644,18216
3644,18217
3644,18218
3644,18219
3644,18220
3645,18221
3645,18222
3645,18223
3645,18224
3645,18225
3646,18226
3646,18227
3646,18228
3646,18229
3646,18230
3647,18231
3647,18232
3647,18233
3647,18234
3647,18235
3648,18236
3648,18237
3648,18238
3648,18239
3648,18240
3649,18241
3649,18242
3649,18243
3649,18244
3649,18245
3650,18246
3650,18247
3650,18248
3650,18249
3650,18250
3651,18251
3651,18252
3651,18253
3651,18254
3651,18255
3652,18256
3652,18257
3652,18258
3652,18259
3652,18260
3653,18261
3653,18262
3653,18263
3653,18264
3653,18265
3654,18266
3654,18267
3654,18268
3654,18269
3654,18270
3655,18271
3655,18272
3655,18273
3655,18274
3655,18275
3656,18276
3656,18277
3656,18278
3656,18279
3656,18280
3657,18281
3657,18282
3657,18283
3657,18284
3657,18285
3658,18286
3658,18287
3658,18288
3658,18289
3658,18290
3659,18291
3659,18292
3659,18293
3659,18294
3659,18295
3660,18296
3660,18297
3660,18298
3660,18299
3660,18300
3661,18301
3661,18302
3661,18303
3661,18304
3661,18305
3662,18306
3662,18307
3662,18308
3662,18309
3662,18310
3663,18311
3663,18312
3663,18313
3663,18314
3663,18315
3664,18316
3664,18317
3664,18318
3664,18319
3664,18320
3665,18321
3665,18322
3665,18323
3665,18324
3665,18325
3666,18326
3666,18327
3666,18328
3666,18329
3666,18330
3667,18331
3667,18332
3667,18333
3667,18334
3667,18335
3668,18336
3668,18337
3668,18338
3668,18339
3668,18340
3669,18341
3669,18342
3669,18343
3669,18344
3669,18345
3670,18346
3670,18347
3670,18348
3670,18349
3670,18350
3671,18351
3671,18352
3671,18353
3671,18354
3671,18355
3672,18356
3672,18357
3672,18358
3672,18359
3672,18360
3673,18361
3673,18362
3673,18363
3673,18364
3673,18365
3674,18366
3674,18367
3674,18368
3674,18369
3674,18370
3675,18371
3675,18372
3675,18373
3675,18374
3675,18375
3676,18376
3676,18377
3676,18378
3676,18379
3676,18380
3677,18381
3677,18382
3677,18383
3677,18384
3677,18385
3678,18386
3678,18387
3678,18388
3678,18389
3678,18390
3679,18391
3679,18392
3679,18393
3679,18394
3679,18395
3680,18396
3680,18397
3680,18398
3680,18399
3680,18400
3681,18401
3681,18402
3681,18403
3681,18404
3681,18405
3682,18406
3682,18407
3682,18408
3682,18409
3682,18410
3683,18411
3683,18412
3683,18413
3683,18414
3683,18415
3684,18416
3684,18417
3684,18418
3684,18419
3684,18420
3685,18421
3685,18422
3685,18423
3685,18424
3685,18425
3686,18426
3686,18427
3686,18428
3686,18429
3686,18430
3687,18431
3687,18432
3687,18433
3687,18434
3687,18435
3688,18436
3688,18437
3688,18438
3688,18439
3688,18440
3689,18441
3689,18442
3689,18443
3689,18444
3689,18445
3690,18446
3690,18447
3690,18448
3690,18449
3690,18450
3691,18451
3691,18452
3691,18453
3691,18454
3691,18455
3692,18456
3692,18457
3692,18458
3692,18459
3692,18460
3693,18461
3693,18462
3693,18463
3693,18464
3693,18465
3694,18466
3694,18467
3694,18468
3694,18469
3694,18470
3695,18471
3695,18472
3695,18473
3695,18474
3695,18475
3696,18476
3696,18477
3696,18478
3696,18479
3696,18480
3697,18481
3697,18482
3697,18483
3697,18484
3697,18485
3698,18486
3698,18487
3698,18488
3698,18489
3698,18490
3699,18491
3699,18492
3699,18493
3699,18494
3699,18495
3700,18496
3700,18497
3700,18498
3700,18499
3700,18500
3701,18501
3701,18502
3701,18503
3701,18504
3701,18505
3702,18506
3702,18507
3702,18508
3702,18509
3702,18510
3703,18511
3703,18512
3703,18513
3703,18514
3703,18515
3704,18516
3704,18517
3704,18518
3704,18519
3704,18520
3705,18521
3705,18522
3705,18523
3705,18524
3705,18525
3706,18526
3706,18527
3706,18528
3706,18529
3706,18530
3707,18531
3707,18532
3707,18533
3707,18534
3707,18535
3708,18536
3708,18537
3708,18538
3708,18539
3708,18540
3709,18541
3709,18542
3709,18543
3709,18544
3709,18545
3710,18546
3710,18547
3710,18548
3710,18549
3710,18550
3711,18551
3711,18552
3711,18553
3711,18554
3711,18555
3712,18556
3712,18557
3712,18558
3712,18559
3712,18560
3713,18561
3713,18562
3713,18563
3713,18564
3713,18565
3714,18566
3714,18567
3714,18568
3714,18569
3714,18570
3715,18571
3715,18572
3715,18573
3715,18574
3715,18575
3716,18576
3716,18577
3716,18578
3716,18579
3716,18580
3717,18581
3717,18582
3717,18583
3717,18584
3717,18585
3718,18586
3718,18587
3718,18588
3718,18589
3718,18590
3719,18591
3719,18592
3719,18593
3719,18594
3719,18595
3720,18596
3720,18597
3720,18598
3720,18599
3720,18600
3721,18601
3721,18602
3721,18603
3721,18604
3721,18605
3722,18606
3722,18607
3722,18608
3722,18609
3722,18610
3723,18611
3723,18612
3723,18613
3723,18614
3723,18615
3724,18616
3724,18617
3724,18618
3724,18619
3724,18620
3725,18621
3725,18622
3725,18623
3725,18624
3725,18625
3726,18626
3726,18627
3726,18628
3726,18629
3726,18630
3727,18631
3727,18632
3727,18633
3727,18634
3727,18635
3728,18636
3728,18637
3728,18638
3728,18639
3728,18640
3729,18641
3729,18642
3729,18643
3729,18644
3729,18645
3730,18646
3730,18647
3730,18648
3730,18649
3730,18650
3731,18651
3731,18652
3731,18653
3731,18654
3731,18655
3732,18656
3732,18657
3732,18658
3732,18659
3732,18660
3733,18661
3733,18662
3733,18663
3733,18664
3733,18665
3734,18666
3734,18667
3734,18668
3734,18669
3734,18670
3735,18671
3735,18672
3735,18673
3735,18674
3735,18675
3736,18676
3736,18677
3736,18678
3736,18679
3736,18680
3737,18681
3737,18682
3737,18683
3737,18684
3737,18685
3738,18686
3738,18687
3738,18688
3738,18689
3738,18690
3739,18691
3739,18692
3739,18693
3739,18694
3739,18695
3740,18696
3740,18697
3740,18698
3740,18699
3740,18700
3741,18701
3741,18702
3741,18703
3741,18704
3741,18705
3742,18706
3742,18707
3742,18708
3742,18709
3742,18710
3743,18711
3743,18712
3743,18713
3743,18714
3743,18715
3744,18716
3744,18717
3744,18718
3744,18719
3744,18720
3745,18721
3745,18722
3745,18723
3745,18724
3745,18725
3746,18726
3746,18727
3746,18728
3746,18729
3746,18730
3747,18731
3747,18732
3747,18733
3747,18734
3747,18735
3748,18736
3748,18737
3748,18738
3748,18739
3748,18740
3749,18741
3749,18742
3749,18743
3749,18744
3749,18745
3750,18746
3750,18747
3750,18748
3750,18749
3750,18750
3751,18751
3751,18752
3751,18753
3751,18754
3751,18755
3752,18756
3752,18757
3752,18758
3752,18759
3752,18760
3753,18761
3753,18762
3753,18763
3753,18764
3753,18765
3754,18766
3754,18767
3754,18768
3754,18769
3754,18770
3755,18771
3755,18772
3755,18773
3755,18774
3755,18775
3756,18776
3756,18777
3756,18778
3756,18779
3756,18780
3757,18781
3757,18782
3757,18783
3757,18784
3757,18785
3758,18786
3758,18787
3758,18788
3758,18789
3758,18790
3759,18791
3759,18792
3759,18793
3759,18794
3759,18795
3760,18796
3760,18797
3760,18798
3760,18799
3760,18800
3761,18801
3761,18802
3761,18803
3761,18804
3761,18805
3762,18806
3762,18807
3762,18808
3762,18809
3762,18810
3763,18811
3763,18812
3763,18813
3763,18814
3763,18815
3764,18816
3764,18817
3764,18818
3764,18819
3764,18820
3765,18821
3765,18822
3765,18823
3765,18824
3765,18825
3766,18826
3766,18827
3766,18828
3766,18829
3766,18830
3767,18831
3767,18832
3767,18833
3767,18834
3767,18835
3768,18836
3768,18837
3768,18838
3768,18839
3768,18840
3769,18841
3769,18842
3769,18843
3769,18844
3769,18845
3770,18846
3770,18847
3770,18848
3770,18849
3770,18850
3771,18851
3771,18852
3771,18853
3771,18854
3771,18855
3772,18856
3772,18857
3772,18858
3772,18859
3772,18860
3773,18861
3773,18862
3773,18863
3773,18864
3773,18865
3774,18866
3774,18867
3774,18868
3774,18869
3774,18870
3775,18871
3775,18872
3775,18873
3775,18874
3775,18875
3776,18876
3776,18877
3776,18878
3776,18879
3776,18880
3777,18881
3777,18882
3777,18883
3777,18884
3777,18885
3778,18886
3778,18887
3778,18888
3778,18889
3778,18890
3779,18891
3779,18892
3779,18893
3779,18894
3779,18895
3780,18896
3780,18897
3780,18898
3780,18899
3780,18900
3781,18901
3781,18902
3781,18903
3781,18904
3781,18905
3782,18906
3782,18907
3782,18908
3782,18909
3782,18910
3783,18911
3783,18912
3783,18913
3783,18914
3783,18915
3784,18916
3784,18917
3784,18918
3784,18919
3784,18920
3785,18921
3785,18922
3785,18923
3785,18924
3785,18925
3786,18926
3786,18927
3786,18928
3786,18929
3786,18930
3787,18931
3787,18932
3787,18933
3787,18934
3787,18935
3788,18936
3788,18937
3788,18938
3788,18939
3788,18940
3789,18941
3789,18942
3789,18943
3789,18944
3789,18945
3790,18946
3790,18947
3790,18948
3790,18949
3790,18950
3791,18951
3791,18952
3791,18953
3791,18954
3791,18955
3792,18956
3792,18957
3792,18958
3792,18959
3792,18960
3793,18961
3793,18962
3793,18963
3793,18964
3793,18965
3794,18966
3794,18967
3794,18968
3794,18969
3794,18970
3795,18971
3795,18972
3795,18973
3795,18974
3795,18975
3796,18976
3796,18977
3796,18978
3796,18979
3796,18980
3797,18981
3797,18982
3797,18983
3797,18984
3797,18985
3798,18986
3798,18987
3798,18988
3798,18989
3798,18990
3799,18991
3799,18992
3799,18993
3799,18994
3799,18995
3800,18996
3800,18997
3800,18998
3800,18999
3800,19000
3801,19001
3801,19002
3801,19003
3801,19004
3801,19005
3802,19006
3802,19007
3802,19008
3802,19009
3802,19010
3803,19011
3803,19012
3803,19013
3803,19014
3803,19015
3804,19016
3804,19017
3804,19018
3804,19019
3804,19020
3805,19021
3805,19022
3805,19023
3805,19024
3805,19025
3806,19026
3806,19027
3806,19028
3806,19029
3806,19030
3807,19031
3807,19032
3807,19033
3807,19034
3807,19035
3808,19036
3808,19037
3808,19038
3808,19039
3808,19040
3809,19041
3809,19042
3809,19043
3809,19044
3809,19045
3810,19046
3810,19047
3810,19048
3810,19049
3810,19050
3811,19051
3811,19052
3811,19053
3811,19054
3811,19055
3812,19056
3812,19057
3812,19058
3812,19059
3812,19060
3813,19061
3813,19062
3813,19063
3813,19064
3813,19065
3814,19066
3814,19067
3814,19068
3814,19069
3814,19070
3815,19071
3815,19072
3815,19073
3815,19074
3815,19075
3816,19076
3816,19077
3816,19078
3816,19079
3816,19080
3817,19081
3817,19082
3817,19083
3817,19084
3817,19085
3818,19086
3818,19087
3818,19088
3818,19089
3818,19090
3819,19091
3819,19092
3819,19093
3819,19094
3819,19095
3820,19096
3820,19097
3820,19098
3820,19099
3820,19100
3821,19101
3821,19102
3821,19103
3821,19104
3821,19105
3822,19106
3822,19107
3822,19108
3822,19109
3822,19110
3823,19111
3823,19112
3823,19113
3823,19114
3823,19115
3824,19116
3824,19117
3824,19118
3824,19119
3824,19120
3825,19121
3825,19122
3825,19123
3825,19124
3825,19125
3826,19126
3826,19127
3826,19128
3826,19129
3826,19130
3827,19131
3827,19132
3827,19133
3827,19134
3827,19135
3828,19136
3828,19137
3828,19138
3828,19139
3828,19140
3829,19141
3829,19142
3829,19143
3829,19144
3829,19145
3830,19146
3830,19147
3830,19148
3830,19149
3830,19150
3831,19151
3831,19152
3831,19153
3831,19154
3831,19155
3832,19156
3832,19157
3832,19158
3832,19159
3832,19160
3833,19161
3833,19162
3833,19163
3833,19164
3833,19165
3834,19166
3834,19167
3834,19168
3834,19169
3834,19170
3835,19171
3835,19172
3835,19173
3835,19174
3835,19175
3836,19176
3836,19177
3836,19178
3836,19179
3836,19180
3837,19181
3837,19182
3837,19183
3837,19184
3837,19185
3838,19186
3838,19187
3838,19188
3838,19189
3838,19190
3839,19191
3839,19192
3839,19193
3839,19194
3839,19195
3840,19196
3840,19197
3840,19198
3840,19199
3840,19200
3841,19201
3841,19202
3841,19203
3841,19204
3841,19205
3842,19206
3842,19207
3842,19208
3842,19209
3842,19210
3843,19211
3843,19212
3843,19213
3843,19214
3843,19215
3844,19216
3844,19217
3844,19218
3844,19219
3844,19220
3845,19221
3845,19222
3845,19223
3845,19224
3845,19225
3846,19226
3846,19227
3846,19228
3846,19229
3846,19230
3847,19231
3847,19232
3847,19233
3847,19234
3847,19235
3848,19236
3848,19237
3848,19238
3848,19239
3848,19240
3849,19241
3849,19242
3849,19243
3849,19244
3849,19245
3850,19246
3850,19247
3850,19248
3850,19249
3850,19250
3851,19251
3851,19252
3851,19253
3851,19254
3851,19255
3852,19256
3852,19257
3852,19258
3852,19259
3852,19260
3853,19261
3853,19262
3853,19263
3853,19264
3853,19265
3854,19266
3854,19267
3854,19268
3854,19269
3854,19270
3855,19271
3855,19272
3855,19273
3855,19274
3855,19275
3856,19276
3856,19277
3856,19278
3856,19279
3856,19280
3857,19281
3857,19282
3857,19283
3857,19284
3857,19285
3858,19286
3858,19287
3858,19288
3858,19289
3858,19290
3859,19291
3859,19292
3859,19293
3859,19294
3859,19295
3860,19296
3860,19297
3860,19298
3860,19299
3860,19300
3861,19301
3861,19302
3861,19303
3861,19304
3861,19305
3862,19306
3862,19307
3862,19308
3862,19309
3862,19310
3863,19311
3863,19312
3863,19313
3863,19314
3863,19315
3864,19316
3864,19317
3864,19318
3864,19319
3864,19320
3865,19321
3865,19322
3865,19323
3865,19324
3865,19325
3866,19326
3866,19327
3866,19328
3866,19329
3866,19330
3867,19331
3867,19332
3867,19333
3867,19334
3867,19335
3868,19336
3868,19337
3868,19338
3868,19339
3868,19340
3869,19341
3869,19342
3869,19343
3869,19344
3869,19345
3870,19346
3870,19347
3870,19348
3870,19349
3870,19350
3871,19351
3871,19352
3871,19353
3871,19354
3871,19355
3872,19356
3872,19357
3872,19358
3872,19359
3872,19360
3873,19361
3873,19362
3873,19363
3873,19364
3873,19365
3874,19366
3874,19367
3874,19368
3874,19369
3874,19370
3875,19371
3875,19372
3875,19373
3875,19374
3875,19375
3876,19376
3876,19377
3876,19378
3876,19379
3876,19380
3877,19381
3877,19382
3877,19383
3877,19384
3877,19385
3878,19386
3878,19387
3878,19388
3878,19389
3878,19390
3879,19391
3879,19392
3879,19393
3879,19394
3879,19395
3880,19396
3880,19397
3880,19398
3880,19399
3880,19400
3881,19401
3881,19402
3881,19403
3881,19404
3881,19405
3882,19406
3882,19407
3882,19408
3882,19409
3882,19410
3883,19411
3883,19412
3883,19413
3883,19414
3883,19415
3884,19416
3884,19417
3884,19418
3884,19419
3884,19420
3885,19421
3885,19422
3885,19423
3885,19424
3885,19425
3886,19426
3886,19427
3886,19428
3886,19429
3886,19430
3887,19431
3887,19432
3887,19433
3887,19434
3887,19435
3888,19436
3888,19437
3888,19438
3888,19439
3888,19440
3889,19441
3889,19442
3889,19443
3889,19444
3889,19445
3890,19446
3890,19447
3890,19448
3890,19449
3890,19450
3891,19451
3891,19452
3891,19453
3891,19454
3891,19455
3892,19456
3892,19457
3892,19458
3892,19459
3892,19460
3893,19461
3893,19462
3893,19463
3893,19464
3893,19465
3894,19466
3894,19467
3894,19468
3894,19469
3894,19470
3895,19471
3895,19472
3895,19473
3895,19474
3895,19475
3896,19476
3896,19477
3896,19478
3896,19479
3896,19480
3897,19481
3897,19482
3897,19483
3897,19484
3897,19485
3898,19486
3898,19487
3898,19488
3898,19489
3898,19490
3899,19491
3899,19492
3899,19493
3899,19494
3899,19495
3900,19496
3900,19497
3900,19498
3900,19499
3900,19500
3901,19501
3901,19502
3901,19503
3901,19504
3901,19505
3902,19506
3902,19507
3902,19508
3902,19509
3902,19510
3903,19511
3903,19512
3903,19513
3903,19514
3903,19515
3904,19516
3904,19517
3904,19518
3904,19519
3904,19520
3905,19521
3905,19522
3905,19523
3905,19524
3905,19525
3906,19526
3906,19527
3906,19528
3906,19529
3906,19530
3907,19531
3907,19532
3907,19533
3907,19534
3907,19535
3908,19536
3908,19537
3908,19538
3908,19539
3908,19540
3909,19541
3909,19542
3909,19543
3909,19544
3909,19545
3910,19546
3910,19547
3910,19548
3910,19549
3910,19550
3911,19551
3911,19552
3911,19553
3911,19554
3911,19555
3912,19556
3912,19557
3912,19558
3912,19559
3912,19560
3913,19561
3913,19562
3913,19563
3913,19564
3913,19565
3914,19566
3914,19567
3914,19568
3914,19569
3914,19570
3915,19571
3915,19572
3915,19573
3915,19574
3915,19575
3916,19576
3916,19577
3916,19578
3916,19579
3916,19580
3917,19581
3917,19582
3917,19583
3917,19584
3917,19585
3918,19586
3918,19587
3918,19588
3918,19589
3918,19590
3919,19591
3919,19592
3919,19593
3919,19594
3919,19595
3920,19596
3920,19597
3920,19598
3920,19599
3920,19600
3921,19601
3921,19602
3921,19603
3921,19604
3921,19605
3922,19606
3922,19607
3922,19608
3922,19609
3922,19610
3923,19611
3923,19612
3923,19613
3923,19614
3923,19615
3924,19616
3924,19617
3924,19618
3924,19619
3924,19620
3925,19621
3925,19622
3925,19623
3925,19624
3925,19625
3926,19626
3926,19627
3926,19628
3926,19629
3926,19630
3927,19631
3927,19632
3927,19633
3927,19634
3927,19635
3928,19636
3928,19637
3928,19638
3928,19639
3928,19640
3929,19641
3929,19642
3929,19643
3929,19644
3929,19645
3930,19646
3930,19647
3930,19648
3930,19649
3930,19650
3931,19651
3931,19652
3931,19653
3931,19654
3931,19655
3932,19656
3932,19657
3932,19658
3932,19659
3932,19660
3933,19661
3933,19662
3933,19663
3933,19664
3933,19665
3934,19666
3934,19667
3934,19668
3934,19669
3934,19670
3935,19671
3935,19672
3935,19673
3935,19674
3935,19675
3936,19676
3936,19677
3936,19678
3936,19679
3936,19680
3937,19681
3937,19682
3937,19683
3937,19684
3937,19685
3938,19686
3938,19687
3938,19688
3938,19689
3938,19690
3939,19691
3939,19692
3939,19693
3939,19694
3939,19695
3940,19696
3940,19697
3940,19698
3940,19699
3940,19700
3941,19701
3941,19702
3941,19703
3941,19704
3941,19705
3942,19706
3942,19707
3942,19708
3942,19709
3942,19710
3943,19711
3943,19712
3943,19713
3943,19714
3943,19715
3944,19716
3944,19717
3944,19718
3944,19719
3944,19720
3945,19721
3945,19722
3945,19723
3945,19724
3945,19725
3946,19726
3946,19727
3946,19728
3946,19729
3946,19730
3947,19731
3947,19732
3947,19733
3947,19734
3947,19735
3948,19736
3948,19737
3948,19738
3948,19739
3948,19740
3949,19741
3949,19742
3949,19743
3949,19744
3949,19745
3950,19746
3950,19747
3950,19748
3950,19749
3950,19750
3951,19751
3951,19752
3951,19753
3951,19754
3951,19755
3952,19756
3952,19757
3952,19758
3952,19759
3952,19760
3953,19761
3953,19762
3953,19763
3953,19764
3953,19765
3954,19766
3954,19767
3954,19768
3954,19769
3954,19770
3955,19771
3955,19772
3955,19773
3955,19774
3955,19775
3956,19776
3956,19777
3956,19778
3956,19779
3956,19780
3957,19781
3957,19782
3957,19783
3957,19784
3957,19785
3958,19786
3958,19787
3958,19788
3958,19789
3958,19790
3959,19791
3959,19792
3959,19793
3959,19794
3959,19795
3960,19796
3960,19797
3960,19798
3960,19799
3960,19800
3961,19801
3961,19802
3961,19803
3961,19804
3961,19805
3962,19806
3962,19807
3962,19808
3962,19809
3962,19810
3963,19811
3963,19812
3963,19813
3963,19814
3963,19815
3964,19816
3964,19817
3964,19818
3964,19819
3964,19820
3965,19821
3965,19822
3965,19823
3965,19824
3965,19825
3966,19826
3966,19827
3966,19828
3966,19829
3966,19830
3967,19831
3967,19832
3967,19833
3967,19834
3967,19835
3968,19836
3968,19837
3968,19838
3968,19839
3968,19840
3969,19841
3969,19842
3969,19843
3969,19844
3969,19845
3970,19846
3970,19847
3970,19848
3970,19849
3970,19850
3971,19851
3971,19852
3971,19853
3971,19854
3971,19855
3972,19856
3972,19857
3972,19858
3972,19859
3972,19860
3973,19861
3973,19862
3973,19863
3973,19864
3973,19865
3974,19866
3974,19867
3974,19868
3974,19869
3974,19870
3975,19871
3975,19872
3975,19873
3975,19874
3975,19875
3976,19876
3976,19877
3976,19878
3976,19879
3976,19880
3977,19881
3977,19882
3977,19883
3977,19884
3977,19885
3978,19886
3978,19887
3978,19888
3978,19889
3978,19890
3979,19891
3979,19892
3979,19893
3979,19894
3979,19895
3980,19896
3980,19897
3980,19898
3980,19899
3980,19900
3981,19901
3981,19902
3981,19903
3981,19904
3981,19905
3982,19906
3982,19907
3982,19908
3982,19909
3982,19910
3983,19911
3983,19912
3983,19913
3983,19914
3983,19915
3984,19916
3984,19917
3984,19918
3984,19919
3984,19920
3985,19921
3985,19922
3985,19923
3985,19924
3985,19925
3986,19926
3986,19927
3986,19928
3986,19929
3986,19930
3987,19931
3987,19932
3987,19933
3987,19934
3987,19935
3988,19936
3988,19937
3988,19938
3988,19939
3988,19940
3989,19941
3989,19942
3989,19943
3989,19944
3989,19945
3990,19946
3990,19947
3990,19948
3990,19949
3990,19950
3991,19951
3991,19952
3991,19953
3991,19954
3991,19955
3992,19956
3992,19957
3992,19958
3992,19959
3992,19960
3993,19961
3993,19962
3993,19963
3993,19964
3993,19965
3994,19966
3994,19967
3994,19968
3994,19969
3994,19970
3995,19971
3995,19972
3995,19973
3995,19974
3995,19975
3996,19976
3996,19977
3996,19978
3996,19979
3996,19980
3997,19981
3997,19982
3997,19983
3997,19984
3997,19985
3998,19986
3998,19987
3998,19988
3998,19989
3998,19990
3999,19991
3999,19992
3999,19993
3999,19994
3999,19995
4000,19996
4000,19997
4000,19998
4000,19999
4000,20000
4001,20001
4001,20002
4001,20003
4001,20004
4001,20005
4002,20006
4002,20007
4002,20008
4002,20009
4002,20010
4003,20011
4003,20012
4003,20013
4003,20014
4003,20015
4004,20016
4004,20017
4004,20018
4004,20019
4004,20020
4005,20021
4005,20022
4005,20023
4005,20024
4005,20025
4006,20026
4006,20027
4006,20028
4006,20029
4006,20030
4007,20031
4007,20032
4007,20033
4007,20034
4007,20035
4008,20036
4008,20037
4008,20038
4008,20039
4008,20040
4009,20041
4009,20042
4009,20043
4009,20044
4009,20045
4010,20046
4010,20047
4010,20048
4010,20049
4010,20050
4011,20051
4011,20052
4011,20053
4011,20054
4011,20055
4012,20056
4012,20057
4012,20058
4012,20059
4012,20060
4013,20061
4013,20062
4013,20063
4013,20064
4013,20065
4014,20066
4014,20067
4014,20068
4014,20069
4014,20070
4015,20071
4015,20072
4015,20073
4015,20074
4015,20075
4016,20076
4016,20077
4016,20078
4016,20079
4016,20080
4017,20081
4017,20082
4017,20083
4017,20084
4017,20085
4018,20086
4018,20087
4018,20088
4018,20089
4018,20090
4019,20091
4019,20092
4019,20093
4019,20094
4019,20095
4020,20096
4020,20097
4020,20098
4020,20099
4020,20100
4021,20101
4021,20102
4021,20103
4021,20104
4021,20105
4022,20106
4022,20107
4022,20108
4022,20109
4022,20110
4023,20111
4023,20112
4023,20113
4023,20114
4023,20115
4024,20116
4024,20117
4024,20118
4024,20119
4024,20120
4025,20121
4025,20122
4025,20123
4025,20124
4025,20125
4026,20126
4026,20127
4026,20128
4026,20129
4026,20130
4027,20131
4027,20132
4027,20133
4027,20134
4027,20135
4028,20136
4028,20137
4028,20138
4028,20139
4028,20140
4029,20141
4029,20142
4029,20143
4029,20144
4029,20145
4030,20146
4030,20147
4030,20148
4030,20149
4030,20150
4031,20151
4031,20152
4031,20153
4031,20154
4031,20155
4032,20156
4032,20157
4032,20158
4032,20159
4032,20160
4033,20161
4033,20162
4033,20163
4033,20164
4033,20165
4034,20166
4034,20167
4034,20168
4034,20169
4034,20170
4035,20171
4035,20172
4035,20173
4035,20174
4035,20175
4036,20176
4036,20177
4036,20178
4036,20179
4036,20180
4037,20181
4037,20182
4037,20183
4037,20184
4037,20185
4038,20186
4038,20187
4038,20188
4038,20189
4038,20190
4039,20191
4039,20192
4039,20193
4039,20194
4039,20195
4040,20196
4040,20197
4040,20198
4040,20199
4040,20200
4041,20201
4041,20202
4041,20203
4041,20204
4041,20205
4042,20206
4042,20207
4042,20208
4042,20209
4042,20210
4043,20211
4043,20212
4043,20213
4043,20214
4043,20215
4044,20216
4044,20217
4044,20218
4044,20219
4044,20220
4045,20221
4045,20222
4045,20223
4045,20224
4045,20225
4046,20226
4046,20227
4046,20228
4046,20229
4046,20230
4047,20231
4047,20232
4047,20233
4047,20234
4047,20235
4048,20236
4048,20237
4048,20238
4048,20239
4048,20240
4049,20241
4049,20242
4049,20243
4049,20244
4049,20245
4050,20246
4050,20247
4050,20248
4050,20249
4050,20250
4051,20251
4051,20252
4051,20253
4051,20254
4051,20255
4052,20256
4052,20257
4052,20258
4052,20259
4052,20260
4053,20261
4053,20262
4053,20263
4053,20264
4053,20265
4054,20266
4054,20267
4054,20268
4054,20269
4054,20270
4055,20271
4055,20272
4055,20273
4055,20274
4055,20275
4056,20276
4056,20277
4056,20278
4056,20279
4056,20280
4057,20281
4057,20282
4057,20283
4057,20284
4057,20285
4058,20286
4058,20287
4058,20288
4058,20289
4058,20290
4059,20291
4059,20292
4059,20293
4059,20294
4059,20295
4060,20296
4060,20297
4060,20298
4060,20299
4060,20300
4061,20301
4061,20302
4061,20303
4061,20304
4061,20305
4062,20306
4062,20307
4062,20308
4062,20309
4062,20310
4063,20311
4063,20312
4063,20313
4063,20314
4063,20315
4064,20316
4064,20317
4064,20318
4064,20319
4064,20320
4065,20321
4065,20322
4065,20323
4065,20324
4065,20325
4066,20326
4066,20327
4066,20328
4066,20329
4066,20330
4067,20331
4067,20332
4067,20333
4067,20334
4067,20335
4068,20336
4068,20337
4068,20338
4068,20339
4068,20340
4069,20341
4069,20342
4069,20343
4069,20344
4069,20345
4070,20346
4070,20347
4070,20348
4070,20349
4070,20350
4071,20351
4071,20352
4071,20353
4071,20354
4071,20355
4072,20356
4072,20357
4072,20358
4072,20359
4072,20360
4073,20361
4073,20362
4073,20363
4073,20364
4073,20365
4074,20366
4074,20367
4074,20368
4074,20369
4074,20370
4075,20371
4075,20372
4075,20373
4075,20374
4075,20375
4076,20376
4076,20377
4076,20378
4076,20379
4076,20380
4077,20381
4077,20382
4077,20383
4077,20384
4077,20385
4078,20386
4078,20387
4078,20388
4078,20389
4078,20390
4079,20391
4079,20392
4079,20393
4079,20394
4079,20395
4080,20396
4080,20397
4080,20398
4080,20399
4080,20400
4081,20401
4081,20402
4081,20403
4081,20404
4081,20405
4082,20406
4082,20407
4082,20408
4082,20409
4082,20410
4083,20411
4083,20412
4083,20413
4083,20414
4083,20415
4084,20416
4084,20417
4084,20418
4084,20419
4084,20420
4085,20421
4085,20422
4085,20423
4085,20424
4085,20425
4086,20426
4086,20427
4086,20428
4086,20429
4086,20430
4087,20431
4087,20432
4087,20433
4087,20434
4087,20435
4088,20436
4088,20437
4088,20438
4088,20439
4088,20440
4089,20441
4089,20442
4089,20443
4089,20444
4089,20445
4090,20446
4090,20447
4090,20448
4090,20449
4090,20450
4091,20451
4091,20452
4091,20453
4091,20454
4091,20455
4092,20456
4092,20457
4092,20458
4092,20459
4092,20460
4093,20461
4093,20462
4093,20463
4093,20464
4093,20465
4094,20466
4094,20467
4094,20468
4094,20469
4094,20470
4095,20471
4095,20472
4095,20473
4095,20474
4095,20475
4096,20476
4096,20477
4096,20478
4096,20479
4096,20480
4097,20481
4097,20482
4097,20483
4097,20484
4097,20485
4098,20486
4098,20487
4098,20488
4098,20489
4098,20490
4099,20491
4099,20492
4099,20493
4099,20494
4099,20495
4100,20496
4100,20497
4100,20498
4100,20499
4100,20500
4101,20501
4101,20502
4101,20503
4101,20504
4101,20505
4102,20506
4102,20507
4102,20508
4102,20509
4102,20510
4103,20511
4103,20512
4103,20513
4103,20514
4103,20515
4104,20516
4104,20517
4104,20518
4104,20519
4104,20520
4105,20521
4105,20522
4105,20523
4105,20524
4105,20525
4106,20526
4106,20527
4106,20528
4106,20529
4106,20530
4107,20531
4107,20532
4107,20533
4107,20534
4107,20535
4108,20536
4108,20537
4108,20538
4108,20539
4108,20540
4109,20541
4109,20542
4109,20543
4109,20544
4109,20545
4110,20546
4110,20547
4110,20548
4110,20549
4110,20550
4111,20551
4111,20552
4111,20553
4111,20554
4111,20555
4112,20556
4112,20557
4112,20558
4112,20559
4112,20560
4113,20561
4113,20562
4113,20563
4113,20564
4113,20565
4114,20566
4114,20567
4114,20568
4114,20569
4114,20570
4115,20571
4115,20572
4115,20573
4115,20574
4115,20575
4116,20576
4116,20577
4116,20578
4116,20579
4116,20580
4117,20581
4117,20582
4117,20583
4117,20584
4117,20585
4118,20586
4118,20587
4118,20588
4118,20589
4118,20590
4119,20591
4119,20592
4119,20593
4119,20594
4119,20595
4120,20596
4120,20597
4120,20598
4120,20599
4120,20600
4121,20601
4121,20602
4121,20603
4121,20604
4121,20605
4122,20606
4122,20607
4122,20608
4122,20609
4122,20610
4123,20611
4123,20612
4123,20613
4123,20614
4123,20615
4124,20616
4124,20617
4124,20618
4124,20619
4124,20620
4125,20621
4125,20622
4125,20623
4125,20624
4125,20625
4126,20626
4126,20627
4126,20628
4126,20629
4126,20630
4127,20631
4127,20632
4127,20633
4127,20634
4127,20635
4128,20636
4128,20637
4128,20638
4128,20639
4128,20640
4129,20641
4129,20642
4129,20643
4129,20644
4129,20645
4130,20646
4130,20647
4130,20648
4130,20649
4130,20650
4131,20651
4131,20652
4131,20653
4131,20654
4131,20655
4132,20656
4132,20657
4132,20658
4132,20659
4132,20660
4133,20661
4133,20662
4133,20663
4133,20664
4133,20665
4134,20666
4134,20667
4134,20668
4134,20669
4134,20670
4135,20671
4135,20672
4135,20673
4135,20674
4135,20675
4136,20676
4136,20677
4136,20678
4136,20679
4136,20680
4137,20681
4137,20682
4137,20683
4137,20684
4137,20685
4138,20686
4138,20687
4138,20688
4138,20689
4138,20690
4139,20691
4139,20692
4139,20693
4139,20694
4139,20695
4140,20696
4140,20697
4140,20698
4140,20699
4140,20700
4141,20701
4141,20702
4141,20703
4141,20704
4141,20705
4142,20706
4142,20707
4142,20708
4142,20709
4142,20710
4143,20711
4143,20712
4143,20713
4143,20714
4143,20715
4144,20716
4144,20717
4144,20718
4144,20719
4144,20720
4145,20721
4145,20722
4145,20723
4145,20724
4145,20725
4146,20726
4146,20727
4146,20728
4146,20729
4146,20730
4147,20731
4147,20732
4147,20733
4147,20734
4147,20735
4148,20736
4148,20737
4148,20738
4148,20739
4148,20740
4149,20741
4149,20742
4149,20743
4149,20744
4149,20745
4150,20746
4150,20747
4150,20748
4150,20749
4150,20750
4151,20751
4151,20752
4151,20753
4151,20754
4151,20755
4152,20756
4152,20757
4152,20758
4152,20759
4152,20760
4153,20761
4153,20762
4153,20763
4153,20764
4153,20765
4154,20766
4154,20767
4154,20768
4154,20769
4154,20770
4155,20771
4155,20772
4155,20773
4155,20774
4155,20775
4156,20776
4156,20777
4156,20778
4156,20779
4156,20780
4157,20781
4157,20782
4157,20783
4157,20784
4157,20785
4158,20786
4158,20787
4158,20788
4158,20789
4158,20790
4159,20791
4159,20792
4159,20793
4159,20794
4159,20795
4160,20796
4160,20797
4160,20798
4160,20799
4160,20800
4161,20801
4161,20802
4161,20803
4161,20804
4161,20805
4162,20806
4162,20807
4162,20808
4162,20809
4162,20810
4163,20811
4163,20812
4163,20813
4163,20814
4163,20815
4164,20816
4164,20817
4164,20818
4164,20819
4164,20820
4165,20821
4165,20822
4165,20823
4165,20824
4165,20825
4166,20826
4166,20827
4166,20828
4166,20829
4166,20830
4167,20831
4167,20832
4167,20833
4167,20834
4167,20835
4168,20836
4168,20837
4168,20838
4168,20839
4168,20840
4169,20841
4169,20842
4169,20843
4169,20844
4169,20845
4170,20846
4170,20847
4170,20848
4170,20849
4170,20850
4171,20851
4171,20852
4171,20853
4171,20854
4171,20855
4172,20856
4172,20857
4172,20858
4172,20859
4172,20860
4173,20861
4173,20862
4173,20863
4173,20864
4173,20865
4174,20866
4174,20867
4174,20868
4174,20869
4174,20870
4175,20871
4175,20872
4175,20873
4175,20874
4175,20875
4176,20876
4176,20877
4176,20878
4176,20879
4176,20880
4177,20881
4177,20882
4177,20883
4177,20884
4177,20885
4178,20886
4178,20887
4178,20888
4178,20889
4178,20890
4179,20891
4179,20892
4179,20893
4179,20894
4179,20895
4180,20896
4180,20897
4180,20898
4180,20899
4180,20900
4181,20901
4181,20902
4181,20903
4181,20904
4181,20905
4182,20906
4182,20907
4182,20908
4182,20909
4182,20910
4183,20911
4183,20912
4183,20913
4183,20914
4183,20915
4184,20916
4184,20917
4184,20918
4184,20919
4184,20920
4185,20921
4185,20922
4185,20923
4185,20924
4185,20925
4186,20926
4186,20927
4186,20928
4186,20929
4186,20930
4187,20931
4187,20932
4187,20933
4187,20934
4187,20935
4188,20936
4188,20937
4188,20938
4188,20939
4188,20940
4189,20941
4189,20942
4189,20943
4189,20944
4189,20945
4190,20946
4190,20947
4190,20948
4190,20949
4190,20950
4191,20951
4191,20952
4191,20953
4191,20954
4191,20955
4192,20956
4192,20957
4192,20958
4192,20959
4192,20960
4193,20961
4193,20962
4193,20963
4193,20964
4193,20965
4194,20966
4194,20967
4194,20968
4194,20969
4194,20970
4195,20971
4195,20972
4195,20973
4195,20974
4195,20975
4196,20976
4196,20977
4196,20978
4196,20979
4196,20980
4197,20981
4197,20982
4197,20983
4197,20984
4197,20985
4198,20986
4198,20987
4198,20988
4198,20989
4198,20990
4199,20991
4199,20992
4199,20993
4199,20994
4199,20995
4200,20996
4200,20997
4200,20998
4200,20999
4200,21000
4201,21001
4201,21002
4201,21003
4201,21004
4201,21005
4202,21006
4202,21007
4202,21008
4202,21009
4202,21010
4203,21011
4203,21012
4203,21013
4203,21014
4203,21015
4204,21016
4204,21017
4204,21018
4204,21019
4204,21020
4205,21021
4205,21022
4205,21023
4205,21024
4205,21025
4206,21026
4206,21027
4206,21028
4206,21029
4206,21030
4207,21031
4207,21032
4207,21033
4207,21034
4207,21035
4208,21036
4208,21037
4208,21038
4208,21039
4208,21040
4209,21041
4209,21042
4209,21043
4209,21044
4209,21045
4210,21046
4210,21047
4210,21048
4210,21049
4210,21050
4211,21051
4211,21052
4211,21053
4211,21054
4211,21055
4212,21056
4212,21057
4212,21058
4212,21059
4212,21060
4213,21061
4213,21062
4213,21063
4213,21064
4213,21065
4214,21066
4214,21067
4214,21068
4214,21069
4214,21070
4215,21071
4215,21072
4215,21073
4215,21074
4215,21075
4216,21076
4216,21077
4216,21078
4216,21079
4216,21080
4217,21081
4217,21082
4217,21083
4217,21084
4217,21085
4218,21086
4218,21087
4218,21088
4218,21089
4218,21090
4219,21091
4219,21092
4219,21093
4219,21094
4219,21095
4220,21096
4220,21097
4220,21098
4220,21099
4220,21100
4221,21101
4221,21102
4221,21103
4221,21104
4221,21105
4222,21106
4222,21107
4222,21108
4222,21109
4222,21110
4223,21111
4223,21112
4223,21113
4223,21114
4223,21115
4224,21116
4224,21117
4224,21118
4224,21119
4224,21120
4225,21121
4225,21122
4225,21123
4225,21124
4225,21125
4226,21126
4226,21127
4226,21128
4226,21129
4226,21130
4227,21131
4227,21132
4227,21133
4227,21134
4227,21135
4228,21136
4228,21137
4228,21138
4228,21139
4228,21140
4229,21141
4229,21142
4229,21143
4229,21144
4229,21145
4230,21146
4230,21147
4230,21148
4230,21149
4230,21150
4231,21151
4231,21152
4231,21153
4231,21154
4231,21155
4232,21156
4232,21157
4232,21158
4232,21159
4232,21160
4233,21161
4233,21162
4233,21163
4233,21164
4233,21165
4234,21166
4234,21167
4234,21168
4234,21169
4234,21170
4235,21171
4235,21172
4235,21173
4235,21174
4235,21175
4236,21176
4236,21177
4236,21178
4236,21179
4236,21180
4237,21181
4237,21182
4237,21183
4237,21184
4237,21185
4238,21186
4238,21187
4238,21188
4238,21189
4238,21190
4239,21191
4239,21192
4239,21193
4239,21194
4239,21195
4240,21196
4240,21197
4240,21198
4240,21199
4240,21200
4241,21201
4241,21202
4241,21203
4241,21204
4241,21205
4242,21206
4242,21207
4242,21208
4242,21209
4242,21210
4243,21211
4243,21212
4243,21213
4243,21214
4243,21215
4244,21216
4244,21217
4244,21218
4244,21219
4244,21220
4245,21221
4245,21222
4245,21223
4245,21224
4245,21225
4246,21226
4246,21227
4246,21228
4246,21229
4246,21230
4247,21231
4247,21232
4247,21233
4247,21234
4247,21235
4248,21236
4248,21237
4248,21238
4248,21239
4248,21240
4249,21241
4249,21242
4249,21243
4249,21244
4249,21245
4250,21246
4250,21247
4250,21248
4250,21249
4250,21250
4251,21251
4251,21252
4251,21253
4251,21254
4251,21255
4252,21256
4252,21257
4252,21258
4252,21259
4252,21260
4253,21261
4253,21262
4253,21263
4253,21264
4253,21265
4254,21266
4254,21267
4254,21268
4254,21269
4254,21270
4255,21271
4255,21272
4255,21273
4255,21274
4255,21275
4256,21276
4256,21277
4256,21278
4256,21279
4256,21280
4257,21281
4257,21282
4257,21283
4257,21284
4257,21285
4258,21286
4258,21287
4258,21288
4258,21289
4258,21290
4259,21291
4259,21292
4259,21293
4259,21294
4259,21295
4260,21296
4260,21297
4260,21298
4260,21299
4260,21300
4261,21301
4261,21302
4261,21303
4261,21304
4261,21305
4262,21306
4262,21307
4262,21308
4262,21309
4262,21310
4263,21311
4263,21312
4263,21313
4263,21314
4263,21315
4264,21316
4264,21317
4264,21318
4264,21319
4264,21320
4265,21321
4265,21322
4265,21323
4265,21324
4265,21325
4266,21326
4266,21327
4266,21328
4266,21329
4266,21330
4267,21331
4267,21332
4267,21333
4267,21334
4267,21335
4268,21336
4268,21337
4268,21338
4268,21339
4268,21340
4269,21341
4269,21342
4269,21343
4269,21344
4269,21345
4270,21346
4270,21347
4270,21348
4270,21349
4270,21350
4271,21351
4271,21352
4271,21353
4271,21354
4271,21355
4272,21356
4272,21357
4272,21358
4272,21359
4272,21360
4273,21361
4273,21362
4273,21363
4273,21364
4273,21365
4274,21366
4274,21367
4274,21368
4274,21369
4274,21370
4275,21371
4275,21372
4275,21373
4275,21374
4275,21375
4276,21376
4276,21377
4276,21378
4276,21379
4276,21380
4277,21381
4277,21382
4277,21383
4277,21384
4277,21385
4278,21386
4278,21387
4278,21388
4278,21389
4278,21390
4279,21391
4279,21392
4279,21393
4279,21394
4279,21395
4280,21396
4280,21397
4280,21398
4280,21399
4280,21400
4281,21401
4281,21402
4281,21403
4281,21404
4281,21405
4282,21406
4282,21407
4282,21408
4282,21409
4282,21410
4283,21411
4283,21412
4283,21413
4283,21414
4283,21415
4284,21416
4284,21417
4284,21418
4284,21419
4284,21420
4285,21421
4285,21422
4285,21423
4285,21424
4285,21425
4286,21426
4286,21427
4286,21428
4286,21429
4286,21430
4287,21431
4287,21432
4287,21433
4287,21434
4287,21435
4288,21436
4288,21437
4288,21438
4288,21439
4288,21440
4289,21441
4289,21442
4289,21443
4289,21444
4289,21445
4290,21446
4290,21447
4290,21448
4290,21449
4290,21450
4291,21451
4291,21452
4291,21453
4291,21454
4291,21455
4292,21456
4292,21457
4292,21458
4292,21459
4292,21460
4293,21461
4293,21462
4293,21463
4293,21464
4293,21465
4294,21466
4294,21467
4294,21468
4294,21469
4294,21470
4295,21471
4295,21472
4295,21473
4295,21474
4295,21475
4296,21476
4296,21477
4296,21478
4296,21479
4296,21480
4297,21481
4297,21482
4297,21483
4297,21484
4297,21485
4298,21486
4298,21487
4298,21488
4298,21489
4298,21490
4299,21491
4299,21492
4299,21493
4299,21494
4299,21495
4300,21496
4300,21497
4300,21498
4300,21499
4300,21500
4301,21501
4301,21502
4301,21503
4301,21504
4301,21505
4302,21506
4302,21507
4302,21508
4302,21509
4302,21510
4303,21511
4303,21512
4303,21513
4303,21514
4303,21515
4304,21516
4304,21517
4304,21518
4304,21519
4304,21520
4305,21521
4305,21522
4305,21523
4305,21524
4305,21525
4306,21526
4306,21527
4306,21528
4306,21529
4306,21530
4307,21531
4307,21532
4307,21533
4307,21534
4307,21535
4308,21536
4308,21537
4308,21538
4308,21539
4308,21540
4309,21541
4309,21542
4309,21543
4309,21544
4309,21545
4310,21546
4310,21547
4310,21548
4310,21549
4310,21550
4311,21551
4311,21552
4311,21553
4311,21554
4311,21555
4312,21556
4312,21557
4312,21558
4312,21559
4312,21560
4313,21561
4313,21562
4313,21563
4313,21564
4313,21565
4314,21566
4314,21567
4314,21568
4314,21569
4314,21570
4315,21571
4315,21572
4315,21573
4315,21574
4315,21575
4316,21576
4316,21577
4316,21578
4316,21579
4316,21580
4317,21581
4317,21582
4317,21583
4317,21584
4317,21585
4318,21586
4318,21587
4318,21588
4318,21589
4318,21590
4319,21591
4319,21592
4319,21593
4319,21594
4319,21595
4320,21596
4320,21597
4320,21598
4320,21599
4320,21600
4321,21601
4321,21602
4321,21603
4321,21604
4321,21605
4322,21606
4322,21607
4322,21608
4322,21609
4322,21610
4323,21611
4323,21612
4323,21613
4323,21614
4323,21615
4324,21616
4324,21617
4324,21618
4324,21619
4324,21620
4325,21621
4325,21622
4325,21623
4325,21624
4325,21625
4326,21626
4326,21627
4326,21628
4326,21629
4326,21630
4327,21631
4327,21632
4327,21633
4327,21634
4327,21635
4328,21636
4328,21637
4328,21638
4328,21639
4328,21640
4329,21641
4329,21642
4329,21643
4329,21644
4329,21645
4330,21646
4330,21647
4330,21648
4330,21649
4330,21650
4331,21651
4331,21652
4331,21653
4331,21654
4331,21655
4332,21656
4332,21657
4332,21658
4332,21659
4332,21660
4333,21661
4333,21662
4333,21663
4333,21664
4333,21665
4334,21666
4334,21667
4334,21668
4334,21669
4334,21670
4335,21671
4335,21672
4335,21673
4335,21674
4335,21675
4336,21676
4336,21677
4336,21678
4336,21679
4336,21680
4337,21681
4337,21682
4337,21683
4337,21684
4337,21685
4338,21686
4338,21687
4338,21688
4338,21689
4338,21690
4339,21691
4339,21692
4339,21693
4339,21694
4339,21695
4340,21696
4340,21697
4340,21698
4340,21699
4340,21700
4341,21701
4341,21702
4341,21703
4341,21704
4341,21705
4342,21706
4342,21707
4342,21708
4342,21709
4342,21710
4343,21711
4343,21712
4343,21713
4343,21714
4343,21715
4344,21716
4344,21717
4344,21718
4344,21719
4344,21720
4345,21721
4345,21722
4345,21723
4345,21724
4345,21725
4346,21726
4346,21727
4346,21728
4346,21729
4346,21730
4347,21731
4347,21732
4347,21733
4347,21734
4347,21735
4348,21736
4348,21737
4348,21738
4348,21739
4348,21740
4349,21741
4349,21742
4349,21743
4349,21744
4349,21745
4350,21746
4350,21747
4350,21748
4350,21749
4350,21750
4351,21751
4351,21752
4351,21753
4351,21754
4351,21755
4352,21756
4352,21757
4352,21758
4352,21759
4352,21760
4353,21761
4353,21762
4353,21763
4353,21764
4353,21765
4354,21766
4354,21767
4354,21768
4354,21769
4354,21770
4355,21771
4355,21772
4355,21773
4355,21774
4355,21775
4356,21776
4356,21777
4356,21778
4356,21779
4356,21780
4357,21781
4357,21782
4357,21783
4357,21784
4357,21785
4358,21786
4358,21787
4358,21788
4358,21789
4358,21790
4359,21791
4359,21792
4359,21793
4359,21794
4359,21795
4360,21796
4360,21797
4360,21798
4360,21799
4360,21800
4361,21801
4361,21802
4361,21803
4361,21804
4361,21805
4362,21806
4362,21807
4362,21808
4362,21809
4362,21810
4363,21811
4363,21812
4363,21813
4363,21814
4363,21815
4364,21816
4364,21817
4364,21818
4364,21819
4364,21820
4365,21821
4365,21822
4365,21823
4365,21824
4365,21825
4366,21826
4366,21827
4366,21828
4366,21829
4366,21830
4367,21831
4367,21832
4367,21833
4367,21834
4367,21835
4368,21836
4368,21837
4368,21838
4368,21839
4368,21840
4369,21841
4369,21842
4369,21843
4369,21844
4369,21845
4370,21846
4370,21847
4370,21848
4370,21849
4370,21850
4371,21851
4371,21852
4371,21853
4371,21854
4371,21855
4372,21856
4372,21857
4372,21858
4372,21859
4372,21860
4373,21861
4373,21862
4373,21863
4373,21864
4373,21865
4374,21866
4374,21867
4374,21868
4374,21869
4374,21870
4375,21871
4375,21872
4375,21873
4375,21874
4375,21875
4376,21876
4376,21877
4376,21878
4376,21879
4376,21880
4377,21881
4377,21882
4377,21883
4377,21884
4377,21885
4378,21886
4378,21887
4378,21888
4378,21889
4378,21890
4379,21891
4379,21892
4379,21893
4379,21894
4379,21895
4380,21896
4380,21897
4380,21898
4380,21899
4380,21900
4381,21901
4381,21902
4381,21903
4381,21904
4381,21905
4382,21906
4382,21907
4382,21908
4382,21909
4382,21910
4383,21911
4383,21912
4383,21913
4383,21914
4383,21915
4384,21916
4384,21917
4384,21918
4384,21919
4384,21920
4385,21921
4385,21922
4385,21923
4385,21924
4385,21925
4386,21926
4386,21927
4386,21928
4386,21929
4386,21930
4387,21931
4387,21932
4387,21933
4387,21934
4387,21935
4388,21936
4388,21937
4388,21938
4388,21939
4388,21940
4389,21941
4389,21942
4389,21943
4389,21944
4389,21945
4390,21946
4390,21947
4390,21948
4390,21949
4390,21950
4391,21951
4391,21952
4391,21953
4391,21954
4391,21955
4392,21956
4392,21957
4392,21958
4392,21959
4392,21960
4393,21961
4393,21962
4393,21963
4393,21964
4393,21965
4394,21966
4394,21967
4394,21968
4394,21969
4394,21970
4395,21971
4395,21972
4395,21973
4395,21974
4395,21975
4396,21976
4396,21977
4396,21978
4396,21979
4396,21980
4397,21981
4397,21982
4397,21983
4397,21984
4397,21985
4398,21986
4398,21987
4398,21988
4398,21989
4398,21990
4399,21991
4399,21992
4399,21993
4399,21994
4399,21995
4400,21996
4400,21997
4400,21998
4400,21999
4400,22000
4401,22001
4401,22002
4401,22003
4401,22004
4401,22005
4402,22006
4402,22007
4402,22008
4402,22009
4402,22010
4403,22011
4403,22012
4403,22013
4403,22014
4403,22015
4404,22016
4404,22017
4404,22018
4404,22019
4404,22020
4405,22021
4405,22022
4405,22023
4405,22024
4405,22025
4406,22026
4406,22027
4406,22028
4406,22029
4406,22030
4407,22031
4407,22032
4407,22033
4407,22034
4407,22035
4408,22036
4408,22037
4408,22038
4408,22039
4408,22040
4409,22041
4409,22042
4409,22043
4409,22044
4409,22045
4410,22046
4410,22047
4410,22048
4410,22049
4410,22050
4411,22051
4411,22052
4411,22053
4411,22054
4411,22055
4412,22056
4412,22057
4412,22058
4412,22059
4412,22060
4413,22061
4413,22062
4413,22063
4413,22064
4413,22065
4414,22066
4414,22067
4414,22068
4414,22069
4414,22070
4415,22071
4415,22072
4415,22073
4415,22074
4415,22075
4416,22076
4416,22077
4416,22078
4416,22079
4416,22080
4417,22081
4417,22082
4417,22083
4417,22084
4417,22085
4418,22086
4418,22087
4418,22088
4418,22089
4418,22090
4419,22091
4419,22092
4419,22093
4419,22094
4419,22095
4420,22096
4420,22097
4420,22098
4420,22099
4420,22100
4421,22101
4421,22102
4421,22103
4421,22104
4421,22105
4422,22106
4422,22107
4422,22108
4422,22109
4422,22110
4423,22111
4423,22112
4423,22113
4423,22114
4423,22115
4424,22116
4424,22117
4424,22118
4424,22119
4424,22120
4425,22121
4425,22122
4425,22123
4425,22124
4425,22125
4426,22126
4426,22127
4426,22128
4426,22129
4426,22130
4427,22131
4427,22132
4427,22133
4427,22134
4427,22135
4428,22136
4428,22137
4428,22138
4428,22139
4428,22140
4429,22141
4429,22142
4429,22143
4429,22144
4429,22145
4430,22146
4430,22147
4430,22148
4430,22149
4430,22150
4431,22151
4431,22152
4431,22153
4431,22154
4431,22155
4432,22156
4432,22157
4432,22158
4432,22159
4432,22160
4433,22161
4433,22162
4433,22163
4433,22164
4433,22165
4434,22166
4434,22167
4434,22168
4434,22169
4434,22170
4435,22171
4435,22172
4435,22173
4435,22174
4435,22175
4436,22176
4436,22177
4436,22178
4436,22179
4436,22180
4437,22181
4437,22182
4437,22183
4437,22184
4437,22185
4438,22186
4438,22187
4438,22188
4438,22189
4438,22190
4439,22191
4439,22192
4439,22193
4439,22194
4439,22195
4440,22196
4440,22197
4440,22198
4440,22199
4440,22200
4441,22201
4441,22202
4441,22203
4441,22204
4441,22205
4442,22206
4442,22207
4442,22208
4442,22209
4442,22210
4443,22211
4443,22212
4443,22213
4443,22214
4443,22215
4444,22216
4444,22217
4444,22218
4444,22219
4444,22220
4445,22221
4445,22222
4445,22223
4445,22224
4445,22225
4446,22226
4446,22227
4446,22228
4446,22229
4446,22230
4447,22231
4447,22232
4447,22233
4447,22234
4447,22235
4448,22236
4448,22237
4448,22238
4448,22239
4448,22240
4449,22241
4449,22242
4449,22243
4449,22244
4449,22245
4450,22246
4450,22247
4450,22248
4450,22249
4450,22250
4451,22251
4451,22252
4451,22253
4451,22254
4451,22255
4452,22256
4452,22257
4452,22258
4452,22259
4452,22260
4453,22261
4453,22262
4453,22263
4453,22264
4453,22265
4454,22266
4454,22267
4454,22268
4454,22269
4454,22270
4455,22271
4455,22272
4455,22273
4455,22274
4455,22275
4456,22276
4456,22277
4456,22278
4456,22279
4456,22280
4457,22281
4457,22282
4457,22283
4457,22284
4457,22285
4458,22286
4458,22287
4458,22288
4458,22289
4458,22290
4459,22291
4459,22292
4459,22293
4459,22294
4459,22295
4460,22296
4460,22297
4460,22298
4460,22299
4460,22300
4461,22301
4461,22302
4461,22303
4461,22304
4461,22305
4462,22306
4462,22307
4462,22308
4462,22309
4462,22310
4463,22311
4463,22312
4463,22313
4463,22314
4463,22315
4464,22316
4464,22317
4464,22318
4464,22319
4464,22320
4465,22321
4465,22322
4465,22323
4465,22324
4465,22325
4466,22326
4466,22327
4466,22328
4466,22329
4466,22330
4467,22331
4467,22332
4467,22333
4467,22334
4467,22335
4468,22336
4468,22337
4468,22338
4468,22339
4468,22340
4469,22341
4469,22342
4469,22343
4469,22344
4469,22345
4470,22346
4470,22347
4470,22348
4470,22349
4470,22350
4471,22351
4471,22352
4471,22353
4471,22354
4471,22355
4472,22356
4472,22357
4472,22358
4472,22359
4472,22360
4473,22361
4473,22362
4473,22363
4473,22364
4473,22365
4474,22366
4474,22367
4474,22368
4474,22369
4474,22370
4475,22371
4475,22372
4475,22373
4475,22374
4475,22375
4476,22376
4476,22377
4476,22378
4476,22379
4476,22380
4477,22381
4477,22382
4477,22383
4477,22384
4477,22385
4478,22386
4478,22387
4478,22388
4478,22389
4478,22390
4479,22391
4479,22392
4479,22393
4479,22394
4479,22395
4480,22396
4480,22397
4480,22398
4480,22399
4480,22400
4481,22401
4481,22402
4481,22403
4481,22404
4481,22405
4482,22406
4482,22407
4482,22408
4482,22409
4482,22410
4483,22411
4483,22412
4483,22413
4483,22414
4483,22415
4484,22416
4484,22417
4484,22418
4484,22419
4484,22420
4485,22421
4485,22422
4485,22423
4485,22424
4485,22425
4486,22426
4486,22427
4486,22428
4486,22429
4486,22430
4487,22431
4487,22432
4487,22433
4487,22434
4487,22435
4488,22436
4488,22437
4488,22438
4488,22439
4488,22440
4489,22441
4489,22442
4489,22443
4489,22444
4489,22445
4490,22446
4490,22447
4490,22448
4490,22449
4490,22450
4491,22451
4491,22452
4491,22453
4491,22454
4491,22455
4492,22456
4492,22457
4492,22458
4492,22459
4492,22460
4493,22461
4493,22462
4493,22463
4493,22464
4493,22465
4494,22466
4494,22467
4494,22468
4494,22469
4494,22470
4495,22471
4495,22472
4495,22473
4495,22474
4495,22475
4496,22476
4496,22477
4496,22478
4496,22479
4496,22480
4497,22481
4497,22482
4497,22483
4497,22484
4497,22485
4498,22486
4498,22487
4498,22488
4498,22489
4498,22490
4499,22491
4499,22492
4499,22493
4499,22494
4499,22495
4500,22496
4500,22497
4500,22498
4500,22499
4500,22500
4501,22501
4501,22502
4501,22503
4501,22504
4501,22505
4502,22506
4502,22507
4502,22508
4502,22509
4502,22510
4503,22511
4503,22512
4503,22513
4503,22514
4503,22515
4504,22516
4504,22517
4504,22518
4504,22519
4504,22520
4505,22521
4505,22522
4505,22523
4505,22524
4505,22525
4506,22526
4506,22527
4506,22528
4506,22529
4506,22530
4507,22531
4507,22532
4507,22533
4507,22534
4507,22535
4508,22536
4508,22537
4508,22538
4508,22539
4508,22540
4509,22541
4509,22542
4509,22543
4509,22544
4509,22545
4510,22546
4510,22547
4510,22548
4510,22549
4510,22550
4511,22551
4511,22552
4511,22553
4511,22554
4511,22555
4512,22556
4512,22557
4512,22558
4512,22559
4512,22560
4513,22561
4513,22562
4513,22563
4513,22564
4513,22565
4514,22566
4514,22567
4514,22568
4514,22569
4514,22570
4515,22571
4515,22572
4515,22573
4515,22574
4515,22575
4516,22576
4516,22577
4516,22578
4516,22579
4516,22580
4517,22581
4517,22582
4517,22583
4517,22584
4517,22585
4518,22586
4518,22587
4518,22588
4518,22589
4518,22590
4519,22591
4519,22592
4519,22593
4519,22594
4519,22595
4520,22596
4520,22597
4520,22598
4520,22599
4520,22600
4521,22601
4521,22602
4521,22603
4521,22604
4521,22605
4522,22606
4522,22607
4522,22608
4522,22609
4522,22610
4523,22611
4523,22612
4523,22613
4523,22614
4523,22615
4524,22616
4524,22617
4524,22618
4524,22619
4524,22620
4525,22621
4525,22622
4525,22623
4525,22624
4525,22625
4526,22626
4526,22627
4526,22628
4526,22629
4526,22630
4527,22631
4527,22632
4527,22633
4527,22634
4527,22635
4528,22636
4528,22637
4528,22638
4528,22639
4528,22640
4529,22641
4529,22642
4529,22643
4529,22644
4529,22645
4530,22646
4530,22647
4530,22648
4530,22649
4530,22650
4531,22651
4531,22652
4531,22653
4531,22654
4531,22655
4532,22656
4532,22657
4532,22658
4532,22659
4532,22660
4533,22661
4533,22662
4533,22663
4533,22664
4533,22665
4534,22666
4534,22667
4534,22668
4534,22669
4534,22670
4535,22671
4535,22672
4535,22673
4535,22674
4535,22675
4536,22676
4536,22677
4536,22678
4536,22679
4536,22680
4537,22681
4537,22682
4537,22683
4537,22684
4537,22685
4538,22686
4538,22687
4538,22688
4538,22689
4538,22690
4539,22691
4539,22692
4539,22693
4539,22694
4539,22695
4540,22696
4540,22697
4540,22698
4540,22699
4540,22700
4541,22701
4541,22702
4541,22703
4541,22704
4541,22705
4542,22706
4542,22707
4542,22708
4542,22709
4542,22710
4543,22711
4543,22712
4543,22713
4543,22714
4543,22715
4544,22716
4544,22717
4544,22718
4544,22719
4544,22720
4545,22721
4545,22722
4545,22723
4545,22724
4545,22725
4546,22726
4546,22727
4546,22728
4546,22729
4546,22730
4547,22731
4547,22732
4547,22733
4547,22734
4547,22735
4548,22736
4548,22737
4548,22738
4548,22739
4548,22740
4549,22741
4549,22742
4549,22743
4549,22744
4549,22745
4550,22746
4550,22747
4550,22748
4550,22749
4550,22750
4551,22751
4551,22752
4551,22753
4551,22754
4551,22755
4552,22756
4552,22757
4552,22758
4552,22759
4552,22760
4553,22761
4553,22762
4553,22763
4553,22764
4553,22765
4554,22766
4554,22767
4554,22768
4554,22769
4554,22770
4555,22771
4555,22772
4555,22773
4555,22774
4555,22775
4556,22776
4556,22777
4556,22778
4556,22779
4556,22780
4557,22781
4557,22782
4557,22783
4557,22784
4557,22785
4558,22786
4558,22787
4558,22788
4558,22789
4558,22790
4559,22791
4559,22792
4559,22793
4559,22794
4559,22795
4560,22796
4560,22797
4560,22798
4560,22799
4560,22800
4561,22801
4561,22802
4561,22803
4561,22804
4561,22805
4562,22806
4562,22807
4562,22808
4562,22809
4562,22810
4563,22811
4563,22812
4563,22813
4563,22814
4563,22815
4564,22816
4564,22817
4564,22818
4564,22819
4564,22820
4565,22821
4565,22822
4565,22823
4565,22824
4565,22825
4566,22826
4566,22827
4566,22828
4566,22829
4566,22830
4567,22831
4567,22832
4567,22833
4567,22834
4567,22835
4568,22836
4568,22837
4568,22838
4568,22839
4568,22840
4569,22841
4569,22842
4569,22843
4569,22844
4569,22845
4570,22846
4570,22847
4570,22848
4570,22849
4570,22850
4571,22851
4571,22852
4571,22853
4571,22854
4571,22855
4572,22856
4572,22857
4572,22858
4572,22859
4572,22860
4573,22861
4573,22862
4573,22863
4573,22864
4573,22865
4574,22866
4574,22867
4574,22868
4574,22869
4574,22870
4575,22871
4575,22872
4575,22873
4575,22874
4575,22875
4576,22876
4576,22877
4576,22878
4576,22879
4576,22880
4577,22881
4577,22882
4577,22883
4577,22884
4577,22885
4578,22886
4578,22887
4578,22888
4578,22889
4578,22890
4579,22891
4579,22892
4579,22893
4579,22894
4579,22895
4580,22896
4580,22897
4580,22898
4580,22899
4580,22900
4581,22901
4581,22902
4581,22903
4581,22904
4581,22905
4582,22906
4582,22907
4582,22908
4582,22909
4582,22910
4583,22911
4583,22912
4583,22913
4583,22914
4583,22915
4584,22916
4584,22917
4584,22918
4584,22919
4584,22920
4585,22921
4585,22922
4585,22923
4585,22924
4585,22925
4586,22926
4586,22927
4586,22928
4586,22929
4586,22930
4587,22931
4587,22932
4587,22933
4587,22934
4587,22935
4588,22936
4588,22937
4588,22938
4588,22939
4588,22940
4589,22941
4589,22942
4589,22943
4589,22944
4589,22945
4590,22946
4590,22947
4590,22948
4590,22949
4590,22950
4591,22951
4591,22952
4591,22953
4591,22954
4591,22955
4592,22956
4592,22957
4592,22958
4592,22959
4592,22960
4593,22961
4593,22962
4593,22963
4593,22964
4593,22965
4594,22966
4594,22967
4594,22968
4594,22969
4594,22970
4595,22971
4595,22972
4595,22973
4595,22974
4595,22975
4596,22976
4596,22977
4596,22978
4596,22979
4596,22980
4597,22981
4597,22982
4597,22983
4597,22984
4597,22985
4598,22986
4598,22987
4598,22988
4598,22989
4598,22990
4599,22991
4599,22992
4599,22993
4599,22994
4599,22995
4600,22996
4600,22997
4600,22998
4600,22999
4600,23000
4601,23001
4601,23002
4601,23003
4601,23004
4601,23005
4602,23006
4602,23007
4602,23008
4602,23009
4602,23010
4603,23011
4603,23012
4603,23013
4603,23014
4603,23015
4604,23016
4604,23017
4604,23018
4604,23019
4604,23020
4605,23021
4605,23022
4605,23023
4605,23024
4605,23025
4606,23026
4606,23027
4606,23028
4606,23029
4606,23030
4607,23031
4607,23032
4607,23033
4607,23034
4607,23035
4608,23036
4608,23037
4608,23038
4608,23039
4608,23040
4609,23041
4609,23042
4609,23043
4609,23044
4609,23045
4610,23046
4610,23047
4610,23048
4610,23049
4610,23050
4611,23051
4611,23052
4611,23053
4611,23054
4611,23055
4612,23056
4612,23057
4612,23058
4612,23059
4612,23060
4613,23061
4613,23062
4613,23063
4613,23064
4613,23065
4614,23066
4614,23067
4614,23068
4614,23069
4614,23070
4615,23071
4615,23072
4615,23073
4615,23074
4615,23075
4616,23076
4616,23077
4616,23078
4616,23079
4616,23080
4617,23081
4617,23082
4617,23083
4617,23084
4617,23085
4618,23086
4618,23087
4618,23088
4618,23089
4618,23090
4619,23091
4619,23092
4619,23093
4619,23094
4619,23095
4620,23096
4620,23097
4620,23098
4620,23099
4620,23100
4621,23101
4621,23102
4621,23103
4621,23104
4621,23105
4622,23106
4622,23107
4622,23108
4622,23109
4622,23110
4623,23111
4623,23112
4623,23113
4623,23114
4623,23115
4624,23116
4624,23117
4624,23118
4624,23119
4624,23120
4625,23121
4625,23122
4625,23123
4625,23124
4625,23125
4626,23126
4626,23127
4626,23128
4626,23129
4626,23130
4627,23131
4627,23132
4627,23133
4627,23134
4627,23135
4628,23136
4628,23137
4628,23138
4628,23139
4628,23140
4629,23141
4629,23142
4629,23143
4629,23144
4629,23145
4630,23146
4630,23147
4630,23148
4630,23149
4630,23150
4631,23151
4631,23152
4631,23153
4631,23154
4631,23155
4632,23156
4632,23157
4632,23158
4632,23159
4632,23160
4633,23161
4633,23162
4633,23163
4633,23164
4633,23165
4634,23166
4634,23167
4634,23168
4634,23169
4634,23170
4635,23171
4635,23172
4635,23173
4635,23174
4635,23175
4636,23176
4636,23177
4636,23178
4636,23179
4636,23180
4637,23181
4637,23182
4637,23183
4637,23184
4637,23185
4638,23186
4638,23187
4638,23188
4638,23189
4638,23190
4639,23191
4639,23192
4639,23193
4639,23194
4639,23195
4640,23196
4640,23197
4640,23198
4640,23199
4640,23200
4641,23201
4641,23202
4641,23203
4641,23204
4641,23205
4642,23206
4642,23207
4642,23208
4642,23209
4642,23210
4643,23211
4643,23212
4643,23213
4643,23214
4643,23215
4644,23216
4644,23217
4644,23218
4644,23219
4644,23220
4645,23221
4645,23222
4645,23223
4645,23224
4645,23225
4646,23226
4646,23227
4646,23228
4646,23229
4646,23230
4647,23231
4647,23232
4647,23233
4647,23234
4647,23235
4648,23236
4648,23237
4648,23238
4648,23239
4648,23240
4649,23241
4649,23242
4649,23243
4649,23244
4649,23245
4650,23246
4650,23247
4650,23248
4650,23249
4650,23250
4651,23251
4651,23252
4651,23253
4651,23254
4651,23255
4652,23256
4652,23257
4652,23258
4652,23259
4652,23260
4653,23261
4653,23262
4653,23263
4653,23264
4653,23265
4654,23266
4654,23267
4654,23268
4654,23269
4654,23270
4655,23271
4655,23272
4655,23273
4655,23274
4655,23275
4656,23276
4656,23277
4656,23278
4656,23279
4656,23280
4657,23281
4657,23282
4657,23283
4657,23284
4657,23285
4658,23286
4658,23287
4658,23288
4658,23289
4658,23290
4659,23291
4659,23292
4659,23293
4659,23294
4659,23295
4660,23296
4660,23297
4660,23298
4660,23299
4660,23300
4661,23301
4661,23302
4661,23303
4661,23304
4661,23305
4662,23306
4662,23307
4662,23308
4662,23309
4662,23310
4663,23311
4663,23312
4663,23313
4663,23314
4663,23315
4664,23316
4664,23317
4664,23318
4664,23319
4664,23320
4665,23321
4665,23322
4665,23323
4665,23324
4665,23325
4666,23326
4666,23327
4666,23328
4666,23329
4666,23330
4667,23331
4667,23332
4667,23333
4667,23334
4667,23335
4668,23336
4668,23337
4668,23338
4668,23339
4668,23340
4669,23341
4669,23342
4669,23343
4669,23344
4669,23345
4670,23346
4670,23347
4670,23348
4670,23349
4670,23350
4671,23351
4671,23352
4671,23353
4671,23354
4671,23355
4672,23356
4672,23357
4672,23358
4672,23359
4672,23360
4673,23361
4673,23362
4673,23363
4673,23364
4673,23365
4674,23366
4674,23367
4674,23368
4674,23369
4674,23370
4675,23371
4675,23372
4675,23373
4675,23374
4675,23375
4676,23376
4676,23377
4676,23378
4676,23379
4676,23380
4677,23381
4677,23382
4677,23383
4677,23384
4677,23385
4678,23386
4678,23387
4678,23388
4678,23389
4678,23390
4679,23391
4679,23392
4679,23393
4679,23394
4679,23395
4680,23396
4680,23397
4680,23398
4680,23399
4680,23400
4681,23401
4681,23402
4681,23403
4681,23404
4681,23405
4682,23406
4682,23407
4682,23408
4682,23409
4682,23410
4683,23411
4683,23412
4683,23413
4683,23414
4683,23415
4684,23416
4684,23417
4684,23418
4684,23419
4684,23420
4685,23421
4685,23422
4685,23423
4685,23424
4685,23425
4686,23426
4686,23427
4686,23428
4686,23429
4686,23430
4687,23431
4687,23432
4687,23433
4687,23434
4687,23435
4688,23436
4688,23437
4688,23438
4688,23439
4688,23440
4689,23441
4689,23442
4689,23443
4689,23444
4689,23445
4690,23446
4690,23447
4690,23448
4690,23449
4690,23450
4691,23451
4691,23452
4691,23453
4691,23454
4691,23455
4692,23456
4692,23457
4692,23458
4692,23459
4692,23460
4693,23461
4693,23462
4693,23463
4693,23464
4693,23465
4694,23466
4694,23467
4694,23468
4694,23469
4694,23470
4695,23471
4695,23472
4695,23473
4695,23474
4695,23475
4696,23476
4696,23477
4696,23478
4696,23479
4696,23480
4697,23481
4697,23482
4697,23483
4697,23484
4697,23485
4698,23486
4698,23487
4698,23488
4698,23489
4698,23490
4699,23491
4699,23492
4699,23493
4699,23494
4699,23495
4700,23496
4700,23497
4700,23498
4700,23499
4700,23500
4701,23501
4701,23502
4701,23503
4701,23504
4701,23505
4702,23506
4702,23507
4702,23508
4702,23509
4702,23510
4703,23511
4703,23512
4703,23513
4703,23514
4703,23515
4704,23516
4704,23517
4704,23518
4704,23519
4704,23520
4705,23521
4705,23522
4705,23523
4705,23524
4705,23525
4706,23526
4706,23527
4706,23528
4706,23529
4706,23530
4707,23531
4707,23532
4707,23533
4707,23534
4707,23535
4708,23536
4708,23537
4708,23538
4708,23539
4708,23540
4709,23541
4709,23542
4709,23543
4709,23544
4709,23545
4710,23546
4710,23547
4710,23548
4710,23549
4710,23550
4711,23551
4711,23552
4711,23553
4711,23554
4711,23555
4712,23556
4712,23557
4712,23558
4712,23559
4712,23560
4713,23561
4713,23562
4713,23563
4713,23564
4713,23565
4714,23566
4714,23567
4714,23568
4714,23569
4714,23570
4715,23571
4715,23572
4715,23573
4715,23574
4715,23575
4716,23576
4716,23577
4716,23578
4716,23579
4716,23580
4717,23581
4717,23582
4717,23583
4717,23584
4717,23585
4718,23586
4718,23587
4718,23588
4718,23589
4718,23590
4719,23591
4719,23592
4719,23593
4719,23594
4719,23595
4720,23596
4720,23597
4720,23598
4720,23599
4720,23600
4721,23601
4721,23602
4721,23603
4721,23604
4721,23605
4722,23606
4722,23607
4722,23608
4722,23609
4722,23610
4723,23611
4723,23612
4723,23613
4723,23614
4723,23615
4724,23616
4724,23617
4724,23618
4724,23619
4724,23620
4725,23621
4725,23622
4725,23623
4725,23624
4725,23625
4726,23626
4726,23627
4726,23628
4726,23629
4726,23630
4727,23631
4727,23632
4727,23633
4727,23634
4727,23635
4728,23636
4728,23637
4728,23638
4728,23639
4728,23640
4729,23641
4729,23642
4729,23643
4729,23644
4729,23645
4730,23646
4730,23647
4730,23648
4730,23649
4730,23650
4731,23651
4731,23652
4731,23653
4731,23654
4731,23655
4732,23656
4732,23657
4732,23658
4732,23659
4732,23660
4733,23661
4733,23662
4733,23663
4733,23664
4733,23665
4734,23666
4734,23667
4734,23668
4734,23669
4734,23670
4735,23671
4735,23672
4735,23673
4735,23674
4735,23675
4736,23676
4736,23677
4736,23678
4736,23679
4736,23680
4737,23681
4737,23682
4737,23683
4737,23684
4737,23685
4738,23686
4738,23687
4738,23688
4738,23689
4738,23690
4739,23691
4739,23692
4739,23693
4739,23694
4739,23695
4740,23696
4740,23697
4740,23698
4740,23699
4740,23700
4741,23701
4741,23702
4741,23703
4741,23704
4741,23705
4742,23706
4742,23707
4742,23708
4742,23709
4742,23710
4743,23711
4743,23712
4743,23713
4743,23714
4743,23715
4744,23716
4744,23717
4744,23718
4744,23719
4744,23720
4745,23721
4745,23722
4745,23723
4745,23724
4745,23725
4746,23726
4746,23727
4746,23728
4746,23729
4746,23730
4747,23731
4747,23732
4747,23733
4747,23734
4747,23735
4748,23736
4748,23737
4748,23738
4748,23739
4748,23740
4749,23741
4749,23742
4749,23743
4749,23744
4749,23745
4750,23746
4750,23747
4750,23748
4750,23749
4750,23750
4751,23751
4751,23752
4751,23753
4751,23754
4751,23755
4752,23756
4752,23757
4752,23758
4752,23759
4752,23760
4753,23761
4753,23762
4753,23763
4753,23764
4753,23765
4754,23766
4754,23767
4754,23768
4754,23769
4754,23770
4755,23771
4755,23772
4755,23773
4755,23774
4755,23775
4756,23776
4756,23777
4756,23778
4756,23779
4756,23780
4757,23781
4757,23782
4757,23783
4757,23784
4757,23785
4758,23786
4758,23787
4758,23788
4758,23789
4758,23790
4759,23791
4759,23792
4759,23793
4759,23794
4759,23795
4760,23796
4760,23797
4760,23798
4760,23799
4760,23800
4761,23801
4761,23802
4761,23803
4761,23804
4761,23805
4762,23806
4762,23807
4762,23808
4762,23809
4762,23810
4763,23811
4763,23812
4763,23813
4763,23814
4763,23815
4764,23816
4764,23817
4764,23818
4764,23819
4764,23820
4765,23821
4765,23822
4765,23823
4765,23824
4765,23825
4766,23826
4766,23827
4766,23828
4766,23829
4766,23830
4767,23831
4767,23832
4767,23833
4767,23834
4767,23835
4768,23836
4768,23837
4768,23838
4768,23839
4768,23840
4769,23841
4769,23842
4769,23843
4769,23844
4769,23845
4770,23846
4770,23847
4770,23848
4770,23849
4770,23850
4771,23851
4771,23852
4771,23853
4771,23854
4771,23855
4772,23856
4772,23857
4772,23858
4772,23859
4772,23860
4773,23861
4773,23862
4773,23863
4773,23864
4773,23865
4774,23866
4774,23867
4774,23868
4774,23869
4774,23870
4775,23871
4775,23872
4775,23873
4775,23874
4775,23875
4776,23876
4776,23877
4776,23878
4776,23879
4776,23880
4777,23881
4777,23882
4777,23883
4777,23884
4777,23885
4778,23886
4778,23887
4778,23888
4778,23889
4778,23890
4779,23891
4779,23892
4779,23893
4779,23894
4779,23895
4780,23896
4780,23897
4780,23898
4780,23899
4780,23900
4781,23901
4781,23902
4781,23903
4781,23904
4781,23905
4782,23906
4782,23907
4782,23908
4782,23909
4782,23910
4783,23911
4783,23912
4783,23913
4783,23914
4783,23915
4784,23916
4784,23917
4784,23918
4784,23919
4784,23920
4785,23921
4785,23922
4785,23923
4785,23924
4785,23925
4786,23926
4786,23927
4786,23928
4786,23929
4786,23930
4787,23931
4787,23932
4787,23933
4787,23934
4787,23935
4788,23936
4788,23937
4788,23938
4788,23939
4788,23940
4789,23941
4789,23942
4789,23943
4789,23944
4789,23945
4790,23946
4790,23947
4790,23948
4790,23949
4790,23950
4791,23951
4791,23952
4791,23953
4791,23954
4791,23955
4792,23956
4792,23957
4792,23958
4792,23959
4792,23960
4793,23961
4793,23962
4793,23963
4793,23964
4793,23965
4794,23966
4794,23967
4794,23968
4794,23969
4794,23970
4795,23971
4795,23972
4795,23973
4795,23974
4795,23975
4796,23976
4796,23977
4796,23978
4796,23979
4796,23980
4797,23981
4797,23982
4797,23983
4797,23984
4797,23985
4798,23986
4798,23987
4798,23988
4798,23989
4798,23990
4799,23991
4799,23992
4799,23993
4799,23994
4799,23995
4800,23996
4800,23997
4800,23998
4800,23999
4800,24000
4801,24001
4801,24002
4801,24003
4801,24004
4801,24005
4802,24006
4802,24007
4802,24008
4802,24009
4802,24010
4803,24011
4803,24012
4803,24013
4803,24014
4803,24015
4804,24016
4804,24017
4804,24018
4804,24019
4804,24020
4805,24021
4805,24022
4805,24023
4805,24024
4805,24025
4806,24026
4806,24027
4806,24028
4806,24029
4806,24030
4807,24031
4807,24032
4807,24033
4807,24034
4807,24035
4808,24036
4808,24037
4808,24038
4808,24039
4808,24040
4809,24041
4809,24042
4809,24043
4809,24044
4809,24045
4810,24046
4810,24047
4810,24048
4810,24049
4810,24050
4811,24051
4811,24052
4811,24053
4811,24054
4811,24055
4812,24056
4812,24057
4812,24058
4812,24059
4812,24060
4813,24061
4813,24062
4813,24063
4813,24064
4813,24065
4814,24066
4814,24067
4814,24068
4814,24069
4814,24070
4815,24071
4815,24072
4815,24073
4815,24074
4815,24075
4816,24076
4816,24077
4816,24078
4816,24079
4816,24080
4817,24081
4817,24082
4817,24083
4817,24084
4817,24085
4818,24086
4818,24087
4818,24088
4818,24089
4818,24090
4819,24091
4819,24092
4819,24093
4819,24094
4819,24095
4820,24096
4820,24097
4820,24098
4820,24099
4820,24100
4821,24101
4821,24102
4821,24103
4821,24104
4821,24105
4822,24106
4822,24107
4822,24108
4822,24109
4822,24110
4823,24111
4823,24112
4823,24113
4823,24114
4823,24115
4824,24116
4824,24117
4824,24118
4824,24119
4824,24120
4825,24121
4825,24122
4825,24123
4825,24124
4825,24125
4826,24126
4826,24127
4826,24128
4826,24129
4826,24130
4827,24131
4827,24132
4827,24133
4827,24134
4827,24135
4828,24136
4828,24137
4828,24138
4828,24139
4828,24140
4829,24141
4829,24142
4829,24143
4829,24144
4829,24145
4830,24146
4830,24147
4830,24148
4830,24149
4830,24150
4831,24151
4831,24152
4831,24153
4831,24154
4831,24155
4832,24156
4832,24157
4832,24158
4832,24159
4832,24160
4833,24161
4833,24162
4833,24163
4833,24164
4833,24165
4834,24166
4834,24167
4834,24168
4834,24169
4834,24170
4835,24171
4835,24172
4835,24173
4835,24174
4835,24175
4836,24176
4836,24177
4836,24178
4836,24179
4836,24180
4837,24181
4837,24182
4837,24183
4837,24184
4837,24185
4838,24186
4838,24187
4838,24188
4838,24189
4838,24190
4839,24191
4839,24192
4839,24193
4839,24194
4839,24195
4840,24196
4840,24197
4840,24198
4840,24199
4840,24200
4841,24201
4841,24202
4841,24203
4841,24204
4841,24205
4842,24206
4842,24207
4842,24208
4842,24209
4842,24210
4843,24211
4843,24212
4843,24213
4843,24214
4843,24215
4844,24216
4844,24217
4844,24218
4844,24219
4844,24220
4845,24221
4845,24222
4845,24223
4845,24224
4845,24225
4846,24226
4846,24227
4846,24228
4846,24229
4846,24230
4847,24231
4847,24232
4847,24233
4847,24234
4847,24235
4848,24236
4848,24237
4848,24238
4848,24239
4848,24240
4849,24241
4849,24242
4849,24243
4849,24244
4849,24245
4850,24246
4850,24247
4850,24248
4850,24249
4850,24250
4851,24251
4851,24252
4851,24253
4851,24254
4851,24255
4852,24256
4852,24257
4852,24258
4852,24259
4852,24260
4853,24261
4853,24262
4853,24263
4853,24264
4853,24265
4854,24266
4854,24267
4854,24268
4854,24269
4854,24270
4855,24271
4855,24272
4855,24273
4855,24274
4855,24275
4856,24276
4856,24277
4856,24278
4856,24279
4856,24280
4857,24281
4857,24282
4857,24283
4857,24284
4857,24285
4858,24286
4858,24287
4858,24288
4858,24289
4858,24290
4859,24291
4859,24292
4859,24293
4859,24294
4859,24295
4860,24296
4860,24297
4860,24298
4860,24299
4860,24300
4861,24301
4861,24302
4861,24303
4861,24304
4861,24305
4862,24306
4862,24307
4862,24308
4862,24309
4862,24310
4863,24311
4863,24312
4863,24313
4863,24314
4863,24315
4864,24316
4864,24317
4864,24318
4864,24319
4864,24320
4865,24321
4865,24322
4865,24323
4865,24324
4865,24325
4866,24326
4866,24327
4866,24328
4866,24329
4866,24330
4867,24331
4867,24332
4867,24333
4867,24334
4867,24335
4868,24336
4868,24337
4868,24338
4868,24339
4868,24340
4869,24341
4869,24342
4869,24343
4869,24344
4869,24345
4870,24346
4870,24347
4870,24348
4870,24349
4870,24350
4871,24351
4871,24352
4871,24353
4871,24354
4871,24355
4872,24356
4872,24357
4872,24358
4872,24359
4872,24360
4873,24361
4873,24362
4873,24363
4873,24364
4873,24365
4874,24366
4874,24367
4874,24368
4874,24369
4874,24370
4875,24371
4875,24372
4875,24373
4875,24374
4875,24375
4876,24376
4876,24377
4876,24378
4876,24379
4876,24380
4877,24381
4877,24382
4877,24383
4877,24384
4877,24385
4878,24386
4878,24387
4878,24388
4878,24389
4878,24390
4879,24391
4879,24392
4879,24393
4879,24394
4879,24395
4880,24396
4880,24397
4880,24398
4880,24399
4880,24400
4881,24401
4881,24402
4881,24403
4881,24404
4881,24405
4882,24406
4882,24407
4882,24408
4882,24409
4882,24410
4883,24411
4883,24412
4883,24413
4883,24414
4883,24415
4884,24416
4884,24417
4884,24418
4884,24419
4884,24420
4885,24421
4885,24422
4885,24423
4885,24424
4885,24425
4886,24426
4886,24427
4886,24428
4886,24429
4886,24430
4887,24431
4887,24432
4887,24433
4887,24434
4887,24435
4888,24436
4888,24437
4888,24438
4888,24439
4888,24440
4889,24441
4889,24442
4889,24443
4889,24444
4889,24445
4890,24446
4890,24447
4890,24448
4890,24449
4890,24450
4891,24451
4891,24452
4891,24453
4891,24454
4891,24455
4892,24456
4892,24457
4892,24458
4892,24459
4892,24460
4893,24461
4893,24462
4893,24463
4893,24464
4893,24465
4894,24466
4894,24467
4894,24468
4894,24469
4894,24470
4895,24471
4895,24472
4895,24473
4895,24474
4895,24475
4896,24476
4896,24477
4896,24478
4896,24479
4896,24480
4897,24481
4897,24482
4897,24483
4897,24484
4897,24485
4898,24486
4898,24487
4898,24488
4898,24489
4898,24490
4899,24491
4899,24492
4899,24493
4899,24494
4899,24495
4900,24496
4900,24497
4900,24498
4900,24499
4900,24500
4901,24501
4901,24502
4901,24503
4901,24504
4901,24505
4902,24506
4902,24507
4902,24508
4902,24509
4902,24510
4903,24511
4903,24512
4903,24513
4903,24514
4903,24515
4904,24516
4904,24517
4904,24518
4904,24519
4904,24520
4905,24521
4905,24522
4905,24523
4905,24524
4905,24525
4906,24526
4906,24527
4906,24528
4906,24529
4906,24530
4907,24531
4907,24532
4907,24533
4907,24534
4907,24535
4908,24536
4908,24537
4908,24538
4908,24539
4908,24540
4909,24541
4909,24542
4909,24543
4909,24544
4909,24545
4910,24546
4910,24547
4910,24548
4910,24549
4910,24550
4911,24551
4911,24552
4911,24553
4911,24554
4911,24555
4912,24556
4912,24557
4912,24558
4912,24559
4912,24560
4913,24561
4913,24562
4913,24563
4913,24564
4913,24565
4914,24566
4914,24567
4914,24568
4914,24569
4914,24570
4915,24571
4915,24572
4915,24573
4915,24574
4915,24575
4916,24576
4916,24577
4916,24578
4916,24579
4916,24580
4917,24581
4917,24582
4917,24583
4917,24584
4917,24585
4918,24586
4918,24587
4918,24588
4918,24589
4918,24590
4919,24591
4919,24592
4919,24593
4919,24594
4919,24595
4920,24596
4920,24597
4920,24598
4920,24599
4920,24600
4921,24601
4921,24602
4921,24603
4921,24604
4921,24605
4922,24606
4922,24607
4922,24608
4922,24609
4922,24610
4923,24611
4923,24612
4923,24613
4923,24614
4923,24615
4924,24616
4924,24617
4924,24618
4924,24619
4924,24620
4925,24621
4925,24622
4925,24623
4925,24624
4925,24625
4926,24626
4926,24627
4926,24628
4926,24629
4926,24630
4927,24631
4927,24632
4927,24633
4927,24634
4927,24635
4928,24636
4928,24637
4928,24638
4928,24639
4928,24640
4929,24641
4929,24642
4929,24643
4929,24644
4929,24645
4930,24646
4930,24647
4930,24648
4930,24649
4930,24650
4931,24651
4931,24652
4931,24653
4931,24654
4931,24655
4932,24656
4932,24657
4932,24658
4932,24659
4932,24660
4933,24661
4933,24662
4933,24663
4933,24664
4933,24665
4934,24666
4934,24667
4934,24668
4934,24669
4934,24670
4935,24671
4935,24672
4935,24673
4935,24674
4935,24675
4936,24676
4936,24677
4936,24678
4936,24679
4936,24680
4937,24681
4937,24682
4937,24683
4937,24684
4937,24685
4938,24686
4938,24687
4938,24688
4938,24689
4938,24690
4939,24691
4939,24692
4939,24693
4939,24694
4939,24695
4940,24696
4940,24697
4940,24698
4940,24699
4940,24700
4941,24701
4941,24702
4941,24703
4941,24704
4941,24705
4942,24706
4942,24707
4942,24708
4942,24709
4942,24710
4943,24711
4943,24712
4943,24713
4943,24714
4943,24715
4944,24716
4944,24717
4944,24718
4944,24719
4944,24720
4945,24721
4945,24722
4945,24723
4945,24724
4945,24725
4946,24726
4946,24727
4946,24728
4946,24729
4946,24730
4947,24731
4947,24732
4947,24733
4947,24734
4947,24735
4948,24736
4948,24737
4948,24738
4948,24739
4948,24740
4949,24741
4949,24742
4949,24743
4949,24744
4949,24745
4950,24746
4950,24747
4950,24748
4950,24749
4950,24750
4951,24751
4951,24752
4951,24753
4951,24754
4951,24755
4952,24756
4952,24757
4952,24758
4952,24759
4952,24760
4953,24761
4953,24762
4953,24763
4953,24764
4953,24765
4954,24766
4954,24767
4954,24768
4954,24769
4954,24770
4955,24771
4955,24772
4955,24773
4955,24774
4955,24775
4956,24776
4956,24777
4956,24778
4956,24779
4956,24780
4957,24781
4957,24782
4957,24783
4957,24784
4957,24785
4958,24786
4958,24787
4958,24788
4958,24789
4958,24790
4959,24791
4959,24792
4959,24793
4959,24794
4959,24795
4960,24796
4960,24797
4960,24798
4960,24799
4960,24800
4961,24801
4961,24802
4961,24803
4961,24804
4961,24805
4962,24806
4962,24807
4962,24808
4962,24809
4962,24810
4963,24811
4963,24812
4963,24813
4963,24814
4963,24815
4964,24816
4964,24817
4964,24818
4964,24819
4964,24820
4965,24821
4965,24822
4965,24823
4965,24824
4965,24825
4966,24826
4966,24827
4966,24828
4966,24829
4966,24830
4967,24831
4967,24832
4967,24833
4967,24834
4967,24835
4968,24836
4968,24837
4968,24838
4968,24839
4968,24840
4969,24841
4969,24842
4969,24843
4969,24844
4969,24845
4970,24846
4970,24847
4970,24848
4970,24849
4970,24850
4971,24851
4971,24852
4971,24853
4971,24854
4971,24855
4972,24856
4972,24857
4972,24858
4972,24859
4972,24860
4973,24861
4973,24862
4973,24863
4973,24864
4973,24865
4974,24866
4974,24867
4974,24868
4974,24869
4974,24870
4975,24871
4975,24872
4975,24873
4975,24874
4975,24875
4976,24876
4976,24877
4976,24878
4976,24879
4976,24880
4977,24881
4977,24882
4977,24883
4977,24884
4977,24885
4978,24886
4978,24887
4978,24888
4978,24889
4978,24890
4979,24891
4979,24892
4979,24893
4979,24894
4979,24895
4980,24896
4980,24897
4980,24898
4980,24899
4980,24900
4981,24901
4981,24902
4981,24903
4981,24904
4981,24905
4982,24906
4982,24907
4982,24908
4982,24909
4982,24910
4983,24911
4983,24912
4983,24913
4983,24914
4983,24915
4984,24916
4984,24917
4984,24918
4984,24919
4984,24920
4985,24921
4985,24922
4985,24923
4985,24924
4985,24925
4986,24926
4986,24927
4986,24928
4986,24929
4986,24930
4987,24931
4987,24932
4987,24933
4987,24934
4987,24935
4988,24936
4988,24937
4988,24938
4988,24939
4988,24940
4989,24941
4989,24942
4989,24943
4989,24944
4989,24945
4990,24946
4990,24947
4990,24948
4990,24949
4990,24950
4991,24951
4991,24952
4991,24953
4991,24954
4991,24955
4992,24956
4992,24957
4992,24958
4992,24959
4992,24960
4993,24961
4993,24962
4993,24963
4993,24964
4993,24965
4994,24966
4994,24967
4994,24968
4994,24969
4994,24970
4995,24971
4995,24972
4995,24973
4995,24974
4995,24975
4996,24976
4996,24977
4996,24978
4996,24979
4996,24980
4997,24981
4997,24982
4997,24983
4997,24984
4997,24985
4998,24986
4998,24987
4998,24988
4998,24989
4998,24990
4999,24991
4999,24992
4999,24993
4999,24994
4999,24995
5000,24996
5000,24997
5000,24998
5000,24999
5000,25000
5001,25001
5001,25002
5001,25003
5001,25004
5001,25005
5002,25006
5002,25007
5002,25008
5002,25009
5002,25010
5003,25011
5003,25012
5003,25013
5003,25014
5003,25015
5004,25016
5004,25017
5004,25018
5004,25019
5004,25020
5005,25021
5005,25022
5005,25023
5005,25024
5005,25025
5006,25026
5006,25027
5006,25028
5006,25029
5006,25030
5007,25031
5007,25032
5007,25033
5007,25034
5007,25035
5008,25036
5008,25037
5008,25038
5008,25039
5008,25040
5009,25041
5009,25042
5009,25043
5009,25044
5009,25045
5010,25046
5010,25047
5010,25048
5010,25049
5010,25050
5011,25051
5011,25052
5011,25053
5011,25054
5011,25055
5012,25056
5012,25057
5012,25058
5012,25059
5012,25060
5013,25061
5013,25062
5013,25063
5013,25064
5013,25065
5014,25066
5014,25067
5014,25068
5014,25069
5014,25070
5015,25071
5015,25072
5015,25073
5015,25074
5015,25075
5016,25076
5016,25077
5016,25078
5016,25079
5016,25080
5017,25081
5017,25082
5017,25083
5017,25084
5017,25085
5018,25086
5018,25087
5018,25088
5018,25089
5018,25090
5019,25091
5019,25092
5019,25093
5019,25094
5019,25095
5020,25096
5020,25097
5020,25098
5020,25099
5020,25100
5021,25101
5021,25102
5021,25103
5021,25104
5021,25105
5022,25106
5022,25107
5022,25108
5022,25109
5022,25110
5023,25111
5023,25112
5023,25113
5023,25114
5023,25115
5024,25116
5024,25117
5024,25118
5024,25119
5024,25120
5025,25121
5025,25122
5025,25123
5025,25124
5025,25125
5026,25126
5026,25127
5026,25128
5026,25129
5026,25130
5027,25131
5027,25132
5027,25133
5027,25134
5027,25135
5028,25136
5028,25137
5028,25138
5028,25139
5028,25140
5029,25141
5029,25142
5029,25143
5029,25144
5029,25145
5030,25146
5030,25147
5030,25148
5030,25149
5030,25150
5031,25151
5031,25152
5031,25153
5031,25154
5031,25155
5032,25156
5032,25157
5032,25158
5032,25159
5032,25160
5033,25161
5033,25162
5033,25163
5033,25164
5033,25165
5034,25166
5034,25167
5034,25168
5034,25169
5034,25170
5035,25171
5035,25172
5035,25173
5035,25174
5035,25175
5036,25176
5036,25177
5036,25178
5036,25179
5036,25180
5037,25181
5037,25182
5037,25183
5037,25184
5037,25185
5038,25186
5038,25187
5038,25188
5038,25189
5038,25190
5039,25191
5039,25192
5039,25193
5039,25194
5039,25195
5040,25196
5040,25197
5040,25198
5040,25199
5040,25200
5041,25201
5041,25202
5041,25203
5041,25204
5041,25205
5042,25206
5042,25207
5042,25208
5042,25209
5042,25210
5043,25211
5043,25212
5043,25213
5043,25214
5043,25215
5044,25216
5044,25217
5044,25218
5044,25219
5044,25220
5045,25221
5045,25222
5045,25223
5045,25224
5045,25225
5046,25226
5046,25227
5046,25228
5046,25229
5046,25230
5047,25231
5047,25232
5047,25233
5047,25234
5047,25235
5048,25236
5048,25237
5048,25238
5048,25239
5048,25240
5049,25241
5049,25242
5049,25243
5049,25244
5049,25245
5050,25246
5050,25247
5050,25248
5050,25249
5050,25250
5051,25251
5051,25252
5051,25253
5051,25254
5051,25255
5052,25256
5052,25257
5052,25258
5052,25259
5052,25260
5053,25261
5053,25262
5053,25263
5053,25264
5053,25265
5054,25266
5054,25267
5054,25268
5054,25269
5054,25270
5055,25271
5055,25272
5055,25273
5055,25274
5055,25275
5056,25276
5056,25277
5056,25278
5056,25279
5056,25280
5057,25281
5057,25282
5057,25283
5057,25284
5057,25285
5058,25286
5058,25287
5058,25288
5058,25289
5058,25290
5059,25291
5059,25292
5059,25293
5059,25294
5059,25295
5060,25296
5060,25297
5060,25298
5060,25299
5060,25300
5061,25301
5061,25302
5061,25303
5061,25304
5061,25305
5062,25306
5062,25307
5062,25308
5062,25309
5062,25310
5063,25311
5063,25312
5063,25313
5063,25314
5063,25315
5064,25316
5064,25317
5064,25318
5064,25319
5064,25320
5065,25321
5065,25322
5065,25323
5065,25324
5065,25325
5066,25326
5066,25327
5066,25328
5066,25329
5066,25330
5067,25331
5067,25332
5067,25333
5067,25334
5067,25335
5068,25336
5068,25337
5068,25338
5068,25339
5068,25340
5069,25341
5069,25342
5069,25343
5069,25344
5069,25345
5070,25346
5070,25347
5070,25348
5070,25349
5070,25350
5071,25351
5071,25352
5071,25353
5071,25354
5071,25355
5072,25356
5072,25357
5072,25358
5072,25359
5072,25360
5073,25361
5073,25362
5073,25363
5073,25364
5073,25365
5074,25366
5074,25367
5074,25368
5074,25369
5074,25370
5075,25371
5075,25372
5075,25373
5075,25374
5075,25375
5076,25376
5076,25377
5076,25378
5076,25379
5076,25380
5077,25381
5077,25382
5077,25383
5077,25384
5077,25385
5078,25386
5078,25387
5078,25388
5078,25389
5078,25390
5079,25391
5079,25392
5079,25393
5079,25394
5079,25395
5080,25396
5080,25397
5080,25398
5080,25399
5080,25400
5081,25401
5081,25402
5081,25403
5081,25404
5081,25405
5082,25406
5082,25407
5082,25408
5082,25409
5082,25410
5083,25411
5083,25412
5083,25413
5083,25414
5083,25415
5084,25416
5084,25417
5084,25418
5084,25419
5084,25420
5085,25421
5085,25422
5085,25423
5085,25424
5085,25425
5086,25426
5086,25427
5086,25428
5086,25429
5086,25430
5087,25431
5087,25432
5087,25433
5087,25434
5087,25435
5088,25436
5088,25437
5088,25438
5088,25439
5088,25440
5089,25441
5089,25442
5089,25443
5089,25444
5089,25445
5090,25446
5090,25447
5090,25448
5090,25449
5090,25450
5091,25451
5091,25452
5091,25453
5091,25454
5091,25455
5092,25456
5092,25457
5092,25458
5092,25459
5092,25460
5093,25461
5093,25462
5093,25463
5093,25464
5093,25465
5094,25466
5094,25467
5094,25468
5094,25469
5094,25470
5095,25471
5095,25472
5095,25473
5095,25474
5095,25475
5096,25476
5096,25477
5096,25478
5096,25479
5096,25480
5097,25481
5097,25482
5097,25483
5097,25484
5097,25485
5098,25486
5098,25487
5098,25488
5098,25489
5098,25490
5099,25491
5099,25492
5099,25493
5099,25494
5099,25495
5100,25496
5100,25497
5100,25498
5100,25499
5100,25500
5101,25501
5101,25502
5101,25503
5101,25504
5101,25505
5102,25506
5102,25507
5102,25508
5102,25509
5102,25510
5103,25511
5103,25512
5103,25513
5103,25514
5103,25515
5104,25516
5104,25517
5104,25518
5104,25519
5104,25520
5105,25521
5105,25522
5105,25523
5105,25524
5105,25525
5106,25526
5106,25527
5106,25528
5106,25529
5106,25530
5107,25531
5107,25532
5107,25533
5107,25534
5107,25535
5108,25536
5108,25537
5108,25538
5108,25539
5108,25540
5109,25541
5109,25542
5109,25543
5109,25544
5109,25545
5110,25546
5110,25547
5110,25548
5110,25549
5110,25550
5111,25551
5111,25552
5111,25553
5111,25554
5111,25555
5112,25556
5112,25557
5112,25558
5112,25559
5112,25560
5113,25561
5113,25562
5113,25563
5113,25564
5113,25565
5114,25566
5114,25567
5114,25568
5114,25569
5114,25570
5115,25571
5115,25572
5115,25573
5115,25574
5115,25575
5116,25576
5116,25577
5116,25578
5116,25579
5116,25580
5117,25581
5117,25582
5117,25583
5117,25584
5117,25585
5118,25586
5118,25587
5118,25588
5118,25589
5118,25590
5119,25591
5119,25592
5119,25593
5119,25594
5119,25595
5120,25596
5120,25597
5120,25598
5120,25599
5120,25600
5121,25601
5121,25602
5121,25603
5121,25604
5121,25605
5122,25606
5122,25607
5122,25608
5122,25609
5122,25610
5123,25611
5123,25612
5123,25613
5123,25614
5123,25615
5124,25616
5124,25617
5124,25618
5124,25619
5124,25620
5125,25621
5125,25622
5125,25623
5125,25624
5125,25625
5126,25626
5126,25627
5126,25628
5126,25629
5126,25630
5127,25631
5127,25632
5127,25633
5127,25634
5127,25635
5128,25636
5128,25637
5128,25638
5128,25639
5128,25640
5129,25641
5129,25642
5129,25643
5129,25644
5129,25645
5130,25646
5130,25647
5130,25648
5130,25649
5130,25650
5131,25651
5131,25652
5131,25653
5131,25654
5131,25655
5132,25656
5132,25657
5132,25658
5132,25659
5132,25660
5133,25661
5133,25662
5133,25663
5133,25664
5133,25665
5134,25666
5134,25667
5134,25668
5134,25669
5134,25670
5135,25671
5135,25672
5135,25673
5135,25674
5135,25675
5136,25676
5136,25677
5136,25678
5136,25679
5136,25680
5137,25681
5137,25682
5137,25683
5137,25684
5137,25685
5138,25686
5138,25687
5138,25688
5138,25689
5138,25690
5139,25691
5139,25692
5139,25693
5139,25694
5139,25695
5140,25696
5140,25697
5140,25698
5140,25699
5140,25700
5141,25701
5141,25702
5141,25703
5141,25704
5141,25705
5142,25706
5142,25707
5142,25708
5142,25709
5142,25710
5143,25711
5143,25712
5143,25713
5143,25714
5143,25715
5144,25716
5144,25717
5144,25718
5144,25719
5144,25720
5145,25721
5145,25722
5145,25723
5145,25724
5145,25725
5146,25726
5146,25727
5146,25728
5146,25729
5146,25730
5147,25731
5147,25732
5147,25733
5147,25734
5147,25735
5148,25736
5148,25737
5148,25738
5148,25739
5148,25740
5149,25741
5149,25742
5149,25743
5149,25744
5149,25745
5150,25746
5150,25747
5150,25748
5150,25749
5150,25750
5151,25751
5151,25752
5151,25753
5151,25754
5151,25755
5152,25756
5152,25757
5152,25758
5152,25759
5152,25760
5153,25761
5153,25762
5153,25763
5153,25764
5153,25765
5154,25766
5154,25767
5154,25768
5154,25769
5154,25770
5155,25771
5155,25772
5155,25773
5155,25774
5155,25775
5156,25776
5156,25777
5156,25778
5156,25779
5156,25780
5157,25781
5157,25782
5157,25783
5157,25784
5157,25785
5158,25786
5158,25787
5158,25788
5158,25789
5158,25790
5159,25791
5159,25792
5159,25793
5159,25794
5159,25795
5160,25796
5160,25797
5160,25798
5160,25799
5160,25800
5161,25801
5161,25802
5161,25803
5161,25804
5161,25805
5162,25806
5162,25807
5162,25808
5162,25809
5162,25810
5163,25811
5163,25812
5163,25813
5163,25814
5163,25815
5164,25816
5164,25817
5164,25818
5164,25819
5164,25820
5165,25821
5165,25822
5165,25823
5165,25824
5165,25825
5166,25826
5166,25827
5166,25828
5166,25829
5166,25830
5167,25831
5167,25832
5167,25833
5167,25834
5167,25835
5168,25836
5168,25837
5168,25838
5168,25839
5168,25840
5169,25841
5169,25842
5169,25843
5169,25844
5169,25845
5170,25846
5170,25847
5170,25848
5170,25849
5170,25850
5171,25851
5171,25852
5171,25853
5171,25854
5171,25855
5172,25856
5172,25857
5172,25858
5172,25859
5172,25860
5173,25861
5173,25862
5173,25863
5173,25864
5173,25865
5174,25866
5174,25867
5174,25868
5174,25869
5174,25870
5175,25871
5175,25872
5175,25873
5175,25874
5175,25875
5176,25876
5176,25877
5176,25878
5176,25879
5176,25880
5177,25881
5177,25882
5177,25883
5177,25884
5177,25885
5178,25886
5178,25887
5178,25888
5178,25889
5178,25890
5179,25891
5179,25892
5179,25893
5179,25894
5179,25895
5180,25896
5180,25897
5180,25898
5180,25899
5180,25900
5181,25901
5181,25902
5181,25903
5181,25904
5181,25905
5182,25906
5182,25907
5182,25908
5182,25909
5182,25910
5183,25911
5183,25912
5183,25913
5183,25914
5183,25915
5184,25916
5184,25917
5184,25918
5184,25919
5184,25920
5185,25921
5185,25922
5185,25923
5185,25924
5185,25925
5186,25926
5186,25927
5186,25928
5186,25929
5186,25930
5187,25931
5187,25932
5187,25933
5187,25934
5187,25935
5188,25936
5188,25937
5188,25938
5188,25939
5188,25940
5189,25941
5189,25942
5189,25943
5189,25944
5189,25945
5190,25946
5190,25947
5190,25948
5190,25949
5190,25950
5191,25951
5191,25952
5191,25953
5191,25954
5191,25955
5192,25956
5192,25957
5192,25958
5192,25959
5192,25960
5193,25961
5193,25962
5193,25963
5193,25964
5193,25965
5194,25966
5194,25967
5194,25968
5194,25969
5194,25970
5195,25971
5195,25972
5195,25973
5195,25974
5195,25975
5196,25976
5196,25977
5196,25978
5196,25979
5196,25980
5197,25981
5197,25982
5197,25983
5197,25984
5197,25985
5198,25986
5198,25987
5198,25988
5198,25989
5198,25990
5199,25991
5199,25992
5199,25993
5199,25994
5199,25995
5200,25996
5200,25997
5200,25998
5200,25999
5200,26000
5201,26001
5201,26002
5201,26003
5201,26004
5201,26005
5202,26006
5202,26007
5202,26008
5202,26009
5202,26010
5203,26011
5203,26012
5203,26013
5203,26014
5203,26015
5204,26016
5204,26017
5204,26018
5204,26019
5204,26020
5205,26021
5205,26022
5205,26023
5205,26024
5205,26025
5206,26026
5206,26027
5206,26028
5206,26029
5206,26030
5207,26031
5207,26032
5207,26033
5207,26034
5207,26035
5208,26036
5208,26037
5208,26038
5208,26039
5208,26040
5209,26041
5209,26042
5209,26043
5209,26044
5209,26045
5210,26046
5210,26047
5210,26048
5210,26049
5210,26050
5211,26051
5211,26052
5211,26053
5211,26054
5211,26055
5212,26056
5212,26057
5212,26058
5212,26059
5212,26060
5213,26061
5213,26062
5213,26063
5213,26064
5213,26065
5214,26066
5214,26067
5214,26068
5214,26069
5214,26070
5215,26071
5215,26072
5215,26073
5215,26074
5215,26075
5216,26076
5216,26077
5216,26078
5216,26079
5216,26080
5217,26081
5217,26082
5217,26083
5217,26084
5217,26085
5218,26086
5218,26087
5218,26088
5218,26089
5218,26090
5219,26091
5219,26092
5219,26093
5219,26094
5219,26095
5220,26096
5220,26097
5220,26098
5220,26099
5220,26100
5221,26101
5221,26102
5221,26103
5221,26104
5221,26105
5222,26106
5222,26107
5222,26108
5222,26109
5222,26110
5223,26111
5223,26112
5223,26113
5223,26114
5223,26115
5224,26116
5224,26117
5224,26118
5224,26119
5224,26120
5225,26121
5225,26122
5225,26123
5225,26124
5225,26125
5226,26126
5226,26127
5226,26128
5226,26129
5226,26130
5227,26131
5227,26132
5227,26133
5227,26134
5227,26135
5228,26136
5228,26137
5228,26138
5228,26139
5228,26140
5229,26141
5229,26142
5229,26143
5229,26144
5229,26145
5230,26146
5230,26147
5230,26148
5230,26149
5230,26150
5231,26151
5231,26152
5231,26153
5231,26154
5231,26155
5232,26156
5232,26157
5232,26158
5232,26159
5232,26160
5233,26161
5233,26162
5233,26163
5233,26164
5233,26165
5234,26166
5234,26167
5234,26168
5234,26169
5234,26170
5235,26171
5235,26172
5235,26173
5235,26174
5235,26175
5236,26176
5236,26177
5236,26178
5236,26179
5236,26180
5237,26181
5237,26182
5237,26183
5237,26184
5237,26185
5238,26186
5238,26187
5238,26188
5238,26189
5238,26190
5239,26191
5239,26192
5239,26193
5239,26194
5239,26195
5240,26196
5240,26197
5240,26198
5240,26199
5240,26200
5241,26201
5241,26202
5241,26203
5241,26204
5241,26205
5242,26206
5242,26207
5242,26208
5242,26209
5242,26210
5243,26211
5243,26212
5243,26213
5243,26214
5243,26215
5244,26216
5244,26217
5244,26218
5244,26219
5244,26220
5245,26221
5245,26222
5245,26223
5245,26224
5245,26225
5246,26226
5246,26227
5246,26228
5246,26229
5246,26230
5247,26231
5247,26232
5247,26233
5247,26234
5247,26235
5248,26236
5248,26237
5248,26238
5248,26239
5248,26240
5249,26241
5249,26242
5249,26243
5249,26244
5249,26245
5250,26246
5250,26247
5250,26248
5250,26249
5250,26250
5251,26251
5251,26252
5251,26253
5251,26254
5251,26255
5252,26256
5252,26257
5252,26258
5252,26259
5252,26260
5253,26261
5253,26262
5253,26263
5253,26264
5253,26265
5254,26266
5254,26267
5254,26268
5254,26269
5254,26270
5255,26271
5255,26272
5255,26273
5255,26274
5255,26275
5256,26276
5256,26277
5256,26278
5256,26279
5256,26280
5257,26281
5257,26282
5257,26283
5257,26284
5257,26285
5258,26286
5258,26287
5258,26288
5258,26289
5258,26290
5259,26291
5259,26292
5259,26293
5259,26294
5259,26295
5260,26296
5260,26297
5260,26298
5260,26299
5260,26300
5261,26301
5261,26302
5261,26303
5261,26304
5261,26305
5262,26306
5262,26307
5262,26308
5262,26309
5262,26310
5263,26311
5263,26312
5263,26313
5263,26314
5263,26315
5264,26316
5264,26317
5264,26318
5264,26319
5264,26320
5265,26321
5265,26322
5265,26323
5265,26324
5265,26325
5266,26326
5266,26327
5266,26328
5266,26329
5266,26330
5267,26331
5267,26332
5267,26333
5267,26334
5267,26335
5268,26336
5268,26337
5268,26338
5268,26339
5268,26340
5269,26341
5269,26342
5269,26343
5269,26344
5269,26345
5270,26346
5270,26347
5270,26348
5270,26349
5270,26350
5271,26351
5271,26352
5271,26353
5271,26354
5271,26355
5272,26356
5272,26357
5272,26358
5272,26359
5272,26360
5273,26361
5273,26362
5273,26363
5273,26364
5273,26365
5274,26366
5274,26367
5274,26368
5274,26369
5274,26370
5275,26371
5275,26372
5275,26373
5275,26374
5275,26375
5276,26376
5276,26377
5276,26378
5276,26379
5276,26380
5277,26381
5277,26382
5277,26383
5277,26384
5277,26385
5278,26386
5278,26387
5278,26388
5278,26389
5278,26390
5279,26391
5279,26392
5279,26393
5279,26394
5279,26395
5280,26396
5280,26397
5280,26398
5280,26399
5280,26400
5281,26401
5281,26402
5281,26403
5281,26404
5281,26405
5282,26406
5282,26407
5282,26408
5282,26409
5282,26410
5283,26411
5283,26412
5283,26413
5283,26414
5283,26415
5284,26416
5284,26417
5284,26418
5284,26419
5284,26420
5285,26421
5285,26422
5285,26423
5285,26424
5285,26425
5286,26426
5286,26427
5286,26428
5286,26429
5286,26430
5287,26431
5287,26432
5287,26433
5287,26434
5287,26435
5288,26436
5288,26437
5288,26438
5288,26439
5288,26440
5289,26441
5289,26442
5289,26443
5289,26444
5289,26445
5290,26446
5290,26447
5290,26448
5290,26449
5290,26450
5291,26451
5291,26452
5291,26453
5291,26454
5291,26455
5292,26456
5292,26457
5292,26458
5292,26459
5292,26460
5293,26461
5293,26462
5293,26463
5293,26464
5293,26465
5294,26466
5294,26467
5294,26468
5294,26469
5294,26470
5295,26471
5295,26472
5295,26473
5295,26474
5295,26475
5296,26476
5296,26477
5296,26478
5296,26479
5296,26480
5297,26481
5297,26482
5297,26483
5297,26484
5297,26485
5298,26486
5298,26487
5298,26488
5298,26489
5298,26490
5299,26491
5299,26492
5299,26493
5299,26494
5299,26495
5300,26496
5300,26497
5300,26498
5300,26499
5300,26500
5301,26501
5301,26502
5301,26503
5301,26504
5301,26505
5302,26506
5302,26507
5302,26508
5302,26509
5302,26510
5303,26511
5303,26512
5303,26513
5303,26514
5303,26515
5304,26516
5304,26517
5304,26518
5304,26519
5304,26520
5305,26521
5305,26522
5305,26523
5305,26524
5305,26525
5306,26526
5306,26527
5306,26528
5306,26529
5306,26530
5307,26531
5307,26532
5307,26533
5307,26534
5307,26535
5308,26536
5308,26537
5308,26538
5308,26539
5308,26540
5309,26541
5309,26542
5309,26543
5309,26544
5309,26545
5310,26546
5310,26547
5310,26548
5310,26549
5310,26550
5311,26551
5311,26552
5311,26553
5311,26554
5311,26555
5312,26556
5312,26557
5312,26558
5312,26559
5312,26560
5313,26561
5313,26562
5313,26563
5313,26564
5313,26565
5314,26566
5314,26567
5314,26568
5314,26569
5314,26570
5315,26571
5315,26572
5315,26573
5315,26574
5315,26575
5316,26576
5316,26577
5316,26578
5316,26579
5316,26580
5317,26581
5317,26582
5317,26583
5317,26584
5317,26585
5318,26586
5318,26587
5318,26588
5318,26589
5318,26590
5319,26591
5319,26592
5319,26593
5319,26594
5319,26595
5320,26596
5320,26597
5320,26598
5320,26599
5320,26600
5321,26601
5321,26602
5321,26603
5321,26604
5321,26605
5322,26606
5322,26607
5322,26608
5322,26609
5322,26610
5323,26611
5323,26612
5323,26613
5323,26614
5323,26615
5324,26616
5324,26617
5324,26618
5324,26619
5324,26620
5325,26621
5325,26622
5325,26623
5325,26624
5325,26625
5326,26626
5326,26627
5326,26628
5326,26629
5326,26630
5327,26631
5327,26632
5327,26633
5327,26634
5327,26635
5328,26636
5328,26637
5328,26638
5328,26639
5328,26640
5329,26641
5329,26642
5329,26643
5329,26644
5329,26645
5330,26646
5330,26647
5330,26648
5330,26649
5330,26650
5331,26651
5331,26652
5331,26653
5331,26654
5331,26655
5332,26656
5332,26657
5332,26658
5332,26659
5332,26660
5333,26661
5333,26662
5333,26663
5333,26664
5333,26665
5334,26666
5334,26667
5334,26668
5334,26669
5334,26670
5335,26671
5335,26672
5335,26673
5335,26674
5335,26675
5336,26676
5336,26677
5336,26678
5336,26679
5336,26680
5337,26681
5337,26682
5337,26683
5337,26684
5337,26685
5338,26686
5338,26687
5338,26688
5338,26689
5338,26690
5339,26691
5339,26692
5339,26693
5339,26694
5339,26695
5340,26696
5340,26697
5340,26698
5340,26699
5340,26700
5341,26701
5341,26702
5341,26703
5341,26704
5341,26705
5342,26706
5342,26707
5342,26708
5342,26709
5342,26710
5343,26711
5343,26712
5343,26713
5343,26714
5343,26715
5344,26716
5344,26717
5344,26718
5344,26719
5344,26720
5345,26721
5345,26722
5345,26723
5345,26724
5345,26725
5346,26726
5346,26727
5346,26728
5346,26729
5346,26730
5347,26731
5347,26732
5347,26733
5347,26734
5347,26735
5348,26736
5348,26737
5348,26738
5348,26739
5348,26740
5349,26741
5349,26742
5349,26743
5349,26744
5349,26745
5350,26746
5350,26747
5350,26748
5350,26749
5350,26750
5351,26751
5351,26752
5351,26753
5351,26754
5351,26755
5352,26756
5352,26757
5352,26758
5352,26759
5352,26760
5353,26761
5353,26762
5353,26763
5353,26764
5353,26765
5354,26766
5354,26767
5354,26768
5354,26769
5354,26770
5355,26771
5355,26772
5355,26773
5355,26774
5355,26775
5356,26776
5356,26777
5356,26778
5356,26779
5356,26780
5357,26781
5357,26782
5357,26783
5357,26784
5357,26785
5358,26786
5358,26787
5358,26788
5358,26789
5358,26790
5359,26791
5359,26792
5359,26793
5359,26794
5359,26795
5360,26796
5360,26797
5360,26798
5360,26799
5360,26800
5361,26801
5361,26802
5361,26803
5361,26804
5361,26805
5362,26806
5362,26807
5362,26808
5362,26809
5362,26810
5363,26811
5363,26812
5363,26813
5363,26814
5363,26815
5364,26816
5364,26817
5364,26818
5364,26819
5364,26820
5365,26821
5365,26822
5365,26823
5365,26824
5365,26825
5366,26826
5366,26827
5366,26828
5366,26829
5366,26830
5367,26831
5367,26832
5367,26833
5367,26834
5367,26835
5368,26836
5368,26837
5368,26838
5368,26839
5368,26840
5369,26841
5369,26842
5369,26843
5369,26844
5369,26845
5370,26846
5370,26847
5370,26848
5370,26849
5370,26850
5371,26851
5371,26852
5371,26853
5371,26854
5371,26855
5372,26856
5372,26857
5372,26858
5372,26859
5372,26860
5373,26861
5373,26862
5373,26863
5373,26864
5373,26865
5374,26866
5374,26867
5374,26868
5374,26869
5374,26870
5375,26871
5375,26872
5375,26873
5375,26874
5375,26875
5376,26876
5376,26877
5376,26878
5376,26879
5376,26880
5377,26881
5377,26882
5377,26883
5377,26884
5377,26885
5378,26886
5378,26887
5378,26888
5378,26889
5378,26890
5379,26891
5379,26892
5379,26893
5379,26894
5379,26895
5380,26896
5380,26897
5380,26898
5380,26899
5380,26900
5381,26901
5381,26902
5381,26903
5381,26904
5381,26905
5382,26906
5382,26907
5382,26908
5382,26909
5382,26910
5383,26911
5383,26912
5383,26913
5383,26914
5383,26915
5384,26916
5384,26917
5384,26918
5384,26919
5384,26920
5385,26921
5385,26922
5385,26923
5385,26924
5385,26925
5386,26926
5386,26927
5386,26928
5386,26929
5386,26930
5387,26931
5387,26932
5387,26933
5387,26934
5387,26935
5388,26936
5388,26937
5388,26938
5388,26939
5388,26940
5389,26941
5389,26942
5389,26943
5389,26944
5389,26945
5390,26946
5390,26947
5390,26948
5390,26949
5390,26950
5391,26951
5391,26952
5391,26953
5391,26954
5391,26955
5392,26956
5392,26957
5392,26958
5392,26959
5392,26960
5393,26961
5393,26962
5393,26963
5393,26964
5393,26965
5394,26966
5394,26967
5394,26968
5394,26969
5394,26970
5395,26971
5395,26972
5395,26973
5395,26974
5395,26975
5396,26976
5396,26977
5396,26978
5396,26979
5396,26980
5397,26981
5397,26982
5397,26983
5397,26984
5397,26985
5398,26986
5398,26987
5398,26988
5398,26989
5398,26990
5399,26991
5399,26992
5399,26993
5399,26994
5399,26995
5400,26996
5400,26997
5400,26998
5400,26999
5400,27000
5401,27001
5401,27002
5401,27003
5401,27004
5401,27005
5402,27006
5402,27007
5402,27008
5402,27009
5402,27010
5403,27011
5403,27012
5403,27013
5403,27014
5403,27015
5404,27016
5404,27017
5404,27018
5404,27019
5404,27020
5405,27021
5405,27022
5405,27023
5405,27024
5405,27025
5406,27026
5406,27027
5406,27028
5406,27029
5406,27030
5407,27031
5407,27032
5407,27033
5407,27034
5407,27035
5408,27036
5408,27037
5408,27038
5408,27039
5408,27040
5409,27041
5409,27042
5409,27043
5409,27044
5409,27045
5410,27046
5410,27047
5410,27048
5410,27049
5410,27050
5411,27051
5411,27052
5411,27053
5411,27054
5411,27055
5412,27056
5412,27057
5412,27058
5412,27059
5412,27060
5413,27061
5413,27062
5413,27063
5413,27064
5413,27065
5414,27066
5414,27067
5414,27068
5414,27069
5414,27070
5415,27071
5415,27072
5415,27073
5415,27074
5415,27075
5416,27076
5416,27077
5416,27078
5416,27079
5416,27080
5417,27081
5417,27082
5417,27083
5417,27084
5417,27085
5418,27086
5418,27087
5418,27088
5418,27089
5418,27090
5419,27091
5419,27092
5419,27093
5419,27094
5419,27095
5420,27096
5420,27097
5420,27098
5420,27099
5420,27100
5421,27101
5421,27102
5421,27103
5421,27104
5421,27105
5422,27106
5422,27107
5422,27108
5422,27109
5422,27110
5423,27111
5423,27112
5423,27113
5423,27114
5423,27115
5424,27116
5424,27117
5424,27118
5424,27119
5424,27120
5425,27121
5425,27122
5425,27123
5425,27124
5425,27125
5426,27126
5426,27127
5426,27128
5426,27129
5426,27130
5427,27131
5427,27132
5427,27133
5427,27134
5427,27135
5428,27136
5428,27137
5428,27138
5428,27139
5428,27140
5429,27141
5429,27142
5429,27143
5429,27144
5429,27145
5430,27146
5430,27147
5430,27148
5430,27149
5430,27150
5431,27151
5431,27152
5431,27153
5431,27154
5431,27155
5432,27156
5432,27157
5432,27158
5432,27159
5432,27160
5433,27161
5433,27162
5433,27163
5433,27164
5433,27165
5434,27166
5434,27167
5434,27168
5434,27169
5434,27170
5435,27171
5435,27172
5435,27173
5435,27174
5435,27175
5436,27176
5436,27177
5436,27178
5436,27179
5436,27180
5437,27181
5437,27182
5437,27183
5437,27184
5437,27185
5438,27186
5438,27187
5438,27188
5438,27189
5438,27190
5439,27191
5439,27192
5439,27193
5439,27194
5439,27195
5440,27196
5440,27197
5440,27198
5440,27199
5440,27200
5441,27201
5441,27202
5441,27203
5441,27204
5441,27205
5442,27206
5442,27207
5442,27208
5442,27209
5442,27210
5443,27211
5443,27212
5443,27213
5443,27214
5443,27215
5444,27216
5444,27217
5444,27218
5444,27219
5444,27220
5445,27221
5445,27222
5445,27223
5445,27224
5445,27225
5446,27226
5446,27227
5446,27228
5446,27229
5446,27230
5447,27231
5447,27232
5447,27233
5447,27234
5447,27235
5448,27236
5448,27237
5448,27238
5448,27239
5448,27240
5449,27241
5449,27242
5449,27243
5449,27244
5449,27245
5450,27246
5450,27247
5450,27248
5450,27249
5450,27250
5451,27251
5451,27252
5451,27253
5451,27254
5451,27255
5452,27256
5452,27257
5452,27258
5452,27259
5452,27260
5453,27261
5453,27262
5453,27263
5453,27264
5453,27265
5454,27266
5454,27267
5454,27268
5454,27269
5454,27270
5455,27271
5455,27272
5455,27273
5455,27274
5455,27275
5456,27276
5456,27277
5456,27278
5456,27279
5456,27280
5457,27281
5457,27282
5457,27283
5457,27284
5457,27285
5458,27286
5458,27287
5458,27288
5458,27289
5458,27290
5459,27291
5459,27292
5459,27293
5459,27294
5459,27295
5460,27296
5460,27297
5460,27298
5460,27299
5460,27300
5461,27301
5461,27302
5461,27303
5461,27304
5461,27305
5462,27306
5462,27307
5462,27308
5462,27309
5462,27310
5463,27311
5463,27312
5463,27313
5463,27314
5463,27315
5464,27316
5464,27317
5464,27318
5464,27319
5464,27320
5465,27321
5465,27322
5465,27323
5465,27324
5465,27325
5466,27326
5466,27327
5466,27328
5466,27329
5466,27330
5467,27331
5467,27332
5467,27333
5467,27334
5467,27335
5468,27336
5468,27337
5468,27338
5468,27339
5468,27340
5469,27341
5469,27342
5469,27343
5469,27344
5469,27345
5470,27346
5470,27347
5470,27348
5470,27349
5470,27350
5471,27351
5471,27352
5471,27353
5471,27354
5471,27355
5472,27356
5472,27357
5472,27358
5472,27359
5472,27360
5473,27361
5473,27362
5473,27363
5473,27364
5473,27365
5474,27366
5474,27367
5474,27368
5474,27369
5474,27370
5475,27371
5475,27372
5475,27373
5475,27374
5475,27375
5476,27376
5476,27377
5476,27378
5476,27379
5476,27380
5477,27381
5477,27382
5477,27383
5477,27384
5477,27385
5478,27386
5478,27387
5478,27388
5478,27389
5478,27390
5479,27391
5479,27392
5479,27393
5479,27394
5479,27395
5480,27396
5480,27397
5480,27398
5480,27399
5480,27400
5481,27401
5481,27402
5481,27403
5481,27404
5481,27405
5482,27406
5482,27407
5482,27408
5482,27409
5482,27410
5483,27411
5483,27412
5483,27413
5483,27414
5483,27415
5484,27416
5484,27417
5484,27418
5484,27419
5484,27420
5485,27421
5485,27422
5485,27423
5485,27424
5485,27425
5486,27426
5486,27427
5486,27428
5486,27429
5486,27430
5487,27431
5487,27432
5487,27433
5487,27434
5487,27435
5488,27436
5488,27437
5488,27438
5488,27439
5488,27440
5489,27441
5489,27442
5489,27443
5489,27444
5489,27445
5490,27446
5490,27447
5490,27448
5490,27449
5490,27450
5491,27451
5491,27452
5491,27453
5491,27454
5491,27455
5492,27456
5492,27457
5492,27458
5492,27459
5492,27460
5493,27461
5493,27462
5493,27463
5493,27464
5493,27465
5494,27466
5494,27467
5494,27468
5494,27469
5494,27470
5495,27471
5495,27472
5495,27473
5495,27474
5495,27475
5496,27476
5496,27477
5496,27478
5496,27479
5496,27480
5497,27481
5497,27482
5497,27483
5497,27484
5497,27485
5498,27486
5498,27487
5498,27488
5498,27489
5498,27490
5499,27491
5499,27492
5499,27493
5499,27494
5499,27495
5500,27496
5500,27497
5500,27498
5500,27499
5500,27500
5501,27501
5501,27502
5501,27503
5501,27504
5501,27505
5502,27506
5502,27507
5502,27508
5502,27509
5502,27510
5503,27511
5503,27512
5503,27513
5503,27514
5503,27515
5504,27516
5504,27517
5504,27518
5504,27519
5504,27520
5505,27521
5505,27522
5505,27523
5505,27524
5505,27525
5506,27526
5506,27527
5506,27528
5506,27529
5506,27530
5507,27531
5507,27532
5507,27533
5507,27534
5507,27535
5508,27536
5508,27537
5508,27538
5508,27539
5508,27540
5509,27541
5509,27542
5509,27543
5509,27544
5509,27545
5510,27546
5510,27547
5510,27548
5510,27549
5510,27550
5511,27551
5511,27552
5511,27553
5511,27554
5511,27555
5512,27556
5512,27557
5512,27558
5512,27559
5512,27560
5513,27561
5513,27562
5513,27563
5513,27564
5513,27565
5514,27566
5514,27567
5514,27568
5514,27569
5514,27570
5515,27571
5515,27572
5515,27573
5515,27574
5515,27575
5516,27576
5516,27577
5516,27578
5516,27579
5516,27580
5517,27581
5517,27582
5517,27583
5517,27584
5517,27585
5518,27586
5518,27587
5518,27588
5518,27589
5518,27590
5519,27591
5519,27592
5519,27593
5519,27594
5519,27595
5520,27596
5520,27597
5520,27598
5520,27599
5520,27600
5521,27601
5521,27602
5521,27603
5521,27604
5521,27605
5522,27606
5522,27607
5522,27608
5522,27609
5522,27610
5523,27611
5523,27612
5523,27613
5523,27614
5523,27615
5524,27616
5524,27617
5524,27618
5524,27619
5524,27620
5525,27621
5525,27622
5525,27623
5525,27624
5525,27625
5526,27626
5526,27627
5526,27628
5526,27629
5526,27630
5527,27631
5527,27632
5527,27633
5527,27634
5527,27635
5528,27636
5528,27637
5528,27638
5528,27639
5528,27640
5529,27641
5529,27642
5529,27643
5529,27644
5529,27645
5530,27646
5530,27647
5530,27648
5530,27649
5530,27650
5531,27651
5531,27652
5531,27653
5531,27654
5531,27655
5532,27656
5532,27657
5532,27658
5532,27659
5532,27660
5533,27661
5533,27662
5533,27663
5533,27664
5533,27665
5534,27666
5534,27667
5534,27668
5534,27669
5534,27670
5535,27671
5535,27672
5535,27673
5535,27674
5535,27675
5536,27676
5536,27677
5536,27678
5536,27679
5536,27680
5537,27681
5537,27682
5537,27683
5537,27684
5537,27685
5538,27686
5538,27687
5538,27688
5538,27689
5538,27690
5539,27691
5539,27692
5539,27693
5539,27694
5539,27695
5540,27696
5540,27697
5540,27698
5540,27699
5540,27700
5541,27701
5541,27702
5541,27703
5541,27704
5541,27705
5542,27706
5542,27707
5542,27708
5542,27709
5542,27710
5543,27711
5543,27712
5543,27713
5543,27714
5543,27715
5544,27716
5544,27717
5544,27718
5544,27719
5544,27720
5545,27721
5545,27722
5545,27723
5545,27724
5545,27725
5546,27726
5546,27727
5546,27728
5546,27729
5546,27730
5547,27731
5547,27732
5547,27733
5547,27734
5547,27735
5548,27736
5548,27737
5548,27738
5548,27739
5548,27740
5549,27741
5549,27742
5549,27743
5549,27744
5549,27745
5550,27746
5550,27747
5550,27748
5550,27749
5550,27750
5551,27751
5551,27752
5551,27753
5551,27754
5551,27755
5552,27756
5552,27757
5552,27758
5552,27759
5552,27760
5553,27761
5553,27762
5553,27763
5553,27764
5553,27765
5554,27766
5554,27767
5554,27768
5554,27769
5554,27770
5555,27771
5555,27772
5555,27773
5555,27774
5555,27775
5556,27776
5556,27777
5556,27778
5556,27779
5556,27780
5557,27781
5557,27782
5557,27783
5557,27784
5557,27785
5558,27786
5558,27787
5558,27788
5558,27789
5558,27790
5559,27791
5559,27792
5559,27793
5559,27794
5559,27795
5560,27796
5560,27797
5560,27798
5560,27799
5560,27800
5561,27801
5561,27802
5561,27803
5561,27804
5561,27805
5562,27806
5562,27807
5562,27808
5562,27809
5562,27810
5563,27811
5563,27812
5563,27813
5563,27814
5563,27815
5564,27816
5564,27817
5564,27818
5564,27819
5564,27820
5565,27821
5565,27822
5565,27823
5565,27824
5565,27825
5566,27826
5566,27827
5566,27828
5566,27829
5566,27830
5567,27831
5567,27832
5567,27833
5567,27834
5567,27835
5568,27836
5568,27837
5568,27838
5568,27839
5568,27840
5569,27841
5569,27842
5569,27843
5569,27844
5569,27845
5570,27846
5570,27847
5570,27848
5570,27849
5570,27850
5571,27851
5571,27852
5571,27853
5571,27854
5571,27855
5572,27856
5572,27857
5572,27858
5572,27859
5572,27860
5573,27861
5573,27862
5573,27863
5573,27864
5573,27865
5574,27866
5574,27867
5574,27868
5574,27869
5574,27870
5575,27871
5575,27872
5575,27873
5575,27874
5575,27875
5576,27876
5576,27877
5576,27878
5576,27879
5576,27880
5577,27881
5577,27882
5577,27883
5577,27884
5577,27885
5578,27886
5578,27887
5578,27888
5578,27889
5578,27890
5579,27891
5579,27892
5579,27893
5579,27894
5579,27895
5580,27896
5580,27897
5580,27898
5580,27899
5580,27900
5581,27901
5581,27902
5581,27903
5581,27904
5581,27905
5582,27906
5582,27907
5582,27908
5582,27909
5582,27910
5583,27911
5583,27912
5583,27913
5583,27914
5583,27915
5584,27916
5584,27917
5584,27918
5584,27919
5584,27920
5585,27921
5585,27922
5585,27923
5585,27924
5585,27925
5586,27926
5586,27927
5586,27928
5586,27929
5586,27930
5587,27931
5587,27932
5587,27933
5587,27934
5587,27935
5588,27936
5588,27937
5588,27938
5588,27939
5588,27940
5589,27941
5589,27942
5589,27943
5589,27944
5589,27945
5590,27946
5590,27947
5590,27948
5590,27949
5590,27950
5591,27951
5591,27952
5591,27953
5591,27954
5591,27955
5592,27956
5592,27957
5592,27958
5592,27959
5592,27960
5593,27961
5593,27962
5593,27963
5593,27964
5593,27965
5594,27966
5594,27967
5594,27968
5594,27969
5594,27970
5595,27971
5595,27972
5595,27973
5595,27974
5595,27975
5596,27976
5596,27977
5596,27978
5596,27979
5596,27980
5597,27981
5597,27982
5597,27983
5597,27984
5597,27985
5598,27986
5598,27987
5598,27988
5598,27989
5598,27990
5599,27991
5599,27992
5599,27993
5599,27994
5599,27995
5600,27996
5600,27997
5600,27998
5600,27999
5600,28000
5601,28001
5601,28002
5601,28003
5601,28004
5601,28005
5602,28006
5602,28007
5602,28008
5602,28009
5602,28010
5603,28011
5603,28012
5603,28013
5603,28014
5603,28015
5604,28016
5604,28017
5604,28018
5604,28019
5604,28020
5605,28021
5605,28022
5605,28023
5605,28024
5605,28025
5606,28026
5606,28027
5606,28028
5606,28029
5606,28030
5607,28031
5607,28032
5607,28033
5607,28034
5607,28035
5608,28036
5608,28037
5608,28038
5608,28039
5608,28040
5609,28041
5609,28042
5609,28043
5609,28044
5609,28045
5610,28046
5610,28047
5610,28048
5610,28049
5610,28050
5611,28051
5611,28052
5611,28053
5611,28054
5611,28055
5612,28056
5612,28057
5612,28058
5612,28059
5612,28060
5613,28061
5613,28062
5613,28063
5613,28064
5613,28065
5614,28066
5614,28067
5614,28068
5614,28069
5614,28070
5615,28071
5615,28072
5615,28073
5615,28074
5615,28075
5616,28076
5616,28077
5616,28078
5616,28079
5616,28080
5617,28081
5617,28082
5617,28083
5617,28084
5617,28085
5618,28086
5618,28087
5618,28088
5618,28089
5618,28090
5619,28091
5619,28092
5619,28093
5619,28094
5619,28095
5620,28096
5620,28097
5620,28098
5620,28099
5620,28100
5621,28101
5621,28102
5621,28103
5621,28104
5621,28105
5622,28106
5622,28107
5622,28108
5622,28109
5622,28110
5623,28111
5623,28112
5623,28113
5623,28114
5623,28115
5624,28116
5624,28117
5624,28118
5624,28119
5624,28120
5625,28121
5625,28122
5625,28123
5625,28124
5625,28125
5626,28126
5626,28127
5626,28128
5626,28129
5626,28130
5627,28131
5627,28132
5627,28133
5627,28134
5627,28135
5628,28136
5628,28137
5628,28138
5628,28139
5628,28140
5629,28141
5629,28142
5629,28143
5629,28144
5629,28145
5630,28146
5630,28147
5630,28148
5630,28149
5630,28150
5631,28151
5631,28152
5631,28153
5631,28154
5631,28155
5632,28156
5632,28157
5632,28158
5632,28159
5632,28160
5633,28161
5633,28162
5633,28163
5633,28164
5633,28165
5634,28166
5634,28167
5634,28168
5634,28169
5634,28170
5635,28171
5635,28172
5635,28173
5635,28174
5635,28175
5636,28176
5636,28177
5636,28178
5636,28179
5636,28180
5637,28181
5637,28182
5637,28183
5637,28184
5637,28185
5638,28186
5638,28187
5638,28188
5638,28189
5638,28190
5639,28191
5639,28192
5639,28193
5639,28194
5639,28195
5640,28196
5640,28197
5640,28198
5640,28199
5640,28200
5641,28201
5641,28202
5641,28203
5641,28204
5641,28205
5642,28206
5642,28207
5642,28208
5642,28209
5642,28210
5643,28211
5643,28212
5643,28213
5643,28214
5643,28215
5644,28216
5644,28217
5644,28218
5644,28219
5644,28220
5645,28221
5645,28222
5645,28223
5645,28224
5645,28225
5646,28226
5646,28227
5646,28228
5646,28229
5646,28230
5647,28231
5647,28232
5647,28233
5647,28234
5647,28235
5648,28236
5648,28237
5648,28238
5648,28239
5648,28240
5649,28241
5649,28242
5649,28243
5649,28244
5649,28245
5650,28246
5650,28247
5650,28248
5650,28249
5650,28250
5651,28251
5651,28252
5651,28253
5651,28254
5651,28255
5652,28256
5652,28257
5652,28258
5652,28259
5652,28260
5653,28261
5653,28262
5653,28263
5653,28264
5653,28265
5654,28266
5654,28267
5654,28268
5654,28269
5654,28270
5655,28271
5655,28272
5655,28273
5655,28274
5655,28275
5656,28276
5656,28277
5656,28278
5656,28279
5656,28280
5657,28281
5657,28282
5657,28283
5657,28284
5657,28285
5658,28286
5658,28287
5658,28288
5658,28289
5658,28290
5659,28291
5659,28292
5659,28293
5659,28294
5659,28295
5660,28296
5660,28297
5660,28298
5660,28299
5660,28300
5661,28301
5661,28302
5661,28303
5661,28304
5661,28305
5662,28306
5662,28307
5662,28308
5662,28309
5662,28310
5663,28311
5663,28312
5663,28313
5663,28314
5663,28315
5664,28316
5664,28317
5664,28318
5664,28319
5664,28320
5665,28321
5665,28322
5665,28323
5665,28324
5665,28325
5666,28326
5666,28327
5666,28328
5666,28329
5666,28330
5667,28331
5667,28332
5667,28333
5667,28334
5667,28335
5668,28336
5668,28337
5668,28338
5668,28339
5668,28340
5669,28341
5669,28342
5669,28343
5669,28344
5669,28345
5670,28346
5670,28347
5670,28348
5670,28349
5670,28350
5671,28351
5671,28352
5671,28353
5671,28354
5671,28355
5672,28356
5672,28357
5672,28358
5672,28359
5672,28360
5673,28361
5673,28362
5673,28363
5673,28364
5673,28365
5674,28366
5674,28367
5674,28368
5674,28369
5674,28370
5675,28371
5675,28372
5675,28373
5675,28374
5675,28375
5676,28376
5676,28377
5676,28378
5676,28379
5676,28380
5677,28381
5677,28382
5677,28383
5677,28384
5677,28385
5678,28386
5678,28387
5678,28388
5678,28389
5678,28390
5679,28391
5679,28392
5679,28393
5679,28394
5679,28395
5680,28396
5680,28397
5680,28398
5680,28399
5680,28400
5681,28401
5681,28402
5681,28403
5681,28404
5681,28405
5682,28406
5682,28407
5682,28408
5682,28409
5682,28410
5683,28411
5683,28412
5683,28413
5683,28414
5683,28415
5684,28416
5684,28417
5684,28418
5684,28419
5684,28420
5685,28421
5685,28422
5685,28423
5685,28424
5685,28425
5686,28426
5686,28427
5686,28428
5686,28429
5686,28430
5687,28431
5687,28432
5687,28433
5687,28434
5687,28435
5688,28436
5688,28437
5688,28438
5688,28439
5688,28440
5689,28441
5689,28442
5689,28443
5689,28444
5689,28445
5690,28446
5690,28447
5690,28448
5690,28449
5690,28450
5691,28451
5691,28452
5691,28453
5691,28454
5691,28455
5692,28456
5692,28457
5692,28458
5692,28459
5692,28460
5693,28461
5693,28462
5693,28463
5693,28464
5693,28465
5694,28466
5694,28467
5694,28468
5694,28469
5694,28470
5695,28471
5695,28472
5695,28473
5695,28474
5695,28475
5696,28476
5696,28477
5696,28478
5696,28479
5696,28480
5697,28481
5697,28482
5697,28483
5697,28484
5697,28485
5698,28486
5698,28487
5698,28488
5698,28489
5698,28490
5699,28491
5699,28492
5699,28493
5699,28494
5699,28495
5700,28496
5700,28497
5700,28498
5700,28499
5700,28500
5701,28501
5701,28502
5701,28503
5701,28504
5701,28505
5702,28506
5702,28507
5702,28508
5702,28509
5702,28510
5703,28511
5703,28512
5703,28513
5703,28514
5703,28515
5704,28516
5704,28517
5704,28518
5704,28519
5704,28520
5705,28521
5705,28522
5705,28523
5705,28524
5705,28525
5706,28526
5706,28527
5706,28528
5706,28529
5706,28530
5707,28531
5707,28532
5707,28533
5707,28534
5707,28535
5708,28536
5708,28537
5708,28538
5708,28539
5708,28540
5709,28541
5709,28542
5709,28543
5709,28544
5709,28545
5710,28546
5710,28547
5710,28548
5710,28549
5710,28550
5711,28551
5711,28552
5711,28553
5711,28554
5711,28555
5712,28556
5712,28557
5712,28558
5712,28559
5712,28560
5713,28561
5713,28562
5713,28563
5713,28564
5713,28565
5714,28566
5714,28567
5714,28568
5714,28569
5714,28570
5715,28571
5715,28572
5715,28573
5715,28574
5715,28575
5716,28576
5716,28577
5716,28578
5716,28579
5716,28580
5717,28581
5717,28582
5717,28583
5717,28584
5717,28585
5718,28586
5718,28587
5718,28588
5718,28589
5718,28590
5719,28591
5719,28592
5719,28593
5719,28594
5719,28595
5720,28596
5720,28597
5720,28598
5720,28599
5720,28600
5721,28601
5721,28602
5721,28603
5721,28604
5721,28605
5722,28606
5722,28607
5722,28608
5722,28609
5722,28610
5723,28611
5723,28612
5723,28613
5723,28614
5723,28615
5724,28616
5724,28617
5724,28618
5724,28619
5724,28620
5725,28621
5725,28622
5725,28623
5725,28624
5725,28625
5726,28626
5726,28627
5726,28628
5726,28629
5726,28630
5727,28631
5727,28632
5727,28633
5727,28634
5727,28635
5728,28636
5728,28637
5728,28638
5728,28639
5728,28640
5729,28641
5729,28642
5729,28643
5729,28644
5729,28645
5730,28646
5730,28647
5730,28648
5730,28649
5730,28650
5731,28651
5731,28652
5731,28653
5731,28654
5731,28655
5732,28656
5732,28657
5732,28658
5732,28659
5732,28660
5733,28661
5733,28662
5733,28663
5733,28664
5733,28665
5734,28666
5734,28667
5734,28668
5734,28669
5734,28670
5735,28671
5735,28672
5735,28673
5735,28674
5735,28675
5736,28676
5736,28677
5736,28678
5736,28679
5736,28680
5737,28681
5737,28682
5737,28683
5737,28684
5737,28685
5738,28686
5738,28687
5738,28688
5738,28689
5738,28690
5739,28691
5739,28692
5739,28693
5739,28694
5739,28695
5740,28696
5740,28697
5740,28698
5740,28699
5740,28700
5741,28701
5741,28702
5741,28703
5741,28704
5741,28705
5742,28706
5742,28707
5742,28708
5742,28709
5742,28710
5743,28711
5743,28712
5743,28713
5743,28714
5743,28715
5744,28716
5744,28717
5744,28718
5744,28719
5744,28720
5745,28721
5745,28722
5745,28723
5745,28724
5745,28725
5746,28726
5746,28727
5746,28728
5746,28729
5746,28730
5747,28731
5747,28732
5747,28733
5747,28734
5747,28735
5748,28736
5748,28737
5748,28738
5748,28739
5748,28740
5749,28741
5749,28742
5749,28743
5749,28744
5749,28745
5750,28746
5750,28747
5750,28748
5750,28749
5750,28750
5751,28751
5751,28752
5751,28753
5751,28754
5751,28755
5752,28756
5752,28757
5752,28758
5752,28759
5752,28760
5753,28761
5753,28762
5753,28763
5753,28764
5753,28765
5754,28766
5754,28767
5754,28768
5754,28769
5754,28770
5755,28771
5755,28772
5755,28773
5755,28774
5755,28775
5756,28776
5756,28777
5756,28778
5756,28779
5756,28780
5757,28781
5757,28782
5757,28783
5757,28784
5757,28785
5758,28786
5758,28787
5758,28788
5758,28789
5758,28790
5759,28791
5759,28792
5759,28793
5759,28794
5759,28795
5760,28796
5760,28797
5760,28798
5760,28799
5760,28800
5761,28801
5761,28802
5761,28803
5761,28804
5761,28805
5762,28806
5762,28807
5762,28808
5762,28809
5762,28810
5763,28811
5763,28812
5763,28813
5763,28814
5763,28815
5764,28816
5764,28817
5764,28818
5764,28819
5764,28820
5765,28821
5765,28822
5765,28823
5765,28824
5765,28825
5766,28826
5766,28827
5766,28828
5766,28829
5766,28830
5767,28831
5767,28832
5767,28833
5767,28834
5767,28835
5768,28836
5768,28837
5768,28838
5768,28839
5768,28840
5769,28841
5769,28842
5769,28843
5769,28844
5769,28845
5770,28846
5770,28847
5770,28848
5770,28849
5770,28850
5771,28851
5771,28852
5771,28853
5771,28854
5771,28855
5772,28856
5772,28857
5772,28858
5772,28859
5772,28860
5773,28861
5773,28862
5773,28863
5773,28864
5773,28865
5774,28866
5774,28867
5774,28868
5774,28869
5774,28870
5775,28871
5775,28872
5775,28873
5775,28874
5775,28875
5776,28876
5776,28877
5776,28878
5776,28879
5776,28880
5777,28881
5777,28882
5777,28883
5777,28884
5777,28885
5778,28886
5778,28887
5778,28888
5778,28889
5778,28890
5779,28891
5779,28892
5779,28893
5779,28894
5779,28895
5780,28896
5780,28897
5780,28898
5780,28899
5780,28900
5781,28901
5781,28902
5781,28903
5781,28904
5781,28905
5782,28906
5782,28907
5782,28908
5782,28909
5782,28910
5783,28911
5783,28912
5783,28913
5783,28914
5783,28915
5784,28916
5784,28917
5784,28918
5784,28919
5784,28920
5785,28921
5785,28922
5785,28923
5785,28924
5785,28925
5786,28926
5786,28927
5786,28928
5786,28929
5786,28930
5787,28931
5787,28932
5787,28933
5787,28934
5787,28935
5788,28936
5788,28937
5788,28938
5788,28939
5788,28940
5789,28941
5789,28942
5789,28943
5789,28944
5789,28945
5790,28946
5790,28947
5790,28948
5790,28949
5790,28950
5791,28951
5791,28952
5791,28953
5791,28954
5791,28955
5792,28956
5792,28957
5792,28958
5792,28959
5792,28960
5793,28961
5793,28962
5793,28963
5793,28964
5793,28965
5794,28966
5794,28967
5794,28968
5794,28969
5794,28970
5795,28971
5795,28972
5795,28973
5795,28974
5795,28975
5796,28976
5796,28977
5796,28978
5796,28979
5796,28980
5797,28981
5797,28982
5797,28983
5797,28984
5797,28985
5798,28986
5798,28987
5798,28988
5798,28989
5798,28990
5799,28991
5799,28992
5799,28993
5799,28994
5799,28995
5800,28996
5800,28997
5800,28998
5800,28999
5800,29000
5801,29001
5801,29002
5801,29003
5801,29004
5801,29005
5802,29006
5802,29007
5802,29008
5802,29009
5802,29010
5803,29011
5803,29012
5803,29013
5803,29014
5803,29015
5804,29016
5804,29017
5804,29018
5804,29019
5804,29020
5805,29021
5805,29022
5805,29023
5805,29024
5805,29025
5806,29026
5806,29027
5806,29028
5806,29029
5806,29030
5807,29031
5807,29032
5807,29033
5807,29034
5807,29035
5808,29036
5808,29037
5808,29038
5808,29039
5808,29040
5809,29041
5809,29042
5809,29043
5809,29044
5809,29045
5810,29046
5810,29047
5810,29048
5810,29049
5810,29050
5811,29051
5811,29052
5811,29053
5811,29054
5811,29055
5812,29056
5812,29057
5812,29058
5812,29059
5812,29060
5813,29061
5813,29062
5813,29063
5813,29064
5813,29065
5814,29066
5814,29067
5814,29068
5814,29069
5814,29070
5815,29071
5815,29072
5815,29073
5815,29074
5815,29075
5816,29076
5816,29077
5816,29078
5816,29079
5816,29080
5817,29081
5817,29082
5817,29083
5817,29084
5817,29085
5818,29086
5818,29087
5818,29088
5818,29089
5818,29090
5819,29091
5819,29092
5819,29093
5819,29094
5819,29095
5820,29096
5820,29097
5820,29098
5820,29099
5820,29100
5821,29101
5821,29102
5821,29103
5821,29104
5821,29105
5822,29106
5822,29107
5822,29108
5822,29109
5822,29110
5823,29111
5823,29112
5823,29113
5823,29114
5823,29115
5824,29116
5824,29117
5824,29118
5824,29119
5824,29120
5825,29121
5825,29122
5825,29123
5825,29124
5825,29125
5826,29126
5826,29127
5826,29128
5826,29129
5826,29130
5827,29131
5827,29132
5827,29133
5827,29134
5827,29135
5828,29136
5828,29137
5828,29138
5828,29139
5828,29140
5829,29141
5829,29142
5829,29143
5829,29144
5829,29145
5830,29146
5830,29147
5830,29148
5830,29149
5830,29150
5831,29151
5831,29152
5831,29153
5831,29154
5831,29155
5832,29156
5832,29157
5832,29158
5832,29159
5832,29160
5833,29161
5833,29162
5833,29163
5833,29164
5833,29165
5834,29166
5834,29167
5834,29168
5834,29169
5834,29170
5835,29171
5835,29172
5835,29173
5835,29174
5835,29175
5836,29176
5836,29177
5836,29178
5836,29179
5836,29180
5837,29181
5837,29182
5837,29183
5837,29184
5837,29185
5838,29186
5838,29187
5838,29188
5838,29189
5838,29190
5839,29191
5839,29192
5839,29193
5839,29194
5839,29195
5840,29196
5840,29197
5840,29198
5840,29199
5840,29200
5841,29201
5841,29202
5841,29203
5841,29204
5841,29205
5842,29206
5842,29207
5842,29208
5842,29209
5842,29210
5843,29211
5843,29212
5843,29213
5843,29214
5843,29215
5844,29216
5844,29217
5844,29218
5844,29219
5844,29220
5845,29221
5845,29222
5845,29223
5845,29224
5845,29225
5846,29226
5846,29227
5846,29228
5846,29229
5846,29230
5847,29231
5847,29232
5847,29233
5847,29234
5847,29235
5848,29236
5848,29237
5848,29238
5848,29239
5848,29240
5849,29241
5849,29242
5849,29243
5849,29244
5849,29245
5850,29246
5850,29247
5850,29248
5850,29249
5850,29250
5851,29251
5851,29252
5851,29253
5851,29254
5851,29255
5852,29256
5852,29257
5852,29258
5852,29259
5852,29260
5853,29261
5853,29262
5853,29263
5853,29264
5853,29265
5854,29266
5854,29267
5854,29268
5854,29269
5854,29270
5855,29271
5855,29272
5855,29273
5855,29274
5855,29275
5856,29276
5856,29277
5856,29278
5856,29279
5856,29280
5857,29281
5857,29282
5857,29283
5857,29284
5857,29285
5858,29286
5858,29287
5858,29288
5858,29289
5858,29290
5859,29291
5859,29292
5859,29293
5859,29294
5859,29295
5860,29296
5860,29297
5860,29298
5860,29299
5860,29300
5861,29301
5861,29302
5861,29303
5861,29304
5861,29305
5862,29306
5862,29307
5862,29308
5862,29309
5862,29310
5863,29311
5863,29312
5863,29313
5863,29314
5863,29315
5864,29316
5864,29317
5864,29318
5864,29319
5864,29320
5865,29321
5865,29322
5865,29323
5865,29324
5865,29325
5866,29326
5866,29327
5866,29328
5866,29329
5866,29330
5867,29331
5867,29332
5867,29333
5867,29334
5867,29335
5868,29336
5868,29337
5868,29338
5868,29339
5868,29340
5869,29341
5869,29342
5869,29343
5869,29344
5869,29345
5870,29346
5870,29347
5870,29348
5870,29349
5870,29350
5871,29351
5871,29352
5871,29353
5871,29354
5871,29355
5872,29356
5872,29357
5872,29358
5872,29359
5872,29360
5873,29361
5873,29362
5873,29363
5873,29364
5873,29365
5874,29366
5874,29367
5874,29368
5874,29369
5874,29370
5875,29371
5875,29372
5875,29373
5875,29374
5875,29375
5876,29376
5876,29377
5876,29378
5876,29379
5876,29380
5877,29381
5877,29382
5877,29383
5877,29384
5877,29385
5878,29386
5878,29387
5878,29388
5878,29389
5878,29390
5879,29391
5879,29392
5879,29393
5879,29394
5879,29395
5880,29396
5880,29397
5880,29398
5880,29399
5880,29400
5881,29401
5881,29402
5881,29403
5881,29404
5881,29405
5882,29406
5882,29407
5882,29408
5882,29409
5882,29410
5883,29411
5883,29412
5883,29413
5883,29414
5883,29415
5884,29416
5884,29417
5884,29418
5884,29419
5884,29420
5885,29421
5885,29422
5885,29423
5885,29424
5885,29425
5886,29426
5886,29427
5886,29428
5886,29429
5886,29430
5887,29431
5887,29432
5887,29433
5887,29434
5887,29435
5888,29436
5888,29437
5888,29438
5888,29439
5888,29440
5889,29441
5889,29442
5889,29443
5889,29444
5889,29445
5890,29446
5890,29447
5890,29448
5890,29449
5890,29450
5891,29451
5891,29452
5891,29453
5891,29454
5891,29455
5892,29456
5892,29457
5892,29458
5892,29459
5892,29460
5893,29461
5893,29462
5893,29463
5893,29464
5893,29465
5894,29466
5894,29467
5894,29468
5894,29469
5894,29470
5895,29471
5895,29472
5895,29473
5895,29474
5895,29475
5896,29476
5896,29477
5896,29478
5896,29479
5896,29480
5897,29481
5897,29482
5897,29483
5897,29484
5897,29485
5898,29486
5898,29487
5898,29488
5898,29489
5898,29490
5899,29491
5899,29492
5899,29493
5899,29494
5899,29495
5900,29496
5900,29497
5900,29498
5900,29499
5900,29500
5901,29501
5901,29502
5901,29503
5901,29504
5901,29505
5902,29506
5902,29507
5902,29508
5902,29509
5902,29510
5903,29511
5903,29512
5903,29513
5903,29514
5903,29515
5904,29516
5904,29517
5904,29518
5904,29519
5904,29520
5905,29521
5905,29522
5905,29523
5905,29524
5905,29525
5906,29526
5906,29527
5906,29528
5906,29529
5906,29530
5907,29531
5907,29532
5907,29533
5907,29534
5907,29535
5908,29536
5908,29537
5908,29538
5908,29539
5908,29540
5909,29541
5909,29542
5909,29543
5909,29544
5909,29545
5910,29546
5910,29547
5910,29548
5910,29549
5910,29550
5911,29551
5911,29552
5911,29553
5911,29554
5911,29555
5912,29556
5912,29557
5912,29558
5912,29559
5912,29560
5913,29561
5913,29562
5913,29563
5913,29564
5913,29565
5914,29566
5914,29567
5914,29568
5914,29569
5914,29570
5915,29571
5915,29572
5915,29573
5915,29574
5915,29575
5916,29576
5916,29577
5916,29578
5916,29579
5916,29580
5917,29581
5917,29582
5917,29583
5917,29584
5917,29585
5918,29586
5918,29587
5918,29588
5918,29589
5918,29590
5919,29591
5919,29592
5919,29593
5919,29594
5919,29595
5920,29596
5920,29597
5920,29598
5920,29599
5920,29600
5921,29601
5921,29602
5921,29603
5921,29604
5921,29605
5922,29606
5922,29607
5922,29608
5922,29609
5922,29610
5923,29611
5923,29612
5923,29613
5923,29614
5923,29615
5924,29616
5924,29617
5924,29618
5924,29619
5924,29620
5925,29621
5925,29622
5925,29623
5925,29624
5925,29625
5926,29626
5926,29627
5926,29628
5926,29629
5926,29630
5927,29631
5927,29632
5927,29633
5927,29634
5927,29635
5928,29636
5928,29637
5928,29638
5928,29639
5928,29640
5929,29641
5929,29642
5929,29643
5929,29644
5929,29645
5930,29646
5930,29647
5930,29648
5930,29649
5930,29650
5931,29651
5931,29652
5931,29653
5931,29654
5931,29655
5932,29656
5932,29657
5932,29658
5932,29659
5932,29660
5933,29661
5933,29662
5933,29663
5933,29664
5933,29665
5934,29666
5934,29667
5934,29668
5934,29669
5934,29670
5935,29671
5935,29672
5935,29673
5935,29674
5935,29675
5936,29676
5936,29677
5936,29678
5936,29679
5936,29680
5937,29681
5937,29682
5937,29683
5937,29684
5937,29685
5938,29686
5938,29687
5938,29688
5938,29689
5938,29690
5939,29691
5939,29692
5939,29693
5939,29694
5939,29695
5940,29696
5940,29697
5940,29698
5940,29699
5940,29700
5941,29701
5941,29702
5941,29703
5941,29704
5941,29705
5942,29706
5942,29707
5942,29708
5942,29709
5942,29710
5943,29711
5943,29712
5943,29713
5943,29714
5943,29715
5944,29716
5944,29717
5944,29718
5944,29719
5944,29720
5945,29721
5945,29722
5945,29723
5945,29724
5945,29725
5946,29726
5946,29727
5946,29728
5946,29729
5946,29730
5947,29731
5947,29732
5947,29733
5947,29734
5947,29735
5948,29736
5948,29737
5948,29738
5948,29739
5948,29740
5949,29741
5949,29742
5949,29743
5949,29744
5949,29745
5950,29746
5950,29747
5950,29748
5950,29749
5950,29750
5951,29751
5951,29752
5951,29753
5951,29754
5951,29755
5952,29756
5952,29757
5952,29758
5952,29759
5952,29760
5953,29761
5953,29762
5953,29763
5953,29764
5953,29765
5954,29766
5954,29767
5954,29768
5954,29769
5954,29770
5955,29771
5955,29772
5955,29773
5955,29774
5955,29775
5956,29776
5956,29777
5956,29778
5956,29779
5956,29780
5957,29781
5957,29782
5957,29783
5957,29784
5957,29785
5958,29786
5958,29787
5958,29788
5958,29789
5958,29790
5959,29791
5959,29792
5959,29793
5959,29794
5959,29795
5960,29796
5960,29797
5960,29798
5960,29799
5960,29800
5961,29801
5961,29802
5961,29803
5961,29804
5961,29805
5962,29806
5962,29807
5962,29808
5962,29809
5962,29810
5963,29811
5963,29812
5963,29813
5963,29814
5963,29815
5964,29816
5964,29817
5964,29818
5964,29819
5964,29820
5965,29821
5965,29822
5965,29823
5965,29824
5965,29825
5966,29826
5966,29827
5966,29828
5966,29829
5966,29830
5967,29831
5967,29832
5967,29833
5967,29834
5967,29835
5968,29836
5968,29837
5968,29838
5968,29839
5968,29840
5969,29841
5969,29842
5969,29843
5969,29844
5969,29845
5970,29846
5970,29847
5970,29848
5970,29849
5970,29850
5971,29851
5971,29852
5971,29853
5971,29854
5971,29855
5972,29856
5972,29857
5972,29858
5972,29859
5972,29860
5973,29861
5973,29862
5973,29863
5973,29864
5973,29865
5974,29866
5974,29867
5974,29868
5974,29869
5974,29870
5975,29871
5975,29872
5975,29873
5975,29874
5975,29875
5976,29876
5976,29877
5976,29878
5976,29879
5976,29880
5977,29881
5977,29882
5977,29883
5977,29884
5977,29885
5978,29886
5978,29887
5978,29888
5978,29889
5978,29890
5979,29891
5979,29892
5979,29893
5979,29894
5979,29895
5980,29896
5980,29897
5980,29898
5980,29899
5980,29900
5981,29901
5981,29902
5981,29903
5981,29904
5981,29905
5982,29906
5982,29907
5982,29908
5982,29909
5982,29910
5983,29911
5983,29912
5983,29913
5983,29914
5983,29915
5984,29916
5984,29917
5984,29918
5984,29919
5984,29920
5985,29921
5985,29922
5985,29923
5985,29924
5985,29925
5986,29926
5986,29927
5986,29928
5986,29929
5986,29930
5987,29931
5987,29932
5987,29933
5987,29934
5987,29935
5988,29936
5988,29937
5988,29938
5988,29939
5988,29940
5989,29941
5989,29942
5989,29943
5989,29944
5989,29945
5990,29946
5990,29947
5990,29948
5990,29949
5990,29950
5991,29951
5991,29952
5991,29953
5991,29954
5991,29955
5992,29956
5992,29957
5992,29958
5992,29959
5992,29960
5993,29961
5993,29962
5993,29963
5993,29964
5993,29965
5994,29966
5994,29967
5994,29968
5994,29969
5994,29970
5995,29971
5995,29972
5995,29973
5995,29974
5995,29975
5996,29976
5996,29977
5996,29978
5996,29979
5996,29980
5997,29981
5997,29982
5997,29983
5997,29984
5997,29985
5998,29986
5998,29987
5998,29988
5998,29989
5998,29990
5999,29991
5999,29992
5999,29993
5999,29994
5999,29995
6000,29996
6000,29997
6000,29998
6000,29999
6000,30000
6001,30001
6001,30002
6001,30003
6001,30004
6001,30005
6002,30006
6002,30007
6002,30008
6002,30009
6002,30010
6003,30011
6003,30012
6003,30013
6003,30014
6003,30015
6004,30016
6004,30017
6004,30018
6004,30019
6004,30020
6005,30021
6005,30022
6005,30023
6005,30024
6005,30025
6006,30026
6006,30027
6006,30028
6006,30029
6006,30030
6007,30031
6007,30032
6007,30033
6007,30034
6007,30035
6008,30036
6008,30037
6008,30038
6008,30039
6008,30040
6009,30041
6009,30042
6009,30043
6009,30044
6009,30045
6010,30046
6010,30047
6010,30048
6010,30049
6010,30050
6011,30051
6011,30052
6011,30053
6011,30054
6011,30055
6012,30056
6012,30057
6012,30058
6012,30059
6012,30060
6013,30061
6013,30062
6013,30063
6013,30064
6013,30065
6014,30066
6014,30067
6014,30068
6014,30069
6014,30070
6015,30071
6015,30072
6015,30073
6015,30074
6015,30075
6016,30076
6016,30077
6016,30078
6016,30079
6016,30080
6017,30081
6017,30082
6017,30083
6017,30084
6017,30085
6018,30086
6018,30087
6018,30088
6018,30089
6018,30090
6019,30091
6019,30092
6019,30093
6019,30094
6019,30095
6020,30096
6020,30097
6020,30098
6020,30099
6020,30100
6021,30101
6021,30102
6021,30103
6021,30104
6021,30105
6022,30106
6022,30107
6022,30108
6022,30109
6022,30110
6023,30111
6023,30112
6023,30113
6023,30114
6023,30115
6024,30116
6024,30117
6024,30118
6024,30119
6024,30120
6025,30121
6025,30122
6025,30123
6025,30124
6025,30125
6026,30126
6026,30127
6026,30128
6026,30129
6026,30130
6027,30131
6027,30132
6027,30133
6027,30134
6027,30135
6028,30136
6028,30137
6028,30138
6028,30139
6028,30140
6029,30141
6029,30142
6029,30143
6029,30144
6029,30145
6030,30146
6030,30147
6030,30148
6030,30149
6030,30150
6031,30151
6031,30152
6031,30153
6031,30154
6031,30155
6032,30156
6032,30157
6032,30158
6032,30159
6032,30160
6033,30161
6033,30162
6033,30163
6033,30164
6033,30165
6034,30166
6034,30167
6034,30168
6034,30169
6034,30170
6035,30171
6035,30172
6035,30173
6035,30174
6035,30175
6036,30176
6036,30177
6036,30178
6036,30179
6036,30180
6037,30181
6037,30182
6037,30183
6037,30184
6037,30185
6038,30186
6038,30187
6038,30188
6038,30189
6038,30190
6039,30191
6039,30192
6039,30193
6039,30194
6039,30195
6040,30196
6040,30197
6040,30198
6040,30199
6040,30200
6041,30201
6041,30202
6041,30203
6041,30204
6041,30205
6042,30206
6042,30207
6042,30208
6042,30209
6042,30210
6043,30211
6043,30212
6043,30213
6043,30214
6043,30215
6044,30216
6044,30217
6044,30218
6044,30219
6044,30220
6045,30221
6045,30222
6045,30223
6045,30224
6045,30225
6046,30226
6046,30227
6046,30228
6046,30229
6046,30230
6047,30231
6047,30232
6047,30233
6047,30234
6047,30235
6048,30236
6048,30237
6048,30238
6048,30239
6048,30240
6049,30241
6049,30242
6049,30243
6049,30244
6049,30245
6050,30246
6050,30247
6050,30248
6050,30249
6050,30250
6051,30251
6051,30252
6051,30253
6051,30254
6051,30255
6052,30256
6052,30257
6052,30258
6052,30259
6052,30260
6053,30261
6053,30262
6053,30263
6053,30264
6053,30265
6054,30266
6054,30267
6054,30268
6054,30269
6054,30270
6055,30271
6055,30272
6055,30273
6055,30274
6055,30275
6056,30276
6056,30277
6056,30278
6056,30279
6056,30280
6057,30281
6057,30282
6057,30283
6057,30284
6057,30285
6058,30286
6058,30287
6058,30288
6058,30289
6058,30290
6059,30291
6059,30292
6059,30293
6059,30294
6059,30295
6060,30296
6060,30297
6060,30298
6060,30299
6060,30300
6061,30301
6061,30302
6061,30303
6061,30304
6061,30305
6062,30306
6062,30307
6062,30308
6062,30309
6062,30310
6063,30311
6063,30312
6063,30313
6063,30314
6063,30315
6064,30316
6064,30317
6064,30318
6064,30319
6064,30320
6065,30321
6065,30322
6065,30323
6065,30324
6065,30325
6066,30326
6066,30327
6066,30328
6066,30329
6066,30330
6067,30331
6067,30332
6067,30333
6067,30334
6067,30335
6068,30336
6068,30337
6068,30338
6068,30339
6068,30340
6069,30341
6069,30342
6069,30343
6069,30344
6069,30345
6070,30346
6070,30347
6070,30348
6070,30349
6070,30350
6071,30351
6071,30352
6071,30353
6071,30354
6071,30355
6072,30356
6072,30357
6072,30358
6072,30359
6072,30360
6073,30361
6073,30362
6073,30363
6073,30364
6073,30365
6074,30366
6074,30367
6074,30368
6074,30369
6074,30370
6075,30371
6075,30372
6075,30373
6075,30374
6075,30375
6076,30376
6076,30377
6076,30378
6076,30379
6076,30380
6077,30381
6077,30382
6077,30383
6077,30384
6077,30385
6078,30386
6078,30387
6078,30388
6078,30389
6078,30390
6079,30391
6079,30392
6079,30393
6079,30394
6079,30395
6080,30396
6080,30397
6080,30398
6080,30399
6080,30400
6081,30401
6081,30402
6081,30403
6081,30404
6081,30405
6082,30406
6082,30407
6082,30408
6082,30409
6082,30410
6083,30411
6083,30412
6083,30413
6083,30414
6083,30415
6084,30416
6084,30417
6084,30418
6084,30419
6084,30420
6085,30421
6085,30422
6085,30423
6085,30424
6085,30425
6086,30426
6086,30427
6086,30428
6086,30429
6086,30430
6087,30431
6087,30432
6087,30433
6087,30434
6087,30435
6088,30436
6088,30437
6088,30438
6088,30439
6088,30440
6089,30441
6089,30442
6089,30443
6089,30444
6089,30445
6090,30446
6090,30447
6090,30448
6090,30449
6090,30450
6091,30451
6091,30452
6091,30453
6091,30454
6091,30455
6092,30456
6092,30457
6092,30458
6092,30459
6092,30460
6093,30461
6093,30462
6093,30463
6093,30464
6093,30465
6094,30466
6094,30467
6094,30468
6094,30469
6094,30470
6095,30471
6095,30472
6095,30473
6095,30474
6095,30475
6096,30476
6096,30477
6096,30478
6096,30479
6096,30480
6097,30481
6097,30482
6097,30483
6097,30484
6097,30485
6098,30486
6098,30487
6098,30488
6098,30489
6098,30490
6099,30491
6099,30492
6099,30493
6099,30494
6099,30495
6100,30496
6100,30497
6100,30498
6100,30499
6100,30500
6101,30501
6101,30502
6101,30503
6101,30504
6101,30505
6102,30506
6102,30507
6102,30508
6102,30509
6102,30510
6103,30511
6103,30512
6103,30513
6103,30514
6103,30515
6104,30516
6104,30517
6104,30518
6104,30519
6104,30520
6105,30521
6105,30522
6105,30523
6105,30524
6105,30525
6106,30526
6106,30527
6106,30528
6106,30529
6106,30530
6107,30531
6107,30532
6107,30533
6107,30534
6107,30535
6108,30536
6108,30537
6108,30538
6108,30539
6108,30540
6109,30541
6109,30542
6109,30543
6109,30544
6109,30545
6110,30546
6110,30547
6110,30548
6110,30549
6110,30550
6111,30551
6111,30552
6111,30553
6111,30554
6111,30555
6112,30556
6112,30557
6112,30558
6112,30559
6112,30560
6113,30561
6113,30562
6113,30563
6113,30564
6113,30565
6114,30566
6114,30567
6114,30568
6114,30569
6114,30570
6115,30571
6115,30572
6115,30573
6115,30574
6115,30575
6116,30576
6116,30577
6116,30578
6116,30579
6116,30580
6117,30581
6117,30582
6117,30583
6117,30584
6117,30585
6118,30586
6118,30587
6118,30588
6118,30589
6118,30590
6119,30591
6119,30592
6119,30593
6119,30594
6119,30595
6120,30596
6120,30597
6120,30598
6120,30599
6120,30600
6121,30601
6121,30602
6121,30603
6121,30604
6121,30605
6122,30606
6122,30607
6122,30608
6122,30609
6122,30610
6123,30611
6123,30612
6123,30613
6123,30614
6123,30615
6124,30616
6124,30617
6124,30618
6124,30619
6124,30620
6125,30621
6125,30622
6125,30623
6125,30624
6125,30625
6126,30626
6126,30627
6126,30628
6126,30629
6126,30630
6127,30631
6127,30632
6127,30633
6127,30634
6127,30635
6128,30636
6128,30637
6128,30638
6128,30639
6128,30640
6129,30641
6129,30642
6129,30643
6129,30644
6129,30645
6130,30646
6130,30647
6130,30648
6130,30649
6130,30650
6131,30651
6131,30652
6131,30653
6131,30654
6131,30655
6132,30656
6132,30657
6132,30658
6132,30659
6132,30660
6133,30661
6133,30662
6133,30663
6133,30664
6133,30665
6134,30666
6134,30667
6134,30668
6134,30669
6134,30670
6135,30671
6135,30672
6135,30673
6135,30674
6135,30675
6136,30676
6136,30677
6136,30678
6136,30679
6136,30680
6137,30681
6137,30682
6137,30683
6137,30684
6137,30685
6138,30686
6138,30687
6138,30688
6138,30689
6138,30690
6139,30691
6139,30692
6139,30693
6139,30694
6139,30695
6140,30696
6140,30697
6140,30698
6140,30699
6140,30700
6141,30701
6141,30702
6141,30703
6141,30704
6141,30705
6142,30706
6142,30707
6142,30708
6142,30709
6142,30710
6143,30711
6143,30712
6143,30713
6143,30714
6143,30715
6144,30716
6144,30717
6144,30718
6144,30719
6144,30720
6145,30721
6145,30722
6145,30723
6145,30724
6145,30725
6146,30726
6146,30727
6146,30728
6146,30729
6146,30730
6147,30731
6147,30732
6147,30733
6147,30734
6147,30735
6148,30736
6148,30737
6148,30738
6148,30739
6148,30740
6149,30741
6149,30742
6149,30743
6149,30744
6149,30745
6150,30746
6150,30747
6150,30748
6150,30749
6150,30750
6151,30751
6151,30752
6151,30753
6151,30754
6151,30755
6152,30756
6152,30757
6152,30758
6152,30759
6152,30760
6153,30761
6153,30762
6153,30763
6153,30764
6153,30765
6154,30766
6154,30767
6154,30768
6154,30769
6154,30770
6155,30771
6155,30772
6155,30773
6155,30774
6155,30775
6156,30776
6156,30777
6156,30778
6156,30779
6156,30780
6157,30781
6157,30782
6157,30783
6157,30784
6157,30785
6158,30786
6158,30787
6158,30788
6158,30789
6158,30790
6159,30791
6159,30792
6159,30793
6159,30794
6159,30795
6160,30796
6160,30797
6160,30798
6160,30799
6160,30800
6161,30801
6161,30802
6161,30803
6161,30804
6161,30805
6162,30806
6162,30807
6162,30808
6162,30809
6162,30810
6163,30811
6163,30812
6163,30813
6163,30814
6163,30815
6164,30816
6164,30817
6164,30818
6164,30819
6164,30820
6165,30821
6165,30822
6165,30823
6165,30824
6165,30825
6166,30826
6166,30827
6166,30828
6166,30829
6166,30830
6167,30831
6167,30832
6167,30833
6167,30834
6167,30835
6168,30836
6168,30837
6168,30838
6168,30839
6168,30840
6169,30841
6169,30842
6169,30843
6169,30844
6169,30845
6170,30846
6170,30847
6170,30848
6170,30849
6170,30850
6171,30851
6171,30852
6171,30853
6171,30854
6171,30855
6172,30856
6172,30857
6172,30858
6172,30859
6172,30860
6173,30861
6173,30862
6173,30863
6173,30864
6173,30865
6174,30866
6174,30867
6174,30868
6174,30869
6174,30870
6175,30871
6175,30872
6175,30873
6175,30874
6175,30875
6176,30876
6176,30877
6176,30878
6176,30879
6176,30880
6177,30881
6177,30882
6177,30883
6177,30884
6177,30885
6178,30886
6178,30887
6178,30888
6178,30889
6178,30890
6179,30891
6179,30892
6179,30893
6179,30894
6179,30895
6180,30896
6180,30897
6180,30898
6180,30899
6180,30900
6181,30901
6181,30902
6181,30903
6181,30904
6181,30905
6182,30906
6182,30907
6182,30908
6182,30909
6182,30910
6183,30911
6183,30912
6183,30913
6183,30914
6183,30915
6184,30916
6184,30917
6184,30918
6184,30919
6184,30920
6185,30921
6185,30922
6185,30923
6185,30924
6185,30925
6186,30926
6186,30927
6186,30928
6186,30929
6186,30930
6187,30931
6187,30932
6187,30933
6187,30934
6187,30935
6188,30936
6188,30937
6188,30938
6188,30939
6188,30940
6189,30941
6189,30942
6189,30943
6189,30944
6189,30945
6190,30946
6190,30947
6190,30948
6190,30949
6190,30950
6191,30951
6191,30952
6191,30953
6191,30954
6191,30955
6192,30956
6192,30957
6192,30958
6192,30959
6192,30960
6193,30961
6193,30962
6193,30963
6193,30964
6193,30965
6194,30966
6194,30967
6194,30968
6194,30969
6194,30970
6195,30971
6195,30972
6195,30973
6195,30974
6195,30975
6196,30976
6196,30977
6196,30978
6196,30979
6196,30980
6197,30981
6197,30982
6197,30983
6197,30984
6197,30985
6198,30986
6198,30987
6198,30988
6198,30989
6198,30990
6199,30991
6199,30992
6199,30993
6199,30994
6199,30995
6200,30996
6200,30997
6200,30998
6200,30999
6200,31000
6201,31001
6201,31002
6201,31003
6201,31004
6201,31005
6202,31006
6202,31007
6202,31008
6202,31009
6202,31010
6203,31011
6203,31012
6203,31013
6203,31014
6203,31015
6204,31016
6204,31017
6204,31018
6204,31019
6204,31020
6205,31021
6205,31022
6205,31023
6205,31024
6205,31025
6206,31026
6206,31027
6206,31028
6206,31029
6206,31030
6207,31031
6207,31032
6207,31033
6207,31034
6207,31035
6208,31036
6208,31037
6208,31038
6208,31039
6208,31040
6209,31041
6209,31042
6209,31043
6209,31044
6209,31045
6210,31046
6210,31047
6210,31048
6210,31049
6210,31050
6211,31051
6211,31052
6211,31053
6211,31054
6211,31055
6212,31056
6212,31057
6212,31058
6212,31059
6212,31060
6213,31061
6213,31062
6213,31063
6213,31064
6213,31065
6214,31066
6214,31067
6214,31068
6214,31069
6214,31070
6215,31071
6215,31072
6215,31073
6215,31074
6215,31075
6216,31076
6216,31077
6216,31078
6216,31079
6216,31080
6217,31081
6217,31082
6217,31083
6217,31084
6217,31085
6218,31086
6218,31087
6218,31088
6218,31089
6218,31090
6219,31091
6219,31092
6219,31093
6219,31094
6219,31095
6220,31096
6220,31097
6220,31098
6220,31099
6220,31100
6221,31101
6221,31102
6221,31103
6221,31104
6221,31105
6222,31106
6222,31107
6222,31108
6222,31109
6222,31110
6223,31111
6223,31112
6223,31113
6223,31114
6223,31115
6224,31116
6224,31117
6224,31118
6224,31119
6224,31120
6225,31121
6225,31122
6225,31123
6225,31124
6225,31125
6226,31126
6226,31127
6226,31128
6226,31129
6226,31130
6227,31131
6227,31132
6227,31133
6227,31134
6227,31135
6228,31136
6228,31137
6228,31138
6228,31139
6228,31140
6229,31141
6229,31142
6229,31143
6229,31144
6229,31145
6230,31146
6230,31147
6230,31148
6230,31149
6230,31150
6231,31151
6231,31152
6231,31153
6231,31154
6231,31155
6232,31156
6232,31157
6232,31158
6232,31159
6232,31160
6233,31161
6233,31162
6233,31163
6233,31164
6233,31165
6234,31166
6234,31167
6234,31168
6234,31169
6234,31170
6235,31171
6235,31172
6235,31173
6235,31174
6235,31175
6236,31176
6236,31177
6236,31178
6236,31179
6236,31180
6237,31181
6237,31182
6237,31183
6237,31184
6237,31185
6238,31186
6238,31187
6238,31188
6238,31189
6238,31190
6239,31191
6239,31192
6239,31193
6239,31194
6239,31195
6240,31196
6240,31197
6240,31198
6240,31199
6240,31200
6241,31201
6241,31202
6241,31203
6241,31204
6241,31205
6242,31206
6242,31207
6242,31208
6242,31209
6242,31210
6243,31211
6243,31212
6243,31213
6243,31214
6243,31215
6244,31216
6244,31217
6244,31218
6244,31219
6244,31220
6245,31221
6245,31222
6245,31223
6245,31224
6245,31225
6246,31226
6246,31227
6246,31228
6246,31229
6246,31230
6247,31231
6247,31232
6247,31233
6247,31234
6247,31235
6248,31236
6248,31237
6248,31238
6248,31239
6248,31240
6249,31241
6249,31242
6249,31243
6249,31244
6249,31245
6250,31246
6250,31247
6250,31248
6250,31249
6250,31250
6251,31251
6251,31252
6251,31253
6251,31254
6251,31255
6252,31256
6252,31257
6252,31258
6252,31259
6252,31260
6253,31261
6253,31262
6253,31263
6253,31264
6253,31265
6254,31266
6254,31267
6254,31268
6254,31269
6254,31270
6255,31271
6255,31272
6255,31273
6255,31274
6255,31275
6256,31276
6256,31277
6256,31278
6256,31279
6256,31280
6257,31281
6257,31282
6257,31283
6257,31284
6257,31285
6258,31286
6258,31287
6258,31288
6258,31289
6258,31290
6259,31291
6259,31292
6259,31293
6259,31294
6259,31295
6260,31296
6260,31297
6260,31298
6260,31299
6260,31300
6261,31301
6261,31302
6261,31303
6261,31304
6261,31305
6262,31306
6262,31307
6262,31308
6262,31309
6262,31310
6263,31311
6263,31312
6263,31313
6263,31314
6263,31315
6264,31316
6264,31317
6264,31318
6264,31319
6264,31320
6265,31321
6265,31322
6265,31323
6265,31324
6265,31325
6266,31326
6266,31327
6266,31328
6266,31329
6266,31330
6267,31331
6267,31332
6267,31333
6267,31334
6267,31335
6268,31336
6268,31337
6268,31338
6268,31339
6268,31340
6269,31341
6269,31342
6269,31343
6269,31344
6269,31345
6270,31346
6270,31347
6270,31348
6270,31349
6270,31350
6271,31351
6271,31352
6271,31353
6271,31354
6271,31355
6272,31356
6272,31357
6272,31358
6272,31359
6272,31360
6273,31361
6273,31362
6273,31363
6273,31364
6273,31365
6274,31366
6274,31367
6274,31368
6274,31369
6274,31370
6275,31371
6275,31372
6275,31373
6275,31374
6275,31375
6276,31376
6276,31377
6276,31378
6276,31379
6276,31380
6277,31381
6277,31382
6277,31383
6277,31384
6277,31385
6278,31386
6278,31387
6278,31388
6278,31389
6278,31390
6279,31391
6279,31392
6279,31393
6279,31394
6279,31395
6280,31396
6280,31397
6280,31398
6280,31399
6280,31400
6281,31401
6281,31402
6281,31403
6281,31404
6281,31405
6282,31406
6282,31407
6282,31408
6282,31409
6282,31410
6283,31411
6283,31412
6283,31413
6283,31414
6283,31415
6284,31416
6284,31417
6284,31418
6284,31419
6284,31420
6285,31421
6285,31422
6285,31423
6285,31424
6285,31425
6286,31426
6286,31427
6286,31428
6286,31429
6286,31430
6287,31431
6287,31432
6287,31433
6287,31434
6287,31435
6288,31436
6288,31437
6288,31438
6288,31439
6288,31440
6289,31441
6289,31442
6289,31443
6289,31444
6289,31445
6290,31446
6290,31447
6290,31448
6290,31449
6290,31450
6291,31451
6291,31452
6291,31453
6291,31454
6291,31455
6292,31456
6292,31457
6292,31458
6292,31459
6292,31460
6293,31461
6293,31462
6293,31463
6293,31464
6293,31465
6294,31466
6294,31467
6294,31468
6294,31469
6294,31470
6295,31471
6295,31472
6295,31473
6295,31474
6295,31475
6296,31476
6296,31477
6296,31478
6296,31479
6296,31480
6297,31481
6297,31482
6297,31483
6297,31484
6297,31485
6298,31486
6298,31487
6298,31488
6298,31489
6298,31490
6299,31491
6299,31492
6299,31493
6299,31494
6299,31495
6300,31496
6300,31497
6300,31498
6300,31499
6300,31500
6301,31501
6301,31502
6301,31503
6301,31504
6301,31505
6302,31506
6302,31507
6302,31508
6302,31509
6302,31510
6303,31511
6303,31512
6303,31513
6303,31514
6303,31515
6304,31516
6304,31517
6304,31518
6304,31519
6304,31520
6305,31521
6305,31522
6305,31523
6305,31524
6305,31525
6306,31526
6306,31527
6306,31528
6306,31529
6306,31530
6307,31531
6307,31532
6307,31533
6307,31534
6307,31535
6308,31536
6308,31537
6308,31538
6308,31539
6308,31540
6309,31541
6309,31542
6309,31543
6309,31544
6309,31545
6310,31546
6310,31547
6310,31548
6310,31549
6310,31550
6311,31551
6311,31552
6311,31553
6311,31554
6311,31555
6312,31556
6312,31557
6312,31558
6312,31559
6312,31560
6313,31561
6313,31562
6313,31563
6313,31564
6313,31565
6314,31566
6314,31567
6314,31568
6314,31569
6314,31570
6315,31571
6315,31572
6315,31573
6315,31574
6315,31575
6316,31576
6316,31577
6316,31578
6316,31579
6316,31580
6317,31581
6317,31582
6317,31583
6317,31584
6317,31585
6318,31586
6318,31587
6318,31588
6318,31589
6318,31590
6319,31591
6319,31592
6319,31593
6319,31594
6319,31595
6320,31596
6320,31597
6320,31598
6320,31599
6320,31600
6321,31601
6321,31602
6321,31603
6321,31604
6321,31605
6322,31606
6322,31607
6322,31608
6322,31609
6322,31610
6323,31611
6323,31612
6323,31613
6323,31614
6323,31615
6324,31616
6324,31617
6324,31618
6324,31619
6324,31620
6325,31621
6325,31622
6325,31623
6325,31624
6325,31625
6326,31626
6326,31627
6326,31628
6326,31629
6326,31630
6327,31631
6327,31632
6327,31633
6327,31634
6327,31635
6328,31636
6328,31637
6328,31638
6328,31639
6328,31640
6329,31641
6329,31642
6329,31643
6329,31644
6329,31645
6330,31646
6330,31647
6330,31648
6330,31649
6330,31650
6331,31651
6331,31652
6331,31653
6331,31654
6331,31655
6332,31656
6332,31657
6332,31658
6332,31659
6332,31660
6333,31661
6333,31662
6333,31663
6333,31664
6333,31665
6334,31666
6334,31667
6334,31668
6334,31669
6334,31670
6335,31671
6335,31672
6335,31673
6335,31674
6335,31675
6336,31676
6336,31677
6336,31678
6336,31679
6336,31680
6337,31681
6337,31682
6337,31683
6337,31684
6337,31685
6338,31686
6338,31687
6338,31688
6338,31689
6338,31690
6339,31691
6339,31692
6339,31693
6339,31694
6339,31695
6340,31696
6340,31697
6340,31698
6340,31699
6340,31700
6341,31701
6341,31702
6341,31703
6341,31704
6341,31705
6342,31706
6342,31707
6342,31708
6342,31709
6342,31710
6343,31711
6343,31712
6343,31713
6343,31714
6343,31715
6344,31716
6344,31717
6344,31718
6344,31719
6344,31720
6345,31721
6345,31722
6345,31723
6345,31724
6345,31725
6346,31726
6346,31727
6346,31728
6346,31729
6346,31730
6347,31731
6347,31732
6347,31733
6347,31734
6347,31735
6348,31736
6348,31737
6348,31738
6348,31739
6348,31740
6349,31741
6349,31742
6349,31743
6349,31744
6349,31745
6350,31746
6350,31747
6350,31748
6350,31749
6350,31750
6351,31751
6351,31752
6351,31753
6351,31754
6351,31755
6352,31756
6352,31757
6352,31758
6352,31759
6352,31760
6353,31761
6353,31762
6353,31763
6353,31764
6353,31765
6354,31766
6354,31767
6354,31768
6354,31769
6354,31770
6355,31771
6355,31772
6355,31773
6355,31774
6355,31775
6356,31776
6356,31777
6356,31778
6356,31779
6356,31780
6357,31781
6357,31782
6357,31783
6357,31784
6357,31785
6358,31786
6358,31787
6358,31788
6358,31789
6358,31790
6359,31791
6359,31792
6359,31793
6359,31794
6359,31795
6360,31796
6360,31797
6360,31798
6360,31799
6360,31800
6361,31801
6361,31802
6361,31803
6361,31804
6361,31805
6362,31806
6362,31807
6362,31808
6362,31809
6362,31810
6363,31811
6363,31812
6363,31813
6363,31814
6363,31815
6364,31816
6364,31817
6364,31818
6364,31819
6364,31820
6365,31821
6365,31822
6365,31823
6365,31824
6365,31825
6366,31826
6366,31827
6366,31828
6366,31829
6366,31830
6367,31831
6367,31832
6367,31833
6367,31834
6367,31835
6368,31836
6368,31837
6368,31838
6368,31839
6368,31840
6369,31841
6369,31842
6369,31843
6369,31844
6369,31845
6370,31846
6370,31847
6370,31848
6370,31849
6370,31850
6371,31851
6371,31852
6371,31853
6371,31854
6371,31855
6372,31856
6372,31857
6372,31858
6372,31859
6372,31860
6373,31861
6373,31862
6373,31863
6373,31864
6373,31865
6374,31866
6374,31867
6374,31868
6374,31869
6374,31870
6375,31871
6375,31872
6375,31873
6375,31874
6375,31875
6376,31876
6376,31877
6376,31878
6376,31879
6376,31880
6377,31881
6377,31882
6377,31883
6377,31884
6377,31885
6378,31886
6378,31887
6378,31888
6378,31889
6378,31890
6379,31891
6379,31892
6379,31893
6379,31894
6379,31895
6380,31896
6380,31897
6380,31898
6380,31899
6380,31900
6381,31901
6381,31902
6381,31903
6381,31904
6381,31905
6382,31906
6382,31907
6382,31908
6382,31909
6382,31910
6383,31911
6383,31912
6383,31913
6383,31914
6383,31915
6384,31916
6384,31917
6384,31918
6384,31919
6384,31920
6385,31921
6385,31922
6385,31923
6385,31924
6385,31925
6386,31926
6386,31927
6386,31928
6386,31929
6386,31930
6387,31931
6387,31932
6387,31933
6387,31934
6387,31935
6388,31936
6388,31937
6388,31938
6388,31939
6388,31940
6389,31941
6389,31942
6389,31943
6389,31944
6389,31945
6390,31946
6390,31947
6390,31948
6390,31949
6390,31950
6391,31951
6391,31952
6391,31953
6391,31954
6391,31955
6392,31956
6392,31957
6392,31958
6392,31959
6392,31960
6393,31961
6393,31962
6393,31963
6393,31964
6393,31965
6394,31966
6394,31967
6394,31968
6394,31969
6394,31970
6395,31971
6395,31972
6395,31973
6395,31974
6395,31975
6396,31976
6396,31977
6396,31978
6396,31979
6396,31980
6397,31981
6397,31982
6397,31983
6397,31984
6397,31985
6398,31986
6398,31987
6398,31988
6398,31989
6398,31990
6399,31991
6399,31992
6399,31993
6399,31994
6399,31995
6400,31996
6400,31997
6400,31998
6400,31999
6400,32000
6401,32001
6401,32002
6401,32003
6401,32004
6401,32005
6402,32006
6402,32007
6402,32008
6402,32009
6402,32010
6403,32011
6403,32012
6403,32013
6403,32014
6403,32015
6404,32016
6404,32017
6404,32018
6404,32019
6404,32020
6405,32021
6405,32022
6405,32023
6405,32024
6405,32025
6406,32026
6406,32027
6406,32028
6406,32029
6406,32030
6407,32031
6407,32032
6407,32033
6407,32034
6407,32035
6408,32036
6408,32037
6408,32038
6408,32039
6408,32040
6409,32041
6409,32042
6409,32043
6409,32044
6409,32045
6410,32046
6410,32047
6410,32048
6410,32049
6410,32050
6411,32051
6411,32052
6411,32053
6411,32054
6411,32055
6412,32056
6412,32057
6412,32058
6412,32059
6412,32060
6413,32061
6413,32062
6413,32063
6413,32064
6413,32065
6414,32066
6414,32067
6414,32068
6414,32069
6414,32070
6415,32071
6415,32072
6415,32073
6415,32074
6415,32075
6416,32076
6416,32077
6416,32078
6416,32079
6416,32080
6417,32081
6417,32082
6417,32083
6417,32084
6417,32085
6418,32086
6418,32087
6418,32088
6418,32089
6418,32090
6419,32091
6419,32092
6419,32093
6419,32094
6419,32095
6420,32096
6420,32097
6420,32098
6420,32099
6420,32100
6421,32101
6421,32102
6421,32103
6421,32104
6421,32105
6422,32106
6422,32107
6422,32108
6422,32109
6422,32110
6423,32111
6423,32112
6423,32113
6423,32114
6423,32115
6424,32116
6424,32117
6424,32118
6424,32119
6424,32120
6425,32121
6425,32122
6425,32123
6425,32124
6425,32125
6426,32126
6426,32127
6426,32128
6426,32129
6426,32130
6427,32131
6427,32132
6427,32133
6427,32134
6427,32135
6428,32136
6428,32137
6428,32138
6428,32139
6428,32140
6429,32141
6429,32142
6429,32143
6429,32144
6429,32145
6430,32146
6430,32147
6430,32148
6430,32149
6430,32150
6431,32151
6431,32152
6431,32153
6431,32154
6431,32155
6432,32156
6432,32157
6432,32158
6432,32159
6432,32160
6433,32161
6433,32162
6433,32163
6433,32164
6433,32165
6434,32166
6434,32167
6434,32168
6434,32169
6434,32170
6435,32171
6435,32172
6435,32173
6435,32174
6435,32175
6436,32176
6436,32177
6436,32178
6436,32179
6436,32180
6437,32181
6437,32182
6437,32183
6437,32184
6437,32185
6438,32186
6438,32187
6438,32188
6438,32189
6438,32190
6439,32191
6439,32192
6439,32193
6439,32194
6439,32195
6440,32196
6440,32197
6440,32198
6440,32199
6440,32200
6441,32201
6441,32202
6441,32203
6441,32204
6441,32205
6442,32206
6442,32207
6442,32208
6442,32209
6442,32210
6443,32211
6443,32212
6443,32213
6443,32214
6443,32215
6444,32216
6444,32217
6444,32218
6444,32219
6444,32220
6445,32221
6445,32222
6445,32223
6445,32224
6445,32225
6446,32226
6446,32227
6446,32228
6446,32229
6446,32230
6447,32231
6447,32232
6447,32233
6447,32234
6447,32235
6448,32236
6448,32237
6448,32238
6448,32239
6448,32240
6449,32241
6449,32242
6449,32243
6449,32244
6449,32245
6450,32246
6450,32247
6450,32248
6450,32249
6450,32250
6451,32251
6451,32252
6451,32253
6451,32254
6451,32255
6452,32256
6452,32257
6452,32258
6452,32259
6452,32260
6453,32261
6453,32262
6453,32263
6453,32264
6453,32265
6454,32266
6454,32267
6454,32268
6454,32269
6454,32270
6455,32271
6455,32272
6455,32273
6455,32274
6455,32275
6456,32276
6456,32277
6456,32278
6456,32279
6456,32280
6457,32281
6457,32282
6457,32283
6457,32284
6457,32285
6458,32286
6458,32287
6458,32288
6458,32289
6458,32290
6459,32291
6459,32292
6459,32293
6459,32294
6459,32295
6460,32296
6460,32297
6460,32298
6460,32299
6460,32300
6461,32301
6461,32302
6461,32303
6461,32304
6461,32305
6462,32306
6462,32307
6462,32308
6462,32309
6462,32310
6463,32311
6463,32312
6463,32313
6463,32314
6463,32315
6464,32316
6464,32317
6464,32318
6464,32319
6464,32320
6465,32321
6465,32322
6465,32323
6465,32324
6465,32325
6466,32326
6466,32327
6466,32328
6466,32329
6466,32330
6467,32331
6467,32332
6467,32333
6467,32334
6467,32335
6468,32336
6468,32337
6468,32338
6468,32339
6468,32340
6469,32341
6469,32342
6469,32343
6469,32344
6469,32345
6470,32346
6470,32347
6470,32348
6470,32349
6470,32350
6471,32351
6471,32352
6471,32353
6471,32354
6471,32355
6472,32356
6472,32357
6472,32358
6472,32359
6472,32360
6473,32361
6473,32362
6473,32363
6473,32364
6473,32365
6474,32366
6474,32367
6474,32368
6474,32369
6474,32370
6475,32371
6475,32372
6475,32373
6475,32374
6475,32375
6476,32376
6476,32377
6476,32378
6476,32379
6476,32380
6477,32381
6477,32382
6477,32383
6477,32384
6477,32385
6478,32386
6478,32387
6478,32388
6478,32389
6478,32390
6479,32391
6479,32392
6479,32393
6479,32394
6479,32395
6480,32396
6480,32397
6480,32398
6480,32399
6480,32400
6481,32401
6481,32402
6481,32403
6481,32404
6481,32405
6482,32406
6482,32407
6482,32408
6482,32409
6482,32410
6483,32411
6483,32412
6483,32413
6483,32414
6483,32415
6484,32416
6484,32417
6484,32418
6484,32419
6484,32420
6485,32421
6485,32422
6485,32423
6485,32424
6485,32425
6486,32426
6486,32427
6486,32428
6486,32429
6486,32430
6487,32431
6487,32432
6487,32433
6487,32434
6487,32435
6488,32436
6488,32437
6488,32438
6488,32439
6488,32440
6489,32441
6489,32442
6489,32443
6489,32444
6489,32445
6490,32446
6490,32447
6490,32448
6490,32449
6490,32450
6491,32451
6491,32452
6491,32453
6491,32454
6491,32455
6492,32456
6492,32457
6492,32458
6492,32459
6492,32460
6493,32461
6493,32462
6493,32463
6493,32464
6493,32465
6494,32466
6494,32467
6494,32468
6494,32469
6494,32470
6495,32471
6495,32472
6495,32473
6495,32474
6495,32475
6496,32476
6496,32477
6496,32478
6496,32479
6496,32480
6497,32481
6497,32482
6497,32483
6497,32484
6497,32485
6498,32486
6498,32487
6498,32488
6498,32489
6498,32490
6499,32491
6499,32492
6499,32493
6499,32494
6499,32495
6500,32496
6500,32497
6500,32498
6500,32499
6500,32500
6501,32501
6501,32502
6501,32503
6501,32504
6501,32505
6502,32506
6502,32507
6502,32508
6502,32509
6502,32510
6503,32511
6503,32512
6503,32513
6503,32514
6503,32515
6504,32516
6504,32517
6504,32518
6504,32519
6504,32520
6505,32521
6505,32522
6505,32523
6505,32524
6505,32525
6506,32526
6506,32527
6506,32528
6506,32529
6506,32530
6507,32531
6507,32532
6507,32533
6507,32534
6507,32535
6508,32536
6508,32537
6508,32538
6508,32539
6508,32540
6509,32541
6509,32542
6509,32543
6509,32544
6509,32545
6510,32546
6510,32547
6510,32548
6510,32549
6510,32550
6511,32551
6511,32552
6511,32553
6511,32554
6511,32555
6512,32556
6512,32557
6512,32558
6512,32559
6512,32560
6513,32561
6513,32562
6513,32563
6513,32564
6513,32565
6514,32566
6514,32567
6514,32568
6514,32569
6514,32570
6515,32571
6515,32572
6515,32573
6515,32574
6515,32575
6516,32576
6516,32577
6516,32578
6516,32579
6516,32580
6517,32581
6517,32582
6517,32583
6517,32584
6517,32585
6518,32586
6518,32587
6518,32588
6518,32589
6518,32590
6519,32591
6519,32592
6519,32593
6519,32594
6519,32595
6520,32596
6520,32597
6520,32598
6520,32599
6520,32600
6521,32601
6521,32602
6521,32603
6521,32604
6521,32605
6522,32606
6522,32607
6522,32608
6522,32609
6522,32610
6523,32611
6523,32612
6523,32613
6523,32614
6523,32615
6524,32616
6524,32617
6524,32618
6524,32619
6524,32620
6525,32621
6525,32622
6525,32623
6525,32624
6525,32625
6526,32626
6526,32627
6526,32628
6526,32629
6526,32630
6527,32631
6527,32632
6527,32633
6527,32634
6527,32635
6528,32636
6528,32637
6528,32638
6528,32639
6528,32640
6529,32641
6529,32642
6529,32643
6529,32644
6529,32645
6530,32646
6530,32647
6530,32648
6530,32649
6530,32650
6531,32651
6531,32652
6531,32653
6531,32654
6531,32655
6532,32656
6532,32657
6532,32658
6532,32659
6532,32660
6533,32661
6533,32662
6533,32663
6533,32664
6533,32665
6534,32666
6534,32667
6534,32668
6534,32669
6534,32670
6535,32671
6535,32672
6535,32673
6535,32674
6535,32675
6536,32676
6536,32677
6536,32678
6536,32679
6536,32680
6537,32681
6537,32682
6537,32683
6537,32684
6537,32685
6538,32686
6538,32687
6538,32688
6538,32689
6538,32690
6539,32691
6539,32692
6539,32693
6539,32694
6539,32695
6540,32696
6540,32697
6540,32698
6540,32699
6540,32700
6541,32701
6541,32702
6541,32703
6541,32704
6541,32705
6542,32706
6542,32707
6542,32708
6542,32709
6542,32710
6543,32711
6543,32712
6543,32713
6543,32714
6543,32715
6544,32716
6544,32717
6544,32718
6544,32719
6544,32720
6545,32721
6545,32722
6545,32723
6545,32724
6545,32725
6546,32726
6546,32727
6546,32728
6546,32729
6546,32730
6547,32731
6547,32732
6547,32733
6547,32734
6547,32735
6548,32736
6548,32737
6548,32738
6548,32739
6548,32740
6549,32741
6549,32742
6549,32743
6549,32744
6549,32745
6550,32746
6550,32747
6550,32748
6550,32749
6550,32750
6551,32751
6551,32752
6551,32753
6551,32754
6551,32755
6552,32756
6552,32757
6552,32758
6552,32759
6552,32760
6553,32761
6553,32762
6553,32763
6553,32764
6553,32765
6554,32766
6554,32767
6554,32768
6554,32769
6554,32770
6555,32771
6555,32772
6555,32773
6555,32774
6555,32775
6556,32776
6556,32777
6556,32778
6556,32779
6556,32780
6557,32781
6557,32782
6557,32783
6557,32784
6557,32785
6558,32786
6558,32787
6558,32788
6558,32789
6558,32790
6559,32791
6559,32792
6559,32793
6559,32794
6559,32795
6560,32796
6560,32797
6560,32798
6560,32799
6560,32800
6561,32801
6561,32802
6561,32803
6561,32804
6561,32805
6562,32806
6562,32807
6562,32808
6562,32809
6562,32810
6563,32811
6563,32812
6563,32813
6563,32814
6563,32815
6564,32816
6564,32817
6564,32818
6564,32819
6564,32820
6565,32821
6565,32822
6565,32823
6565,32824
6565,32825
6566,32826
6566,32827
6566,32828
6566,32829
6566,32830
6567,32831
6567,32832
6567,32833
6567,32834
6567,32835
6568,32836
6568,32837
6568,32838
6568,32839
6568,32840
6569,32841
6569,32842
6569,32843
6569,32844
6569,32845
6570,32846
6570,32847
6570,32848
6570,32849
6570,32850
6571,32851
6571,32852
6571,32853
6571,32854
6571,32855
6572,32856
6572,32857
6572,32858
6572,32859
6572,32860
6573,32861
6573,32862
6573,32863
6573,32864
6573,32865
6574,32866
6574,32867
6574,32868
6574,32869
6574,32870
6575,32871
6575,32872
6575,32873
6575,32874
6575,32875
6576,32876
6576,32877
6576,32878
6576,32879
6576,32880
6577,32881
6577,32882
6577,32883
6577,32884
6577,32885
6578,32886
6578,32887
6578,32888
6578,32889
6578,32890
6579,32891
6579,32892
6579,32893
6579,32894
6579,32895
6580,32896
6580,32897
6580,32898
6580,32899
6580,32900
6581,32901
6581,32902
6581,32903
6581,32904
6581,32905
6582,32906
6582,32907
6582,32908
6582,32909
6582,32910
6583,32911
6583,32912
6583,32913
6583,32914
6583,32915
6584,32916
6584,32917
6584,32918
6584,32919
6584,32920
6585,32921
6585,32922
6585,32923
6585,32924
6585,32925
6586,32926
6586,32927
6586,32928
6586,32929
6586,32930
6587,32931
6587,32932
6587,32933
6587,32934
6587,32935
6588,32936
6588,32937
6588,32938
6588,32939
6588,32940
6589,32941
6589,32942
6589,32943
6589,32944
6589,32945
6590,32946
6590,32947
6590,32948
6590,32949
6590,32950
6591,32951
6591,32952
6591,32953
6591,32954
6591,32955
6592,32956
6592,32957
6592,32958
6592,32959
6592,32960
6593,32961
6593,32962
6593,32963
6593,32964
6593,32965
6594,32966
6594,32967
6594,32968
6594,32969
6594,32970
6595,32971
6595,32972
6595,32973
6595,32974
6595,32975
6596,32976
6596,32977
6596,32978
6596,32979
6596,32980
6597,32981
6597,32982
6597,32983
6597,32984
6597,32985
6598,32986
6598,32987
6598,32988
6598,32989
6598,32990
6599,32991
6599,32992
6599,32993
6599,32994
6599,32995
6600,32996
6600,32997
6600,32998
6600,32999
6600,33000
6601,33001
6601,33002
6601,33003
6601,33004
6601,33005
6602,33006
6602,33007
6602,33008
6602,33009
6602,33010
6603,33011
6603,33012
6603,33013
6603,33014
6603,33015
6604,33016
6604,33017
6604,33018
6604,33019
6604,33020
6605,33021
6605,33022
6605,33023
6605,33024
6605,33025
6606,33026
6606,33027
6606,33028
6606,33029
6606,33030
6607,33031
6607,33032
6607,33033
6607,33034
6607,33035
6608,33036
6608,33037
6608,33038
6608,33039
6608,33040
6609,33041
6609,33042
6609,33043
6609,33044
6609,33045
6610,33046
6610,33047
6610,33048
6610,33049
6610,33050
6611,33051
6611,33052
6611,33053
6611,33054
6611,33055
6612,33056
6612,33057
6612,33058
6612,33059
6612,33060
6613,33061
6613,33062
6613,33063
6613,33064
6613,33065
6614,33066
6614,33067
6614,33068
6614,33069
6614,33070
6615,33071
6615,33072
6615,33073
6615,33074
6615,33075
6616,33076
6616,33077
6616,33078
6616,33079
6616,33080
6617,33081
6617,33082
6617,33083
6617,33084
6617,33085
6618,33086
6618,33087
6618,33088
6618,33089
6618,33090
6619,33091
6619,33092
6619,33093
6619,33094
6619,33095
6620,33096
6620,33097
6620,33098
6620,33099
6620,33100
6621,33101
6621,33102
6621,33103
6621,33104
6621,33105
6622,33106
6622,33107
6622,33108
6622,33109
6622,33110
6623,33111
6623,33112
6623,33113
6623,33114
6623,33115
6624,33116
6624,33117
6624,33118
6624,33119
6624,33120
6625,33121
6625,33122
6625,33123
6625,33124
6625,33125
6626,33126
6626,33127
6626,33128
6626,33129
6626,33130
6627,33131
6627,33132
6627,33133
6627,33134
6627,33135
6628,33136
6628,33137
6628,33138
6628,33139
6628,33140
6629,33141
6629,33142
6629,33143
6629,33144
6629,33145
6630,33146
6630,33147
6630,33148
6630,33149
6630,33150
6631,33151
6631,33152
6631,33153
6631,33154
6631,33155
6632,33156
6632,33157
6632,33158
6632,33159
6632,33160
6633,33161
6633,33162
6633,33163
6633,33164
6633,33165
6634,33166
6634,33167
6634,33168
6634,33169
6634,33170
6635,33171
6635,33172
6635,33173
6635,33174
6635,33175
6636,33176
6636,33177
6636,33178
6636,33179
6636,33180
6637,33181
6637,33182
6637,33183
6637,33184
6637,33185
6638,33186
6638,33187
6638,33188
6638,33189
6638,33190
6639,33191
6639,33192
6639,33193
6639,33194
6639,33195
6640,33196
6640,33197
6640,33198
6640,33199
6640,33200
6641,33201
6641,33202
6641,33203
6641,33204
6641,33205
6642,33206
6642,33207
6642,33208
6642,33209
6642,33210
6643,33211
6643,33212
6643,33213
6643,33214
6643,33215
6644,33216
6644,33217
6644,33218
6644,33219
6644,33220
6645,33221
6645,33222
6645,33223
6645,33224
6645,33225
6646,33226
6646,33227
6646,33228
6646,33229
6646,33230
6647,33231
6647,33232
6647,33233
6647,33234
6647,33235
6648,33236
6648,33237
6648,33238
6648,33239
6648,33240
6649,33241
6649,33242
6649,33243
6649,33244
6649,33245
6650,33246
6650,33247
6650,33248
6650,33249
6650,33250
6651,33251
6651,33252
6651,33253
6651,33254
6651,33255
6652,33256
6652,33257
6652,33258
6652,33259
6652,33260
6653,33261
6653,33262
6653,33263
6653,33264
6653,33265
6654,33266
6654,33267
6654,33268
6654,33269
6654,33270
6655,33271
6655,33272
6655,33273
6655,33274
6655,33275
6656,33276
6656,33277
6656,33278
6656,33279
6656,33280
6657,33281
6657,33282
6657,33283
6657,33284
6657,33285
6658,33286
6658,33287
6658,33288
6658,33289
6658,33290
6659,33291
6659,33292
6659,33293
6659,33294
6659,33295
6660,33296
6660,33297
6660,33298
6660,33299
6660,33300
6661,33301
6661,33302
6661,33303
6661,33304
6661,33305
6662,33306
6662,33307
6662,33308
6662,33309
6662,33310
6663,33311
6663,33312
6663,33313
6663,33314
6663,33315
6664,33316
6664,33317
6664,33318
6664,33319
6664,33320
6665,33321
6665,33322
6665,33323
6665,33324
6665,33325
6666,33326
6666,33327
6666,33328
6666,33329
6666,33330
6667,33331
6667,33332
6667,33333
6667,33334
6667,33335
6668,33336
6668,33337
6668,33338
6668,33339
6668,33340
6669,33341
6669,33342
6669,33343
6669,33344
6669,33345
6670,33346
6670,33347
6670,33348
6670,33349
6670,33350
6671,33351
6671,33352
6671,33353
6671,33354
6671,33355
6672,33356
6672,33357
6672,33358
6672,33359
6672,33360
6673,33361
6673,33362
6673,33363
6673,33364
6673,33365
6674,33366
6674,33367
6674,33368
6674,33369
6674,33370
6675,33371
6675,33372
6675,33373
6675,33374
6675,33375
6676,33376
6676,33377
6676,33378
6676,33379
6676,33380
6677,33381
6677,33382
6677,33383
6677,33384
6677,33385
6678,33386
6678,33387
6678,33388
6678,33389
6678,33390
6679,33391
6679,33392
6679,33393
6679,33394
6679,33395
6680,33396
6680,33397
6680,33398
6680,33399
6680,33400
6681,33401
6681,33402
6681,33403
6681,33404
6681,33405
6682,33406
6682,33407
6682,33408
6682,33409
6682,33410
6683,33411
6683,33412
6683,33413
6683,33414
6683,33415
6684,33416
6684,33417
6684,33418
6684,33419
6684,33420
6685,33421
6685,33422
6685,33423
6685,33424
6685,33425
6686,33426
6686,33427
6686,33428
6686,33429
6686,33430
6687,33431
6687,33432
6687,33433
6687,33434
6687,33435
6688,33436
6688,33437
6688,33438
6688,33439
6688,33440
6689,33441
6689,33442
6689,33443
6689,33444
6689,33445
6690,33446
6690,33447
6690,33448
6690,33449
6690,33450
6691,33451
6691,33452
6691,33453
6691,33454
6691,33455
6692,33456
6692,33457
6692,33458
6692,33459
6692,33460
6693,33461
6693,33462
6693,33463
6693,33464
6693,33465
6694,33466
6694,33467
6694,33468
6694,33469
6694,33470
6695,33471
6695,33472
6695,33473
6695,33474
6695,33475
6696,33476
6696,33477
6696,33478
6696,33479
6696,33480
6697,33481
6697,33482
6697,33483
6697,33484
6697,33485
6698,33486
6698,33487
6698,33488
6698,33489
6698,33490
6699,33491
6699,33492
6699,33493
6699,33494
6699,33495
6700,33496
6700,33497
6700,33498
6700,33499
6700,33500
6701,33501
6701,33502
6701,33503
6701,33504
6701,33505
6702,33506
6702,33507
6702,33508
6702,33509
6702,33510
6703,33511
6703,33512
6703,33513
6703,33514
6703,33515
6704,33516
6704,33517
6704,33518
6704,33519
6704,33520
6705,33521
6705,33522
6705,33523
6705,33524
6705,33525
6706,33526
6706,33527
6706,33528
6706,33529
6706,33530
6707,33531
6707,33532
6707,33533
6707,33534
6707,33535
6708,33536
6708,33537
6708,33538
6708,33539
6708,33540
6709,33541
6709,33542
6709,33543
6709,33544
6709,33545
6710,33546
6710,33547
6710,33548
6710,33549
6710,33550
6711,33551
6711,33552
6711,33553
6711,33554
6711,33555
6712,33556
6712,33557
6712,33558
6712,33559
6712,33560
6713,33561
6713,33562
6713,33563
6713,33564
6713,33565
6714,33566
6714,33567
6714,33568
6714,33569
6714,33570
6715,33571
6715,33572
6715,33573
6715,33574
6715,33575
6716,33576
6716,33577
6716,33578
6716,33579
6716,33580
6717,33581
6717,33582
6717,33583
6717,33584
6717,33585
6718,33586
6718,33587
6718,33588
6718,33589
6718,33590
6719,33591
6719,33592
6719,33593
6719,33594
6719,33595
6720,33596
6720,33597
6720,33598
6720,33599
6720,33600
6721,33601
6721,33602
6721,33603
6721,33604
6721,33605
6722,33606
6722,33607
6722,33608
6722,33609
6722,33610
6723,33611
6723,33612
6723,33613
6723,33614
6723,33615
6724,33616
6724,33617
6724,33618
6724,33619
6724,33620
6725,33621
6725,33622
6725,33623
6725,33624
6725,33625
6726,33626
6726,33627
6726,33628
6726,33629
6726,33630
6727,33631
6727,33632
6727,33633
6727,33634
6727,33635
6728,33636
6728,33637
6728,33638
6728,33639
6728,33640
6729,33641
6729,33642
6729,33643
6729,33644
6729,33645
6730,33646
6730,33647
6730,33648
6730,33649
6730,33650
6731,33651
6731,33652
6731,33653
6731,33654
6731,33655
6732,33656
6732,33657
6732,33658
6732,33659
6732,33660
6733,33661
6733,33662
6733,33663
6733,33664
6733,33665
6734,33666
6734,33667
6734,33668
6734,33669
6734,33670
6735,33671
6735,33672
6735,33673
6735,33674
6735,33675
6736,33676
6736,33677
6736,33678
6736,33679
6736,33680
6737,33681
6737,33682
6737,33683
6737,33684
6737,33685
6738,33686
6738,33687
6738,33688
6738,33689
6738,33690
6739,33691
6739,33692
6739,33693
6739,33694
6739,33695
6740,33696
6740,33697
6740,33698
6740,33699
6740,33700
6741,33701
6741,33702
6741,33703
6741,33704
6741,33705
6742,33706
6742,33707
6742,33708
6742,33709
6742,33710
6743,33711
6743,33712
6743,33713
6743,33714
6743,33715
6744,33716
6744,33717
6744,33718
6744,33719
6744,33720
6745,33721
6745,33722
6745,33723
6745,33724
6745,33725
6746,33726
6746,33727
6746,33728
6746,33729
6746,33730
6747,33731
6747,33732
6747,33733
6747,33734
6747,33735
6748,33736
6748,33737
6748,33738
6748,33739
6748,33740
6749,33741
6749,33742
6749,33743
6749,33744
6749,33745
6750,33746
6750,33747
6750,33748
6750,33749
6750,33750
6751,33751
6751,33752
6751,33753
6751,33754
6751,33755
6752,33756
6752,33757
6752,33758
6752,33759
6752,33760
6753,33761
6753,33762
6753,33763
6753,33764
6753,33765
6754,33766
6754,33767
6754,33768
6754,33769
6754,33770
6755,33771
6755,33772
6755,33773
6755,33774
6755,33775
6756,33776
6756,33777
6756,33778
6756,33779
6756,33780
6757,33781
6757,33782
6757,33783
6757,33784
6757,33785
6758,33786
6758,33787
6758,33788
6758,33789
6758,33790
6759,33791
6759,33792
6759,33793
6759,33794
6759,33795
6760,33796
6760,33797
6760,33798
6760,33799
6760,33800
6761,33801
6761,33802
6761,33803
6761,33804
6761,33805
6762,33806
6762,33807
6762,33808
6762,33809
6762,33810
6763,33811
6763,33812
6763,33813
6763,33814
6763,33815
6764,33816
6764,33817
6764,33818
6764,33819
6764,33820
6765,33821
6765,33822
6765,33823
6765,33824
6765,33825
6766,33826
6766,33827
6766,33828
6766,33829
6766,33830
6767,33831
6767,33832
6767,33833
6767,33834
6767,33835
6768,33836
6768,33837
6768,33838
6768,33839
6768,33840
6769,33841
6769,33842
6769,33843
6769,33844
6769,33845
6770,33846
6770,33847
6770,33848
6770,33849
6770,33850
6771,33851
6771,33852
6771,33853
6771,33854
6771,33855
6772,33856
6772,33857
6772,33858
6772,33859
6772,33860
6773,33861
6773,33862
6773,33863
6773,33864
6773,33865
6774,33866
6774,33867
6774,33868
6774,33869
6774,33870
6775,33871
6775,33872
6775,33873
6775,33874
6775,33875
6776,33876
6776,33877
6776,33878
6776,33879
6776,33880
6777,33881
6777,33882
6777,33883
6777,33884
6777,33885
6778,33886
6778,33887
6778,33888
6778,33889
6778,33890
6779,33891
6779,33892
6779,33893
6779,33894
6779,33895
6780,33896
6780,33897
6780,33898
6780,33899
6780,33900
6781,33901
6781,33902
6781,33903
6781,33904
6781,33905
6782,33906
6782,33907
6782,33908
6782,33909
6782,33910
6783,33911
6783,33912
6783,33913
6783,33914
6783,33915
6784,33916
6784,33917
6784,33918
6784,33919
6784,33920
6785,33921
6785,33922
6785,33923
6785,33924
6785,33925
6786,33926
6786,33927
6786,33928
6786,33929
6786,33930
6787,33931
6787,33932
6787,33933
6787,33934
6787,33935
6788,33936
6788,33937
6788,33938
6788,33939
6788,33940
6789,33941
6789,33942
6789,33943
6789,33944
6789,33945
6790,33946
6790,33947
6790,33948
6790,33949
6790,33950
6791,33951
6791,33952
6791,33953
6791,33954
6791,33955
6792,33956
6792,33957
6792,33958
6792,33959
6792,33960
6793,33961
6793,33962
6793,33963
6793,33964
6793,33965
6794,33966
6794,33967
6794,33968
6794,33969
6794,33970
6795,33971
6795,33972
6795,33973
6795,33974
6795,33975
6796,33976
6796,33977
6796,33978
6796,33979
6796,33980
6797,33981
6797,33982
6797,33983
6797,33984
6797,33985
6798,33986
6798,33987
6798,33988
6798,33989
6798,33990
6799,33991
6799,33992
6799,33993
6799,33994
6799,33995
6800,33996
6800,33997
6800,33998
6800,33999
6800,34000
6801,34001
6801,34002
6801,34003
6801,34004
6801,34005
6802,34006
6802,34007
6802,34008
6802,34009
6802,34010
6803,34011
6803,34012
6803,34013
6803,34014
6803,34015
6804,34016
6804,34017
6804,34018
6804,34019
6804,34020
6805,34021
6805,34022
6805,34023
6805,34024
6805,34025
6806,34026
6806,34027
6806,34028
6806,34029
6806,34030
6807,34031
6807,34032
6807,34033
6807,34034
6807,34035
6808,34036
6808,34037
6808,34038
6808,34039
6808,34040
6809,34041
6809,34042
6809,34043
6809,34044
6809,34045
6810,34046
6810,34047
6810,34048
6810,34049
6810,34050
6811,34051
6811,34052
6811,34053
6811,34054
6811,34055
6812,34056
6812,34057
6812,34058
6812,34059
6812,34060
6813,34061
6813,34062
6813,34063
6813,34064
6813,34065
6814,34066
6814,34067
6814,34068
6814,34069
6814,34070
6815,34071
6815,34072
6815,34073
6815,34074
6815,34075
6816,34076
6816,34077
6816,34078
6816,34079
6816,34080
6817,34081
6817,34082
6817,34083
6817,34084
6817,34085
6818,34086
6818,34087
6818,34088
6818,34089
6818,34090
6819,34091
6819,34092
6819,34093
6819,34094
6819,34095
6820,34096
6820,34097
6820,34098
6820,34099
6820,34100
6821,34101
6821,34102
6821,34103
6821,34104
6821,34105
6822,34106
6822,34107
6822,34108
6822,34109
6822,34110
6823,34111
6823,34112
6823,34113
6823,34114
6823,34115
6824,34116
6824,34117
6824,34118
6824,34119
6824,34120
6825,34121
6825,34122
6825,34123
6825,34124
6825,34125
6826,34126
6826,34127
6826,34128
6826,34129
6826,34130
6827,34131
6827,34132
6827,34133
6827,34134
6827,34135
6828,34136
6828,34137
6828,34138
6828,34139
6828,34140
6829,34141
6829,34142
6829,34143
6829,34144
6829,34145
6830,34146
6830,34147
6830,34148
6830,34149
6830,34150
6831,34151
6831,34152
6831,34153
6831,34154
6831,34155
6832,34156
6832,34157
6832,34158
6832,34159
6832,34160
6833,34161
6833,34162
6833,34163
6833,34164
6833,34165
6834,34166
6834,34167
6834,34168
6834,34169
6834,34170
6835,34171
6835,34172
6835,34173
6835,34174
6835,34175
6836,34176
6836,34177
6836,34178
6836,34179
6836,34180
6837,34181
6837,34182
6837,34183
6837,34184
6837,34185
6838,34186
6838,34187
6838,34188
6838,34189
6838,34190
6839,34191
6839,34192
6839,34193
6839,34194
6839,34195
6840,34196
6840,34197
6840,34198
6840,34199
6840,34200
6841,34201
6841,34202
6841,34203
6841,34204
6841,34205
6842,34206
6842,34207
6842,34208
6842,34209
6842,34210
6843,34211
6843,34212
6843,34213
6843,34214
6843,34215
6844,34216
6844,34217
6844,34218
6844,34219
6844,34220
6845,34221
6845,34222
6845,34223
6845,34224
6845,34225
6846,34226
6846,34227
6846,34228
6846,34229
6846,34230
6847,34231
6847,34232
6847,34233
6847,34234
6847,34235
6848,34236
6848,34237
6848,34238
6848,34239
6848,34240
6849,34241
6849,34242
6849,34243
6849,34244
6849,34245
6850,34246
6850,34247
6850,34248
6850,34249
6850,34250
6851,34251
6851,34252
6851,34253
6851,34254
6851,34255
6852,34256
6852,34257
6852,34258
6852,34259
6852,34260
6853,34261
6853,34262
6853,34263
6853,34264
6853,34265
6854,34266
6854,34267
6854,34268
6854,34269
6854,34270
6855,34271
6855,34272
6855,34273
6855,34274
6855,34275
6856,34276
6856,34277
6856,34278
6856,34279
6856,34280
6857,34281
6857,34282
6857,34283
6857,34284
6857,34285
6858,34286
6858,34287
6858,34288
6858,34289
6858,34290
6859,34291
6859,34292
6859,34293
6859,34294
6859,34295
6860,34296
6860,34297
6860,34298
6860,34299
6860,34300
6861,34301
6861,34302
6861,34303
6861,34304
6861,34305
6862,34306
6862,34307
6862,34308
6862,34309
6862,34310
6863,34311
6863,34312
6863,34313
6863,34314
6863,34315
6864,34316
6864,34317
6864,34318
6864,34319
6864,34320
6865,34321
6865,34322
6865,34323
6865,34324
6865,34325
6866,34326
6866,34327
6866,34328
6866,34329
6866,34330
6867,34331
6867,34332
6867,34333
6867,34334
6867,34335
6868,34336
6868,34337
6868,34338
6868,34339
6868,34340
6869,34341
6869,34342
6869,34343
6869,34344
6869,34345
6870,34346
6870,34347
6870,34348
6870,34349
6870,34350
6871,34351
6871,34352
6871,34353
6871,34354
6871,34355
6872,34356
6872,34357
6872,34358
6872,34359
6872,34360
6873,34361
6873,34362
6873,34363
6873,34364
6873,34365
6874,34366
6874,34367
6874,34368
6874,34369
6874,34370
6875,34371
6875,34372
6875,34373
6875,34374
6875,34375
6876,34376
6876,34377
6876,34378
6876,34379
6876,34380
6877,34381
6877,34382
6877,34383
6877,34384
6877,34385
6878,34386
6878,34387
6878,34388
6878,34389
6878,34390
6879,34391
6879,34392
6879,34393
6879,34394
6879,34395
6880,34396
6880,34397
6880,34398
6880,34399
6880,34400
6881,34401
6881,34402
6881,34403
6881,34404
6881,34405
6882,34406
6882,34407
6882,34408
6882,34409
6882,34410
6883,34411
6883,34412
6883,34413
6883,34414
6883,34415
6884,34416
6884,34417
6884,34418
6884,34419
6884,34420
6885,34421
6885,34422
6885,34423
6885,34424
6885,34425
6886,34426
6886,34427
6886,34428
6886,34429
6886,34430
6887,34431
6887,34432
6887,34433
6887,34434
6887,34435
6888,34436
6888,34437
6888,34438
6888,34439
6888,34440
6889,34441
6889,34442
6889,34443
6889,34444
6889,34445
6890,34446
6890,34447
6890,34448
6890,34449
6890,34450
6891,34451
6891,34452
6891,34453
6891,34454
6891,34455
6892,34456
6892,34457
6892,34458
6892,34459
6892,34460
6893,34461
6893,34462
6893,34463
6893,34464
6893,34465
6894,34466
6894,34467
6894,34468
6894,34469
6894,34470
6895,34471
6895,34472
6895,34473
6895,34474
6895,34475
6896,34476
6896,34477
6896,34478
6896,34479
6896,34480
6897,34481
6897,34482
6897,34483
6897,34484
6897,34485
6898,34486
6898,34487
6898,34488
6898,34489
6898,34490
6899,34491
6899,34492
6899,34493
6899,34494
6899,34495
6900,34496
6900,34497
6900,34498
6900,34499
6900,34500
6901,34501
6901,34502
6901,34503
6901,34504
6901,34505
6902,34506
6902,34507
6902,34508
6902,34509
6902,34510
6903,34511
6903,34512
6903,34513
6903,34514
6903,34515
6904,34516
6904,34517
6904,34518
6904,34519
6904,34520
6905,34521
6905,34522
6905,34523
6905,34524
6905,34525
6906,34526
6906,34527
6906,34528
6906,34529
6906,34530
6907,34531
6907,34532
6907,34533
6907,34534
6907,34535
6908,34536
6908,34537
6908,34538
6908,34539
6908,34540
6909,34541
6909,34542
6909,34543
6909,34544
6909,34545
6910,34546
6910,34547
6910,34548
6910,34549
6910,34550
6911,34551
6911,34552
6911,34553
6911,34554
6911,34555
6912,34556
6912,34557
6912,34558
6912,34559
6912,34560
6913,34561
6913,34562
6913,34563
6913,34564
6913,34565
6914,34566
6914,34567
6914,34568
6914,34569
6914,34570
6915,34571
6915,34572
6915,34573
6915,34574
6915,34575
6916,34576
6916,34577
6916,34578
6916,34579
6916,34580
6917,34581
6917,34582
6917,34583
6917,34584
6917,34585
6918,34586
6918,34587
6918,34588
6918,34589
6918,34590
6919,34591
6919,34592
6919,34593
6919,34594
6919,34595
6920,34596
6920,34597
6920,34598
6920,34599
6920,34600
6921,34601
6921,34602
6921,34603
6921,34604
6921,34605
6922,34606
6922,34607
6922,34608
6922,34609
6922,34610
6923,34611
6923,34612
6923,34613
6923,34614
6923,34615
6924,34616
6924,34617
6924,34618
6924,34619
6924,34620
6925,34621
6925,34622
6925,34623
6925,34624
6925,34625
6926,34626
6926,34627
6926,34628
6926,34629
6926,34630
6927,34631
6927,34632
6927,34633
6927,34634
6927,34635
6928,34636
6928,34637
6928,34638
6928,34639
6928,34640
6929,34641
6929,34642
6929,34643
6929,34644
6929,34645
6930,34646
6930,34647
6930,34648
6930,34649
6930,34650
6931,34651
6931,34652
6931,34653
6931,34654
6931,34655
6932,34656
6932,34657
6932,34658
6932,34659
6932,34660
6933,34661
6933,34662
6933,34663
6933,34664
6933,34665
6934,34666
6934,34667
6934,34668
6934,34669
6934,34670
6935,34671
6935,34672
6935,34673
6935,34674
6935,34675
6936,34676
6936,34677
6936,34678
6936,34679
6936,34680
6937,34681
6937,34682
6937,34683
6937,34684
6937,34685
6938,34686
6938,34687
6938,34688
6938,34689
6938,34690
6939,34691
6939,34692
6939,34693
6939,34694
6939,34695
6940,34696
6940,34697
6940,34698
6940,34699
6940,34700
6941,34701
6941,34702
6941,34703
6941,34704
6941,34705
6942,34706
6942,34707
6942,34708
6942,34709
6942,34710
6943,34711
6943,34712
6943,34713
6943,34714
6943,34715
6944,34716
6944,34717
6944,34718
6944,34719
6944,34720
6945,34721
6945,34722
6945,34723
6945,34724
6945,34725
6946,34726
6946,34727
6946,34728
6946,34729
6946,34730
6947,34731
6947,34732
6947,34733
6947,34734
6947,34735
6948,34736
6948,34737
6948,34738
6948,34739
6948,34740
6949,34741
6949,34742
6949,34743
6949,34744
6949,34745
6950,34746
6950,34747
6950,34748
6950,34749
6950,34750
6951,34751
6951,34752
6951,34753
6951,34754
6951,34755
6952,34756
6952,34757
6952,34758
6952,34759
6952,34760
6953,34761
6953,34762
6953,34763
6953,34764
6953,34765
6954,34766
6954,34767
6954,34768
6954,34769
6954,34770
6955,34771
6955,34772
6955,34773
6955,34774
6955,34775
6956,34776
6956,34777
6956,34778
6956,34779
6956,34780
6957,34781
6957,34782
6957,34783
6957,34784
6957,34785
6958,34786
6958,34787
6958,34788
6958,34789
6958,34790
6959,34791
6959,34792
6959,34793
6959,34794
6959,34795
6960,34796
6960,34797
6960,34798
6960,34799
6960,34800
6961,34801
6961,34802
6961,34803
6961,34804
6961,34805
6962,34806
6962,34807
6962,34808
6962,34809
6962,34810
6963,34811
6963,34812
6963,34813
6963,34814
6963,34815
6964,34816
6964,34817
6964,34818
6964,34819
6964,34820
6965,34821
6965,34822
6965,34823
6965,34824
6965,34825
6966,34826
6966,34827
6966,34828
6966,34829
6966,34830
6967,34831
6967,34832
6967,34833
6967,34834
6967,34835
6968,34836
6968,34837
6968,34838
6968,34839
6968,34840
6969,34841
6969,34842
6969,34843
6969,34844
6969,34845
6970,34846
6970,34847
6970,34848
6970,34849
6970,34850
6971,34851
6971,34852
6971,34853
6971,34854
6971,34855
6972,34856
6972,34857
6972,34858
6972,34859
6972,34860
6973,34861
6973,34862
6973,34863
6973,34864
6973,34865
6974,34866
6974,34867
6974,34868
6974,34869
6974,34870
6975,34871
6975,34872
6975,34873
6975,34874
6975,34875
6976,34876
6976,34877
6976,34878
6976,34879
6976,34880
6977,34881
6977,34882
6977,34883
6977,34884
6977,34885
6978,34886
6978,34887
6978,34888
6978,34889
6978,34890
6979,34891
6979,34892
6979,34893
6979,34894
6979,34895
6980,34896
6980,34897
6980,34898
6980,34899
6980,34900
6981,34901
6981,34902
6981,34903
6981,34904
6981,34905
6982,34906
6982,34907
6982,34908
6982,34909
6982,34910
6983,34911
6983,34912
6983,34913
6983,34914
6983,34915
6984,34916
6984,34917
6984,34918
6984,34919
6984,34920
6985,34921
6985,34922
6985,34923
6985,34924
6985,34925
6986,34926
6986,34927
6986,34928
6986,34929
6986,34930
6987,34931
6987,34932
6987,34933
6987,34934
6987,34935
6988,34936
6988,34937
6988,34938
6988,34939
6988,34940
6989,34941
6989,34942
6989,34943
6989,34944
6989,34945
6990,34946
6990,34947
6990,34948
6990,34949
6990,34950
6991,34951
6991,34952
6991,34953
6991,34954
6991,34955
6992,34956
6992,34957
6992,34958
6992,34959
6992,34960
6993,34961
6993,34962
6993,34963
6993,34964
6993,34965
6994,34966
6994,34967
6994,34968
6994,34969
6994,34970
6995,34971
6995,34972
6995,34973
6995,34974
6995,34975
6996,34976
6996,34977
6996,34978
6996,34979
6996,34980
6997,34981
6997,34982
6997,34983
6997,34984
6997,34985
6998,34986
6998,34987
6998,34988
6998,34989
6998,34990
6999,34991
6999,34992
6999,34993
6999,34994
6999,34995
7000,34996
7000,34997
7000,34998
7000,34999
7000,35000
7001,35001
7001,35002
7001,35003
7001,35004
7001,35005
7002,35006
7002,35007
7002,35008
7002,35009
7002,35010
7003,35011
7003,35012
7003,35013
7003,35014
7003,35015
7004,35016
7004,35017
7004,35018
7004,35019
7004,35020
7005,35021
7005,35022
7005,35023
7005,35024
7005,35025
7006,35026
7006,35027
7006,35028
7006,35029
7006,35030
7007,35031
7007,35032
7007,35033
7007,35034
7007,35035
7008,35036
7008,35037
7008,35038
7008,35039
7008,35040
7009,35041
7009,35042
7009,35043
7009,35044
7009,35045
7010,35046
7010,35047
7010,35048
7010,35049
7010,35050
7011,35051
7011,35052
7011,35053
7011,35054
7011,35055
7012,35056
7012,35057
7012,35058
7012,35059
7012,35060
7013,35061
7013,35062
7013,35063
7013,35064
7013,35065
7014,35066
7014,35067
7014,35068
7014,35069
7014,35070
7015,35071
7015,35072
7015,35073
7015,35074
7015,35075
7016,35076
7016,35077
7016,35078
7016,35079
7016,35080
7017,35081
7017,35082
7017,35083
7017,35084
7017,35085
7018,35086
7018,35087
7018,35088
7018,35089
7018,35090
7019,35091
7019,35092
7019,35093
7019,35094
7019,35095
7020,35096
7020,35097
7020,35098
7020,35099
7020,35100
7021,35101
7021,35102
7021,35103
7021,35104
7021,35105
7022,35106
7022,35107
7022,35108
7022,35109
7022,35110
7023,35111
7023,35112
7023,35113
7023,35114
7023,35115
7024,35116
7024,35117
7024,35118
7024,35119
7024,35120
7025,35121
7025,35122
7025,35123
7025,35124
7025,35125
7026,35126
7026,35127
7026,35128
7026,35129
7026,35130
7027,35131
7027,35132
7027,35133
7027,35134
7027,35135
7028,35136
7028,35137
7028,35138
7028,35139
7028,35140
7029,35141
7029,35142
7029,35143
7029,35144
7029,35145
7030,35146
7030,35147
7030,35148
7030,35149
7030,35150
7031,35151
7031,35152
7031,35153
7031,35154
7031,35155
7032,35156
7032,35157
7032,35158
7032,35159
7032,35160
7033,35161
7033,35162
7033,35163
7033,35164
7033,35165
7034,35166
7034,35167
7034,35168
7034,35169
7034,35170
7035,35171
7035,35172
7035,35173
7035,35174
7035,35175
7036,35176
7036,35177
7036,35178
7036,35179
7036,35180
7037,35181
7037,35182
7037,35183
7037,35184
7037,35185
7038,35186
7038,35187
7038,35188
7038,35189
7038,35190
7039,35191
7039,35192
7039,35193
7039,35194
7039,35195
7040,35196
7040,35197
7040,35198
7040,35199
7040,35200
7041,35201
7041,35202
7041,35203
7041,35204
7041,35205
7042,35206
7042,35207
7042,35208
7042,35209
7042,35210
7043,35211
7043,35212
7043,35213
7043,35214
7043,35215
7044,35216
7044,35217
7044,35218
7044,35219
7044,35220
7045,35221
7045,35222
7045,35223
7045,35224
7045,35225
7046,35226
7046,35227
7046,35228
7046,35229
7046,35230
7047,35231
7047,35232
7047,35233
7047,35234
7047,35235
7048,35236
7048,35237
7048,35238
7048,35239
7048,35240
7049,35241
7049,35242
7049,35243
7049,35244
7049,35245
7050,35246
7050,35247
7050,35248
7050,35249
7050,35250
7051,35251
7051,35252
7051,35253
7051,35254
7051,35255
7052,35256
7052,35257
7052,35258
7052,35259
7052,35260
7053,35261
7053,35262
7053,35263
7053,35264
7053,35265
7054,35266
7054,35267
7054,35268
7054,35269
7054,35270
7055,35271
7055,35272
7055,35273
7055,35274
7055,35275
7056,35276
7056,35277
7056,35278
7056,35279
7056,35280
7057,35281
7057,35282
7057,35283
7057,35284
7057,35285
7058,35286
7058,35287
7058,35288
7058,35289
7058,35290
7059,35291
7059,35292
7059,35293
7059,35294
7059,35295
7060,35296
7060,35297
7060,35298
7060,35299
7060,35300
7061,35301
7061,35302
7061,35303
7061,35304
7061,35305
7062,35306
7062,35307
7062,35308
7062,35309
7062,35310
7063,35311
7063,35312
7063,35313
7063,35314
7063,35315
7064,35316
7064,35317
7064,35318
7064,35319
7064,35320
7065,35321
7065,35322
7065,35323
7065,35324
7065,35325
7066,35326
7066,35327
7066,35328
7066,35329
7066,35330
7067,35331
7067,35332
7067,35333
7067,35334
7067,35335
7068,35336
7068,35337
7068,35338
7068,35339
7068,35340
7069,35341
7069,35342
7069,35343
7069,35344
7069,35345
7070,35346
7070,35347
7070,35348
7070,35349
7070,35350
7071,35351
7071,35352
7071,35353
7071,35354
7071,35355
7072,35356
7072,35357
7072,35358
7072,35359
7072,35360
7073,35361
7073,35362
7073,35363
7073,35364
7073,35365
7074,35366
7074,35367
7074,35368
7074,35369
7074,35370
7075,35371
7075,35372
7075,35373
7075,35374
7075,35375
7076,35376
7076,35377
7076,35378
7076,35379
7076,35380
7077,35381
7077,35382
7077,35383
7077,35384
7077,35385
7078,35386
7078,35387
7078,35388
7078,35389
7078,35390
7079,35391
7079,35392
7079,35393
7079,35394
7079,35395
7080,35396
7080,35397
7080,35398
7080,35399
7080,35400
7081,35401
7081,35402
7081,35403
7081,35404
7081,35405
7082,35406
7082,35407
7082,35408
7082,35409
7082,35410
7083,35411
7083,35412
7083,35413
7083,35414
7083,35415
7084,35416
7084,35417
7084,35418
7084,35419
7084,35420
7085,35421
7085,35422
7085,35423
7085,35424
7085,35425
7086,35426
7086,35427
7086,35428
7086,35429
7086,35430
7087,35431
7087,35432
7087,35433
7087,35434
7087,35435
7088,35436
7088,35437
7088,35438
7088,35439
7088,35440
7089,35441
7089,35442
7089,35443
7089,35444
7089,35445
7090,35446
7090,35447
7090,35448
7090,35449
7090,35450
7091,35451
7091,35452
7091,35453
7091,35454
7091,35455
7092,35456
7092,35457
7092,35458
7092,35459
7092,35460
7093,35461
7093,35462
7093,35463
7093,35464
7093,35465
7094,35466
7094,35467
7094,35468
7094,35469
7094,35470
7095,35471
7095,35472
7095,35473
7095,35474
7095,35475
7096,35476
7096,35477
7096,35478
7096,35479
7096,35480
7097,35481
7097,35482
7097,35483
7097,35484
7097,35485
7098,35486
7098,35487
7098,35488
7098,35489
7098,35490
7099,35491
7099,35492
7099,35493
7099,35494
7099,35495
7100,35496
7100,35497
7100,35498
7100,35499
7100,35500
7101,35501
7101,35502
7101,35503
7101,35504
7101,35505
7102,35506
7102,35507
7102,35508
7102,35509
7102,35510
7103,35511
7103,35512
7103,35513
7103,35514
7103,35515
7104,35516
7104,35517
7104,35518
7104,35519
7104,35520
7105,35521
7105,35522
7105,35523
7105,35524
7105,35525
7106,35526
7106,35527
7106,35528
7106,35529
7106,35530
7107,35531
7107,35532
7107,35533
7107,35534
7107,35535
7108,35536
7108,35537
7108,35538
7108,35539
7108,35540
7109,35541
7109,35542
7109,35543
7109,35544
7109,35545
7110,35546
7110,35547
7110,35548
7110,35549
7110,35550
7111,35551
7111,35552
7111,35553
7111,35554
7111,35555
7112,35556
7112,35557
7112,35558
7112,35559
7112,35560
7113,35561
7113,35562
7113,35563
7113,35564
7113,35565
7114,35566
7114,35567
7114,35568
7114,35569
7114,35570
7115,35571
7115,35572
7115,35573
7115,35574
7115,35575
7116,35576
7116,35577
7116,35578
7116,35579
7116,35580
7117,35581
7117,35582
7117,35583
7117,35584
7117,35585
7118,35586
7118,35587
7118,35588
7118,35589
7118,35590
7119,35591
7119,35592
7119,35593
7119,35594
7119,35595
7120,35596
7120,35597
7120,35598
7120,35599
7120,35600
7121,35601
7121,35602
7121,35603
7121,35604
7121,35605
7122,35606
7122,35607
7122,35608
7122,35609
7122,35610
7123,35611
7123,35612
7123,35613
7123,35614
7123,35615
7124,35616
7124,35617
7124,35618
7124,35619
7124,35620
7125,35621
7125,35622
7125,35623
7125,35624
7125,35625
7126,35626
7126,35627
7126,35628
7126,35629
7126,35630
7127,35631
7127,35632
7127,35633
7127,35634
7127,35635
7128,35636
7128,35637
7128,35638
7128,35639
7128,35640
7129,35641
7129,35642
7129,35643
7129,35644
7129,35645
7130,35646
7130,35647
7130,35648
7130,35649
7130,35650
7131,35651
7131,35652
7131,35653
7131,35654
7131,35655
7132,35656
7132,35657
7132,35658
7132,35659
7132,35660
7133,35661
7133,35662
7133,35663
7133,35664
7133,35665
7134,35666
7134,35667
7134,35668
7134,35669
7134,35670
7135,35671
7135,35672
7135,35673
7135,35674
7135,35675
7136,35676
7136,35677
7136,35678
7136,35679
7136,35680
7137,35681
7137,35682
7137,35683
7137,35684
7137,35685
7138,35686
7138,35687
7138,35688
7138,35689
7138,35690
7139,35691
7139,35692
7139,35693
7139,35694
7139,35695
7140,35696
7140,35697
7140,35698
7140,35699
7140,35700
7141,35701
7141,35702
7141,35703
7141,35704
7141,35705
7142,35706
7142,35707
7142,35708
7142,35709
7142,35710
7143,35711
7143,35712
7143,35713
7143,35714
7143,35715
7144,35716
7144,35717
7144,35718
7144,35719
7144,35720
7145,35721
7145,35722
7145,35723
7145,35724
7145,35725
7146,35726
7146,35727
7146,35728
7146,35729
7146,35730
7147,35731
7147,35732
7147,35733
7147,35734
7147,35735
7148,35736
7148,35737
7148,35738
7148,35739
7148,35740
7149,35741
7149,35742
7149,35743
7149,35744
7149,35745
7150,35746
7150,35747
7150,35748
7150,35749
7150,35750
7151,35751
7151,35752
7151,35753
7151,35754
7151,35755
7152,35756
7152,35757
7152,35758
7152,35759
7152,35760
7153,35761
7153,35762
7153,35763
7153,35764
7153,35765
7154,35766
7154,35767
7154,35768
7154,35769
7154,35770
7155,35771
7155,35772
7155,35773
7155,35774
7155,35775
7156,35776
7156,35777
7156,35778
7156,35779
7156,35780
7157,35781
7157,35782
7157,35783
7157,35784
7157,35785
7158,35786
7158,35787
7158,35788
7158,35789
7158,35790
7159,35791
7159,35792
7159,35793
7159,35794
7159,35795
7160,35796
7160,35797
7160,35798
7160,35799
7160,35800
7161,35801
7161,35802
7161,35803
7161,35804
7161,35805
7162,35806
7162,35807
7162,35808
7162,35809
7162,35810
7163,35811
7163,35812
7163,35813
7163,35814
7163,35815
7164,35816
7164,35817
7164,35818
7164,35819
7164,35820
7165,35821
7165,35822
7165,35823
7165,35824
7165,35825
7166,35826
7166,35827
7166,35828
7166,35829
7166,35830
7167,35831
7167,35832
7167,35833
7167,35834
7167,35835
7168,35836
7168,35837
7168,35838
7168,35839
7168,35840
7169,35841
7169,35842
7169,35843
7169,35844
7169,35845
7170,35846
7170,35847
7170,35848
7170,35849
7170,35850
7171,35851
7171,35852
7171,35853
7171,35854
7171,35855
7172,35856
7172,35857
7172,35858
7172,35859
7172,35860
7173,35861
7173,35862
7173,35863
7173,35864
7173,35865
7174,35866
7174,35867
7174,35868
7174,35869
7174,35870
7175,35871
7175,35872
7175,35873
7175,35874
7175,35875
7176,35876
7176,35877
7176,35878
7176,35879
7176,35880
7177,35881
7177,35882
7177,35883
7177,35884
7177,35885
7178,35886
7178,35887
7178,35888
7178,35889
7178,35890
7179,35891
7179,35892
7179,35893
7179,35894
7179,35895
7180,35896
7180,35897
7180,35898
7180,35899
7180,35900
7181,35901
7181,35902
7181,35903
7181,35904
7181,35905
7182,35906
7182,35907
7182,35908
7182,35909
7182,35910
7183,35911
7183,35912
7183,35913
7183,35914
7183,35915
7184,35916
7184,35917
7184,35918
7184,35919
7184,35920
7185,35921
7185,35922
7185,35923
7185,35924
7185,35925
7186,35926
7186,35927
7186,35928
7186,35929
7186,35930
7187,35931
7187,35932
7187,35933
7187,35934
7187,35935
7188,35936
7188,35937
7188,35938
7188,35939
7188,35940
7189,35941
7189,35942
7189,35943
7189,35944
7189,35945
7190,35946
7190,35947
7190,35948
7190,35949
7190,35950
7191,35951
7191,35952
7191,35953
7191,35954
7191,35955
7192,35956
7192,35957
7192,35958
7192,35959
7192,35960
7193,35961
7193,35962
7193,35963
7193,35964
7193,35965
7194,35966
7194,35967
7194,35968
7194,35969
7194,35970
7195,35971
7195,35972
7195,35973
7195,35974
7195,35975
7196,35976
7196,35977
7196,35978
7196,35979
7196,35980
7197,35981
7197,35982
7197,35983
7197,35984
7197,35985
7198,35986
7198,35987
7198,35988
7198,35989
7198,35990
7199,35991
7199,35992
7199,35993
7199,35994
7199,35995
7200,35996
7200,35997
7200,35998
7200,35999
7200,36000
7201,36001
7201,36002
7201,36003
7201,36004
7201,36005
7202,36006
7202,36007
7202,36008
7202,36009
7202,36010
7203,36011
7203,36012
7203,36013
7203,36014
7203,36015
7204,36016
7204,36017
7204,36018
7204,36019
7204,36020
7205,36021
7205,36022
7205,36023
7205,36024
7205,36025
7206,36026
7206,36027
7206,36028
7206,36029
7206,36030
7207,36031
7207,36032
7207,36033
7207,36034
7207,36035
7208,36036
7208,36037
7208,36038
7208,36039
7208,36040
7209,36041
7209,36042
7209,36043
7209,36044
7209,36045
7210,36046
7210,36047
7210,36048
7210,36049
7210,36050
7211,36051
7211,36052
7211,36053
7211,36054
7211,36055
7212,36056
7212,36057
7212,36058
7212,36059
7212,36060
7213,36061
7213,36062
7213,36063
7213,36064
7213,36065
7214,36066
7214,36067
7214,36068
7214,36069
7214,36070
7215,36071
7215,36072
7215,36073
7215,36074
7215,36075
7216,36076
7216,36077
7216,36078
7216,36079
7216,36080
7217,36081
7217,36082
7217,36083
7217,36084
7217,36085
7218,36086
7218,36087
7218,36088
7218,36089
7218,36090
7219,36091
7219,36092
7219,36093
7219,36094
7219,36095
7220,36096
7220,36097
7220,36098
7220,36099
7220,36100
7221,36101
7221,36102
7221,36103
7221,36104
7221,36105
7222,36106
7222,36107
7222,36108
7222,36109
7222,36110
7223,36111
7223,36112
7223,36113
7223,36114
7223,36115
7224,36116
7224,36117
7224,36118
7224,36119
7224,36120
7225,36121
7225,36122
7225,36123
7225,36124
7225,36125
7226,36126
7226,36127
7226,36128
7226,36129
7226,36130
7227,36131
7227,36132
7227,36133
7227,36134
7227,36135
7228,36136
7228,36137
7228,36138
7228,36139
7228,36140
7229,36141
7229,36142
7229,36143
7229,36144
7229,36145
7230,36146
7230,36147
7230,36148
7230,36149
7230,36150
7231,36151
7231,36152
7231,36153
7231,36154
7231,36155
7232,36156
7232,36157
7232,36158
7232,36159
7232,36160
7233,36161
7233,36162
7233,36163
7233,36164
7233,36165
7234,36166
7234,36167
7234,36168
7234,36169
7234,36170
7235,36171
7235,36172
7235,36173
7235,36174
7235,36175
7236,36176
7236,36177
7236,36178
7236,36179
7236,36180
7237,36181
7237,36182
7237,36183
7237,36184
7237,36185
7238,36186
7238,36187
7238,36188
7238,36189
7238,36190
7239,36191
7239,36192
7239,36193
7239,36194
7239,36195
7240,36196
7240,36197
7240,36198
7240,36199
7240,36200
7241,36201
7241,36202
7241,36203
7241,36204
7241,36205
7242,36206
7242,36207
7242,36208
7242,36209
7242,36210
7243,36211
7243,36212
7243,36213
7243,36214
7243,36215
7244,36216
7244,36217
7244,36218
7244,36219
7244,36220
7245,36221
7245,36222
7245,36223
7245,36224
7245,36225
7246,36226
7246,36227
7246,36228
7246,36229
7246,36230
7247,36231
7247,36232
7247,36233
7247,36234
7247,36235
7248,36236
7248,36237
7248,36238
7248,36239
7248,36240
7249,36241
7249,36242
7249,36243
7249,36244
7249,36245
7250,36246
7250,36247
7250,36248
7250,36249
7250,36250
7251,36251
7251,36252
7251,36253
7251,36254
7251,36255
7252,36256
7252,36257
7252,36258
7252,36259
7252,36260
7253,36261
7253,36262
7253,36263
7253,36264
7253,36265
7254,36266
7254,36267
7254,36268
7254,36269
7254,36270
7255,36271
7255,36272
7255,36273
7255,36274
7255,36275
7256,36276
7256,36277
7256,36278
7256,36279
7256,36280
7257,36281
7257,36282
7257,36283
7257,36284
7257,36285
7258,36286
7258,36287
7258,36288
7258,36289
7258,36290
7259,36291
7259,36292
7259,36293
7259,36294
7259,36295
7260,36296
7260,36297
7260,36298
7260,36299
7260,36300
7261,36301
7261,36302
7261,36303
7261,36304
7261,36305
7262,36306
7262,36307
7262,36308
7262,36309
7262,36310
7263,36311
7263,36312
7263,36313
7263,36314
7263,36315
7264,36316
7264,36317
7264,36318
7264,36319
7264,36320
7265,36321
7265,36322
7265,36323
7265,36324
7265,36325
7266,36326
7266,36327
7266,36328
7266,36329
7266,36330
7267,36331
7267,36332
7267,36333
7267,36334
7267,36335
7268,36336
7268,36337
7268,36338
7268,36339
7268,36340
7269,36341
7269,36342
7269,36343
7269,36344
7269,36345
7270,36346
7270,36347
7270,36348
7270,36349
7270,36350
7271,36351
7271,36352
7271,36353
7271,36354
7271,36355
7272,36356
7272,36357
7272,36358
7272,36359
7272,36360
7273,36361
7273,36362
7273,36363
7273,36364
7273,36365
7274,36366
7274,36367
7274,36368
7274,36369
7274,36370
7275,36371
7275,36372
7275,36373
7275,36374
7275,36375
7276,36376
7276,36377
7276,36378
7276,36379
7276,36380
7277,36381
7277,36382
7277,36383
7277,36384
7277,36385
7278,36386
7278,36387
7278,36388
7278,36389
7278,36390
7279,36391
7279,36392
7279,36393
7279,36394
7279,36395
7280,36396
7280,36397
7280,36398
7280,36399
7280,36400
7281,36401
7281,36402
7281,36403
7281,36404
7281,36405
7282,36406
7282,36407
7282,36408
7282,36409
7282,36410
7283,36411
7283,36412
7283,36413
7283,36414
7283,36415
7284,36416
7284,36417
7284,36418
7284,36419
7284,36420
7285,36421
7285,36422
7285,36423
7285,36424
7285,36425
7286,36426
7286,36427
7286,36428
7286,36429
7286,36430
7287,36431
7287,36432
7287,36433
7287,36434
7287,36435
7288,36436
7288,36437
7288,36438
7288,36439
7288,36440
7289,36441
7289,36442
7289,36443
7289,36444
7289,36445
7290,36446
7290,36447
7290,36448
7290,36449
7290,36450
7291,36451
7291,36452
7291,36453
7291,36454
7291,36455
7292,36456
7292,36457
7292,36458
7292,36459
7292,36460
7293,36461
7293,36462
7293,36463
7293,36464
7293,36465
7294,36466
7294,36467
7294,36468
7294,36469
7294,36470
7295,36471
7295,36472
7295,36473
7295,36474
7295,36475
7296,36476
7296,36477
7296,36478
7296,36479
7296,36480
7297,36481
7297,36482
7297,36483
7297,36484
7297,36485
7298,36486
7298,36487
7298,36488
7298,36489
7298,36490
7299,36491
7299,36492
7299,36493
7299,36494
7299,36495
7300,36496
7300,36497
7300,36498
7300,36499
7300,36500
7301,36501
7301,36502
7301,36503
7301,36504
7301,36505
7302,36506
7302,36507
7302,36508
7302,36509
7302,36510
7303,36511
7303,36512
7303,36513
7303,36514
7303,36515
7304,36516
7304,36517
7304,36518
7304,36519
7304,36520
7305,36521
7305,36522
7305,36523
7305,36524
7305,36525
7306,36526
7306,36527
7306,36528
7306,36529
7306,36530
7307,36531
7307,36532
7307,36533
7307,36534
7307,36535
7308,36536
7308,36537
7308,36538
7308,36539
7308,36540
7309,36541
7309,36542
7309,36543
7309,36544
7309,36545
7310,36546
7310,36547
7310,36548
7310,36549
7310,36550
7311,36551
7311,36552
7311,36553
7311,36554
7311,36555
7312,36556
7312,36557
7312,36558
7312,36559
7312,36560
7313,36561
7313,36562
7313,36563
7313,36564
7313,36565
7314,36566
7314,36567
7314,36568
7314,36569
7314,36570
7315,36571
7315,36572
7315,36573
7315,36574
7315,36575
7316,36576
7316,36577
7316,36578
7316,36579
7316,36580
7317,36581
7317,36582
7317,36583
7317,36584
7317,36585
7318,36586
7318,36587
7318,36588
7318,36589
7318,36590
7319,36591
7319,36592
7319,36593
7319,36594
7319,36595
7320,36596
7320,36597
7320,36598
7320,36599
7320,36600
7321,36601
7321,36602
7321,36603
7321,36604
7321,36605
7322,36606
7322,36607
7322,36608
7322,36609
7322,36610
7323,36611
7323,36612
7323,36613
7323,36614
7323,36615
7324,36616
7324,36617
7324,36618
7324,36619
7324,36620
7325,36621
7325,36622
7325,36623
7325,36624
7325,36625
7326,36626
7326,36627
7326,36628
7326,36629
7326,36630
7327,36631
7327,36632
7327,36633
7327,36634
7327,36635
7328,36636
7328,36637
7328,36638
7328,36639
7328,36640
7329,36641
7329,36642
7329,36643
7329,36644
7329,36645
7330,36646
7330,36647
7330,36648
7330,36649
7330,36650
7331,36651
7331,36652
7331,36653
7331,36654
7331,36655
7332,36656
7332,36657
7332,36658
7332,36659
7332,36660
7333,36661
7333,36662
7333,36663
7333,36664
7333,36665
7334,36666
7334,36667
7334,36668
7334,36669
7334,36670
7335,36671
7335,36672
7335,36673
7335,36674
7335,36675
7336,36676
7336,36677
7336,36678
7336,36679
7336,36680
7337,36681
7337,36682
7337,36683
7337,36684
7337,36685
7338,36686
7338,36687
7338,36688
7338,36689
7338,36690
7339,36691
7339,36692
7339,36693
7339,36694
7339,36695
7340,36696
7340,36697
7340,36698
7340,36699
7340,36700
7341,36701
7341,36702
7341,36703
7341,36704
7341,36705
7342,36706
7342,36707
7342,36708
7342,36709
7342,36710
7343,36711
7343,36712
7343,36713
7343,36714
7343,36715
7344,36716
7344,36717
7344,36718
7344,36719
7344,36720
7345,36721
7345,36722
7345,36723
7345,36724
7345,36725
7346,36726
7346,36727
7346,36728
7346,36729
7346,36730
7347,36731
7347,36732
7347,36733
7347,36734
7347,36735
7348,36736
7348,36737
7348,36738
7348,36739
7348,36740
7349,36741
7349,36742
7349,36743
7349,36744
7349,36745
7350,36746
7350,36747
7350,36748
7350,36749
7350,36750
7351,36751
7351,36752
7351,36753
7351,36754
7351,36755
7352,36756
7352,36757
7352,36758
7352,36759
7352,36760
7353,36761
7353,36762
7353,36763
7353,36764
7353,36765
7354,36766
7354,36767
7354,36768
7354,36769
7354,36770
7355,36771
7355,36772
7355,36773
7355,36774
7355,36775
7356,36776
7356,36777
7356,36778
7356,36779
7356,36780
7357,36781
7357,36782
7357,36783
7357,36784
7357,36785
7358,36786
7358,36787
7358,36788
7358,36789
7358,36790
7359,36791
7359,36792
7359,36793
7359,36794
7359,36795
7360,36796
7360,36797
7360,36798
7360,36799
7360,36800
7361,36801
7361,36802
7361,36803
7361,36804
7361,36805
7362,36806
7362,36807
7362,36808
7362,36809
7362,36810
7363,36811
7363,36812
7363,36813
7363,36814
7363,36815
7364,36816
7364,36817
7364,36818
7364,36819
7364,36820
7365,36821
7365,36822
7365,36823
7365,36824
7365,36825
7366,36826
7366,36827
7366,36828
7366,36829
7366,36830
7367,36831
7367,36832
7367,36833
7367,36834
7367,36835
7368,36836
7368,36837
7368,36838
7368,36839
7368,36840
7369,36841
7369,36842
7369,36843
7369,36844
7369,36845
7370,36846
7370,36847
7370,36848
7370,36849
7370,36850
7371,36851
7371,36852
7371,36853
7371,36854
7371,36855
7372,36856
7372,36857
7372,36858
7372,36859
7372,36860
7373,36861
7373,36862
7373,36863
7373,36864
7373,36865
7374,36866
7374,36867
7374,36868
7374,36869
7374,36870
7375,36871
7375,36872
7375,36873
7375,36874
7375,36875
7376,36876
7376,36877
7376,36878
7376,36879
7376,36880
7377,36881
7377,36882
7377,36883
7377,36884
7377,36885
7378,36886
7378,36887
7378,36888
7378,36889
7378,36890
7379,36891
7379,36892
7379,36893
7379,36894
7379,36895
7380,36896
7380,36897
7380,36898
7380,36899
7380,36900
7381,36901
7381,36902
7381,36903
7381,36904
7381,36905
7382,36906
7382,36907
7382,36908
7382,36909
7382,36910
7383,36911
7383,36912
7383,36913
7383,36914
7383,36915
7384,36916
7384,36917
7384,36918
7384,36919
7384,36920
7385,36921
7385,36922
7385,36923
7385,36924
7385,36925
7386,36926
7386,36927
7386,36928
7386,36929
7386,36930
7387,36931
7387,36932
7387,36933
7387,36934
7387,36935
7388,36936
7388,36937
7388,36938
7388,36939
7388,36940
7389,36941
7389,36942
7389,36943
7389,36944
7389,36945
7390,36946
7390,36947
7390,36948
7390,36949
7390,36950
7391,36951
7391,36952
7391,36953
7391,36954
7391,36955
7392,36956
7392,36957
7392,36958
7392,36959
7392,36960
7393,36961
7393,36962
7393,36963
7393,36964
7393,36965
7394,36966
7394,36967
7394,36968
7394,36969
7394,36970
7395,36971
7395,36972
7395,36973
7395,36974
7395,36975
7396,36976
7396,36977
7396,36978
7396,36979
7396,36980
7397,36981
7397,36982
7397,36983
7397,36984
7397,36985
7398,36986
7398,36987
7398,36988
7398,36989
7398,36990
7399,36991
7399,36992
7399,36993
7399,36994
7399,36995
7400,36996
7400,36997
7400,36998
7400,36999
7400,37000
7401,37001
7401,37002
7401,37003
7401,37004
7401,37005
7402,37006
7402,37007
7402,37008
7402,37009
7402,37010
7403,37011
7403,37012
7403,37013
7403,37014
7403,37015
7404,37016
7404,37017
7404,37018
7404,37019
7404,37020
7405,37021
7405,37022
7405,37023
7405,37024
7405,37025
7406,37026
7406,37027
7406,37028
7406,37029
7406,37030
7407,37031
7407,37032
7407,37033
7407,37034
7407,37035
7408,37036
7408,37037
7408,37038
7408,37039
7408,37040
7409,37041
7409,37042
7409,37043
7409,37044
7409,37045
7410,37046
7410,37047
7410,37048
7410,37049
7410,37050
7411,37051
7411,37052
7411,37053
7411,37054
7411,37055
7412,37056
7412,37057
7412,37058
7412,37059
7412,37060
7413,37061
7413,37062
7413,37063
7413,37064
7413,37065
7414,37066
7414,37067
7414,37068
7414,37069
7414,37070
7415,37071
7415,37072
7415,37073
7415,37074
7415,37075
7416,37076
7416,37077
7416,37078
7416,37079
7416,37080
7417,37081
7417,37082
7417,37083
7417,37084
7417,37085
7418,37086
7418,37087
7418,37088
7418,37089
7418,37090
7419,37091
7419,37092
7419,37093
7419,37094
7419,37095
7420,37096
7420,37097
7420,37098
7420,37099
7420,37100
7421,37101
7421,37102
7421,37103
7421,37104
7421,37105
7422,37106
7422,37107
7422,37108
7422,37109
7422,37110
7423,37111
7423,37112
7423,37113
7423,37114
7423,37115
7424,37116
7424,37117
7424,37118
7424,37119
7424,37120
7425,37121
7425,37122
7425,37123
7425,37124
7425,37125
7426,37126
7426,37127
7426,37128
7426,37129
7426,37130
7427,37131
7427,37132
7427,37133
7427,37134
7427,37135
7428,37136
7428,37137
7428,37138
7428,37139
7428,37140
7429,37141
7429,37142
7429,37143
7429,37144
7429,37145
7430,37146
7430,37147
7430,37148
7430,37149
7430,37150
7431,37151
7431,37152
7431,37153
7431,37154
7431,37155
7432,37156
7432,37157
7432,37158
7432,37159
7432,37160
7433,37161
7433,37162
7433,37163
7433,37164
7433,37165
7434,37166
7434,37167
7434,37168
7434,37169
7434,37170
7435,37171
7435,37172
7435,37173
7435,37174
7435,37175
7436,37176
7436,37177
7436,37178
7436,37179
7436,37180
7437,37181
7437,37182
7437,37183
7437,37184
7437,37185
7438,37186
7438,37187
7438,37188
7438,37189
7438,37190
7439,37191
7439,37192
7439,37193
7439,37194
7439,37195
7440,37196
7440,37197
7440,37198
7440,37199
7440,37200
7441,37201
7441,37202
7441,37203
7441,37204
7441,37205
7442,37206
7442,37207
7442,37208
7442,37209
7442,37210
7443,37211
7443,37212
7443,37213
7443,37214
7443,37215
7444,37216
7444,37217
7444,37218
7444,37219
7444,37220
7445,37221
7445,37222
7445,37223
7445,37224
7445,37225
7446,37226
7446,37227
7446,37228
7446,37229
7446,37230
7447,37231
7447,37232
7447,37233
7447,37234
7447,37235
7448,37236
7448,37237
7448,37238
7448,37239
7448,37240
7449,37241
7449,37242
7449,37243
7449,37244
7449,37245
7450,37246
7450,37247
7450,37248
7450,37249
7450,37250
7451,37251
7451,37252
7451,37253
7451,37254
7451,37255
7452,37256
7452,37257
7452,37258
7452,37259
7452,37260
7453,37261
7453,37262
7453,37263
7453,37264
7453,37265
7454,37266
7454,37267
7454,37268
7454,37269
7454,37270
7455,37271
7455,37272
7455,37273
7455,37274
7455,37275
7456,37276
7456,37277
7456,37278
7456,37279
7456,37280
7457,37281
7457,37282
7457,37283
7457,37284
7457,37285
7458,37286
7458,37287
7458,37288
7458,37289
7458,37290
7459,37291
7459,37292
7459,37293
7459,37294
7459,37295
7460,37296
7460,37297
7460,37298
7460,37299
7460,37300
7461,37301
7461,37302
7461,37303
7461,37304
7461,37305
7462,37306
7462,37307
7462,37308
7462,37309
7462,37310
7463,37311
7463,37312
7463,37313
7463,37314
7463,37315
7464,37316
7464,37317
7464,37318
7464,37319
7464,37320
7465,37321
7465,37322
7465,37323
7465,37324
7465,37325
7466,37326
7466,37327
7466,37328
7466,37329
7466,37330
7467,37331
7467,37332
7467,37333
7467,37334
7467,37335
7468,37336
7468,37337
7468,37338
7468,37339
7468,37340
7469,37341
7469,37342
7469,37343
7469,37344
7469,37345
7470,37346
7470,37347
7470,37348
7470,37349
7470,37350
7471,37351
7471,37352
7471,37353
7471,37354
7471,37355
7472,37356
7472,37357
7472,37358
7472,37359
7472,37360
7473,37361
7473,37362
7473,37363
7473,37364
7473,37365
7474,37366
7474,37367
7474,37368
7474,37369
7474,37370
7475,37371
7475,37372
7475,37373
7475,37374
7475,37375
7476,37376
7476,37377
7476,37378
7476,37379
7476,37380
7477,37381
7477,37382
7477,37383
7477,37384
7477,37385
7478,37386
7478,37387
7478,37388
7478,37389
7478,37390
7479,37391
7479,37392
7479,37393
7479,37394
7479,37395
7480,37396
7480,37397
7480,37398
7480,37399
7480,37400
7481,37401
7481,37402
7481,37403
7481,37404
7481,37405
7482,37406
7482,37407
7482,37408
7482,37409
7482,37410
7483,37411
7483,37412
7483,37413
7483,37414
7483,37415
7484,37416
7484,37417
7484,37418
7484,37419
7484,37420
7485,37421
7485,37422
7485,37423
7485,37424
7485,37425
7486,37426
7486,37427
7486,37428
7486,37429
7486,37430
7487,37431
7487,37432
7487,37433
7487,37434
7487,37435
7488,37436
7488,37437
7488,37438
7488,37439
7488,37440
7489,37441
7489,37442
7489,37443
7489,37444
7489,37445
7490,37446
7490,37447
7490,37448
7490,37449
7490,37450
7491,37451
7491,37452
7491,37453
7491,37454
7491,37455
7492,37456
7492,37457
7492,37458
7492,37459
7492,37460
7493,37461
7493,37462
7493,37463
7493,37464
7493,37465
7494,37466
7494,37467
7494,37468
7494,37469
7494,37470
7495,37471
7495,37472
7495,37473
7495,37474
7495,37475
7496,37476
7496,37477
7496,37478
7496,37479
7496,37480
7497,37481
7497,37482
7497,37483
7497,37484
7497,37485
7498,37486
7498,37487
7498,37488
7498,37489
7498,37490
7499,37491
7499,37492
7499,37493
7499,37494
7499,37495
7500,37496
7500,37497
7500,37498
7500,37499
7500,37500
7501,37501
7501,37502
7501,37503
7501,37504
7501,37505
7502,37506
7502,37507
7502,37508
7502,37509
7502,37510
7503,37511
7503,37512
7503,37513
7503,37514
7503,37515
7504,37516
7504,37517
7504,37518
7504,37519
7504,37520
7505,37521
7505,37522
7505,37523
7505,37524
7505,37525
7506,37526
7506,37527
7506,37528
7506,37529
7506,37530
7507,37531
7507,37532
7507,37533
7507,37534
7507,37535
7508,37536
7508,37537
7508,37538
7508,37539
7508,37540
7509,37541
7509,37542
7509,37543
7509,37544
7509,37545
7510,37546
7510,37547
7510,37548
7510,37549
7510,37550
7511,37551
7511,37552
7511,37553
7511,37554
7511,37555
7512,37556
7512,37557
7512,37558
7512,37559
7512,37560
7513,37561
7513,37562
7513,37563
7513,37564
7513,37565
7514,37566
7514,37567
7514,37568
7514,37569
7514,37570
7515,37571
7515,37572
7515,37573
7515,37574
7515,37575
7516,37576
7516,37577
7516,37578
7516,37579
7516,37580
7517,37581
7517,37582
7517,37583
7517,37584
7517,37585
7518,37586
7518,37587
7518,37588
7518,37589
7518,37590
7519,37591
7519,37592
7519,37593
7519,37594
7519,37595
7520,37596
7520,37597
7520,37598
7520,37599
7520,37600
7521,37601
7521,37602
7521,37603
7521,37604
7521,37605
7522,37606
7522,37607
7522,37608
7522,37609
7522,37610
7523,37611
7523,37612
7523,37613
7523,37614
7523,37615
7524,37616
7524,37617
7524,37618
7524,37619
7524,37620
7525,37621
7525,37622
7525,37623
7525,37624
7525,37625
7526,37626
7526,37627
7526,37628
7526,37629
7526,37630
7527,37631
7527,37632
7527,37633
7527,37634
7527,37635
7528,37636
7528,37637
7528,37638
7528,37639
7528,37640
7529,37641
7529,37642
7529,37643
7529,37644
7529,37645
7530,37646
7530,37647
7530,37648
7530,37649
7530,37650
7531,37651
7531,37652
7531,37653
7531,37654
7531,37655
7532,37656
7532,37657
7532,37658
7532,37659
7532,37660
7533,37661
7533,37662
7533,37663
7533,37664
7533,37665
7534,37666
7534,37667
7534,37668
7534,37669
7534,37670
7535,37671
7535,37672
7535,37673
7535,37674
7535,37675
7536,37676
7536,37677
7536,37678
7536,37679
7536,37680
7537,37681
7537,37682
7537,37683
7537,37684
7537,37685
7538,37686
7538,37687
7538,37688
7538,37689
7538,37690
7539,37691
7539,37692
7539,37693
7539,37694
7539,37695
7540,37696
7540,37697
7540,37698
7540,37699
7540,37700
7541,37701
7541,37702
7541,37703
7541,37704
7541,37705
7542,37706
7542,37707
7542,37708
7542,37709
7542,37710
7543,37711
7543,37712
7543,37713
7543,37714
7543,37715
7544,37716
7544,37717
7544,37718
7544,37719
7544,37720
7545,37721
7545,37722
7545,37723
7545,37724
7545,37725
7546,37726
7546,37727
7546,37728
7546,37729
7546,37730
7547,37731
7547,37732
7547,37733
7547,37734
7547,37735
7548,37736
7548,37737
7548,37738
7548,37739
7548,37740
7549,37741
7549,37742
7549,37743
7549,37744
7549,37745
7550,37746
7550,37747
7550,37748
7550,37749
7550,37750
7551,37751
7551,37752
7551,37753
7551,37754
7551,37755
7552,37756
7552,37757
7552,37758
7552,37759
7552,37760
7553,37761
7553,37762
7553,37763
7553,37764
7553,37765
7554,37766
7554,37767
7554,37768
7554,37769
7554,37770
7555,37771
7555,37772
7555,37773
7555,37774
7555,37775
7556,37776
7556,37777
7556,37778
7556,37779
7556,37780
7557,37781
7557,37782
7557,37783
7557,37784
7557,37785
7558,37786
7558,37787
7558,37788
7558,37789
7558,37790
7559,37791
7559,37792
7559,37793
7559,37794
7559,37795
7560,37796
7560,37797
7560,37798
7560,37799
7560,37800
7561,37801
7561,37802
7561,37803
7561,37804
7561,37805
7562,37806
7562,37807
7562,37808
7562,37809
7562,37810
7563,37811
7563,37812
7563,37813
7563,37814
7563,37815
7564,37816
7564,37817
7564,37818
7564,37819
7564,37820
7565,37821
7565,37822
7565,37823
7565,37824
7565,37825
7566,37826
7566,37827
7566,37828
7566,37829
7566,37830
7567,37831
7567,37832
7567,37833
7567,37834
7567,37835
7568,37836
7568,37837
7568,37838
7568,37839
7568,37840
7569,37841
7569,37842
7569,37843
7569,37844
7569,37845
7570,37846
7570,37847
7570,37848
7570,37849
7570,37850
7571,37851
7571,37852
7571,37853
7571,37854
7571,37855
7572,37856
7572,37857
7572,37858
7572,37859
7572,37860
7573,37861
7573,37862
7573,37863
7573,37864
7573,37865
7574,37866
7574,37867
7574,37868
7574,37869
7574,37870
7575,37871
7575,37872
7575,37873
7575,37874
7575,37875
7576,37876
7576,37877
7576,37878
7576,37879
7576,37880
7577,37881
7577,37882
7577,37883
7577,37884
7577,37885
7578,37886
7578,37887
7578,37888
7578,37889
7578,37890
7579,37891
7579,37892
7579,37893
7579,37894
7579,37895
7580,37896
7580,37897
7580,37898
7580,37899
7580,37900
7581,37901
7581,37902
7581,37903
7581,37904
7581,37905
7582,37906
7582,37907
7582,37908
7582,37909
7582,37910
7583,37911
7583,37912
7583,37913
7583,37914
7583,37915
7584,37916
7584,37917
7584,37918
7584,37919
7584,37920
7585,37921
7585,37922
7585,37923
7585,37924
7585,37925
7586,37926
7586,37927
7586,37928
7586,37929
7586,37930
7587,37931
7587,37932
7587,37933
7587,37934
7587,37935
7588,37936
7588,37937
7588,37938
7588,37939
7588,37940
7589,37941
7589,37942
7589,37943
7589,37944
7589,37945
7590,37946
7590,37947
7590,37948
7590,37949
7590,37950
7591,37951
7591,37952
7591,37953
7591,37954
7591,37955
7592,37956
7592,37957
7592,37958
7592,37959
7592,37960
7593,37961
7593,37962
7593,37963
7593,37964
7593,37965
7594,37966
7594,37967
7594,37968
7594,37969
7594,37970
7595,37971
7595,37972
7595,37973
7595,37974
7595,37975
7596,37976
7596,37977
7596,37978
7596,37979
7596,37980
7597,37981
7597,37982
7597,37983
7597,37984
7597,37985
7598,37986
7598,37987
7598,37988
7598,37989
7598,37990
7599,37991
7599,37992
7599,37993
7599,37994
7599,37995
7600,37996
7600,37997
7600,37998
7600,37999
7600,38000
7601,38001
7601,38002
7601,38003
7601,38004
7601,38005
7602,38006
7602,38007
7602,38008
7602,38009
7602,38010
7603,38011
7603,38012
7603,38013
7603,38014
7603,38015
7604,38016
7604,38017
7604,38018
7604,38019
7604,38020
7605,38021
7605,38022
7605,38023
7605,38024
7605,38025
7606,38026
7606,38027
7606,38028
7606,38029
7606,38030
7607,38031
7607,38032
7607,38033
7607,38034
7607,38035
7608,38036
7608,38037
7608,38038
7608,38039
7608,38040
7609,38041
7609,38042
7609,38043
7609,38044
7609,38045
7610,38046
7610,38047
7610,38048
7610,38049
7610,38050
7611,38051
7611,38052
7611,38053
7611,38054
7611,38055
7612,38056
7612,38057
7612,38058
7612,38059
7612,38060
7613,38061
7613,38062
7613,38063
7613,38064
7613,38065
7614,38066
7614,38067
7614,38068
7614,38069
7614,38070
7615,38071
7615,38072
7615,38073
7615,38074
7615,38075
7616,38076
7616,38077
7616,38078
7616,38079
7616,38080
7617,38081
7617,38082
7617,38083
7617,38084
7617,38085
7618,38086
7618,38087
7618,38088
7618,38089
7618,38090
7619,38091
7619,38092
7619,38093
7619,38094
7619,38095
7620,38096
7620,38097
7620,38098
7620,38099
7620,38100
7621,38101
7621,38102
7621,38103
7621,38104
7621,38105
7622,38106
7622,38107
7622,38108
7622,38109
7622,38110
7623,38111
7623,38112
7623,38113
7623,38114
7623,38115
7624,38116
7624,38117
7624,38118
7624,38119
7624,38120
7625,38121
7625,38122
7625,38123
7625,38124
7625,38125
7626,38126
7626,38127
7626,38128
7626,38129
7626,38130
7627,38131
7627,38132
7627,38133
7627,38134
7627,38135
7628,38136
7628,38137
7628,38138
7628,38139
7628,38140
7629,38141
7629,38142
7629,38143
7629,38144
7629,38145
7630,38146
7630,38147
7630,38148
7630,38149
7630,38150
7631,38151
7631,38152
7631,38153
7631,38154
7631,38155
7632,38156
7632,38157
7632,38158
7632,38159
7632,38160
7633,38161
7633,38162
7633,38163
7633,38164
7633,38165
7634,38166
7634,38167
7634,38168
7634,38169
7634,38170
7635,38171
7635,38172
7635,38173
7635,38174
7635,38175
7636,38176
7636,38177
7636,38178
7636,38179
7636,38180
7637,38181
7637,38182
7637,38183
7637,38184
7637,38185
7638,38186
7638,38187
7638,38188
7638,38189
7638,38190
7639,38191
7639,38192
7639,38193
7639,38194
7639,38195
7640,38196
7640,38197
7640,38198
7640,38199
7640,38200
7641,38201
7641,38202
7641,38203
7641,38204
7641,38205
7642,38206
7642,38207
7642,38208
7642,38209
7642,38210
7643,38211
7643,38212
7643,38213
7643,38214
7643,38215
7644,38216
7644,38217
7644,38218
7644,38219
7644,38220
7645,38221
7645,38222
7645,38223
7645,38224
7645,38225
7646,38226
7646,38227
7646,38228
7646,38229
7646,38230
7647,38231
7647,38232
7647,38233
7647,38234
7647,38235
7648,38236
7648,38237
7648,38238
7648,38239
7648,38240
7649,38241
7649,38242
7649,38243
7649,38244
7649,38245
7650,38246
7650,38247
7650,38248
7650,38249
7650,38250
7651,38251
7651,38252
7651,38253
7651,38254
7651,38255
7652,38256
7652,38257
7652,38258
7652,38259
7652,38260
7653,38261
7653,38262
7653,38263
7653,38264
7653,38265
7654,38266
7654,38267
7654,38268
7654,38269
7654,38270
7655,38271
7655,38272
7655,38273
7655,38274
7655,38275
7656,38276
7656,38277
7656,38278
7656,38279
7656,38280
7657,38281
7657,38282
7657,38283
7657,38284
7657,38285
7658,38286
7658,38287
7658,38288
7658,38289
7658,38290
7659,38291
7659,38292
7659,38293
7659,38294
7659,38295
7660,38296
7660,38297
7660,38298
7660,38299
7660,38300
7661,38301
7661,38302
7661,38303
7661,38304
7661,38305
7662,38306
7662,38307
7662,38308
7662,38309
7662,38310
7663,38311
7663,38312
7663,38313
7663,38314
7663,38315
7664,38316
7664,38317
7664,38318
7664,38319
7664,38320
7665,38321
7665,38322
7665,38323
7665,38324
7665,38325
7666,38326
7666,38327
7666,38328
7666,38329
7666,38330
7667,38331
7667,38332
7667,38333
7667,38334
7667,38335
7668,38336
7668,38337
7668,38338
7668,38339
7668,38340
7669,38341
7669,38342
7669,38343
7669,38344
7669,38345
7670,38346
7670,38347
7670,38348
7670,38349
7670,38350
7671,38351
7671,38352
7671,38353
7671,38354
7671,38355
7672,38356
7672,38357
7672,38358
7672,38359
7672,38360
7673,38361
7673,38362
7673,38363
7673,38364
7673,38365
7674,38366
7674,38367
7674,38368
7674,38369
7674,38370
7675,38371
7675,38372
7675,38373
7675,38374
7675,38375
7676,38376
7676,38377
7676,38378
7676,38379
7676,38380
7677,38381
7677,38382
7677,38383
7677,38384
7677,38385
7678,38386
7678,38387
7678,38388
7678,38389
7678,38390
7679,38391
7679,38392
7679,38393
7679,38394
7679,38395
7680,38396
7680,38397
7680,38398
7680,38399
7680,38400
7681,38401
7681,38402
7681,38403
7681,38404
7681,38405
7682,38406
7682,38407
7682,38408
7682,38409
7682,38410
7683,38411
7683,38412
7683,38413
7683,38414
7683,38415
7684,38416
7684,38417
7684,38418
7684,38419
7684,38420
7685,38421
7685,38422
7685,38423
7685,38424
7685,38425
7686,38426
7686,38427
7686,38428
7686,38429
7686,38430
7687,38431
7687,38432
7687,38433
7687,38434
7687,38435
7688,38436
7688,38437
7688,38438
7688,38439
7688,38440
7689,38441
7689,38442
7689,38443
7689,38444
7689,38445
7690,38446
7690,38447
7690,38448
7690,38449
7690,38450
7691,38451
7691,38452
7691,38453
7691,38454
7691,38455
7692,38456
7692,38457
7692,38458
7692,38459
7692,38460
7693,38461
7693,38462
7693,38463
7693,38464
7693,38465
7694,38466
7694,38467
7694,38468
7694,38469
7694,38470
7695,38471
7695,38472
7695,38473
7695,38474
7695,38475
7696,38476
7696,38477
7696,38478
7696,38479
7696,38480
7697,38481
7697,38482
7697,38483
7697,38484
7697,38485
7698,38486
7698,38487
7698,38488
7698,38489
7698,38490
7699,38491
7699,38492
7699,38493
7699,38494
7699,38495
7700,38496
7700,38497
7700,38498
7700,38499
7700,38500
7701,38501
7701,38502
7701,38503
7701,38504
7701,38505
7702,38506
7702,38507
7702,38508
7702,38509
7702,38510
7703,38511
7703,38512
7703,38513
7703,38514
7703,38515
7704,38516
7704,38517
7704,38518
7704,38519
7704,38520
7705,38521
7705,38522
7705,38523
7705,38524
7705,38525
7706,38526
7706,38527
7706,38528
7706,38529
7706,38530
7707,38531
7707,38532
7707,38533
7707,38534
7707,38535
7708,38536
7708,38537
7708,38538
7708,38539
7708,38540
7709,38541
7709,38542
7709,38543
7709,38544
7709,38545
7710,38546
7710,38547
7710,38548
7710,38549
7710,38550
7711,38551
7711,38552
7711,38553
7711,38554
7711,38555
7712,38556
7712,38557
7712,38558
7712,38559
7712,38560
7713,38561
7713,38562
7713,38563
7713,38564
7713,38565
7714,38566
7714,38567
7714,38568
7714,38569
7714,38570
7715,38571
7715,38572
7715,38573
7715,38574
7715,38575
7716,38576
7716,38577
7716,38578
7716,38579
7716,38580
7717,38581
7717,38582
7717,38583
7717,38584
7717,38585
7718,38586
7718,38587
7718,38588
7718,38589
7718,38590
7719,38591
7719,38592
7719,38593
7719,38594
7719,38595
7720,38596
7720,38597
7720,38598
7720,38599
7720,38600
7721,38601
7721,38602
7721,38603
7721,38604
7721,38605
7722,38606
7722,38607
7722,38608
7722,38609
7722,38610
7723,38611
7723,38612
7723,38613
7723,38614
7723,38615
7724,38616
7724,38617
7724,38618
7724,38619
7724,38620
7725,38621
7725,38622
7725,38623
7725,38624
7725,38625
7726,38626
7726,38627
7726,38628
7726,38629
7726,38630
7727,38631
7727,38632
7727,38633
7727,38634
7727,38635
7728,38636
7728,38637
7728,38638
7728,38639
7728,38640
7729,38641
7729,38642
7729,38643
7729,38644
7729,38645
7730,38646
7730,38647
7730,38648
7730,38649
7730,38650
7731,38651
7731,38652
7731,38653
7731,38654
7731,38655
7732,38656
7732,38657
7732,38658
7732,38659
7732,38660
7733,38661
7733,38662
7733,38663
7733,38664
7733,38665
7734,38666
7734,38667
7734,38668
7734,38669
7734,38670
7735,38671
7735,38672
7735,38673
7735,38674
7735,38675
7736,38676
7736,38677
7736,38678
7736,38679
7736,38680
7737,38681
7737,38682
7737,38683
7737,38684
7737,38685
7738,38686
7738,38687
7738,38688
7738,38689
7738,38690
7739,38691
7739,38692
7739,38693
7739,38694
7739,38695
7740,38696
7740,38697
7740,38698
7740,38699
7740,38700
7741,38701
7741,38702
7741,38703
7741,38704
7741,38705
7742,38706
7742,38707
7742,38708
7742,38709
7742,38710
7743,38711
7743,38712
7743,38713
7743,38714
7743,38715
7744,38716
7744,38717
7744,38718
7744,38719
7744,38720
7745,38721
7745,38722
7745,38723
7745,38724
7745,38725
7746,38726
7746,38727
7746,38728
7746,38729
7746,38730
7747,38731
7747,38732
7747,38733
7747,38734
7747,38735
7748,38736
7748,38737
7748,38738
7748,38739
7748,38740
7749,38741
7749,38742
7749,38743
7749,38744
7749,38745
7750,38746
7750,38747
7750,38748
7750,38749
7750,38750
7751,38751
7751,38752
7751,38753
7751,38754
7751,38755
7752,38756
7752,38757
7752,38758
7752,38759
7752,38760
7753,38761
7753,38762
7753,38763
7753,38764
7753,38765
7754,38766
7754,38767
7754,38768
7754,38769
7754,38770
7755,38771
7755,38772
7755,38773
7755,38774
7755,38775
7756,38776
7756,38777
7756,38778
7756,38779
7756,38780
7757,38781
7757,38782
7757,38783
7757,38784
7757,38785
7758,38786
7758,38787
7758,38788
7758,38789
7758,38790
7759,38791
7759,38792
7759,38793
7759,38794
7759,38795
7760,38796
7760,38797
7760,38798
7760,38799
7760,38800
7761,38801
7761,38802
7761,38803
7761,38804
7761,38805
7762,38806
7762,38807
7762,38808
7762,38809
7762,38810
7763,38811
7763,38812
7763,38813
7763,38814
7763,38815
7764,38816
7764,38817
7764,38818
7764,38819
7764,38820
7765,38821
7765,38822
7765,38823
7765,38824
7765,38825
7766,38826
7766,38827
7766,38828
7766,38829
7766,38830
7767,38831
7767,38832
7767,38833
7767,38834
7767,38835
7768,38836
7768,38837
7768,38838
7768,38839
7768,38840
7769,38841
7769,38842
7769,38843
7769,38844
7769,38845
7770,38846
7770,38847
7770,38848
7770,38849
7770,38850
7771,38851
7771,38852
7771,38853
7771,38854
7771,38855
7772,38856
7772,38857
7772,38858
7772,38859
7772,38860
7773,38861
7773,38862
7773,38863
7773,38864
7773,38865
7774,38866
7774,38867
7774,38868
7774,38869
7774,38870
7775,38871
7775,38872
7775,38873
7775,38874
7775,38875
7776,38876
7776,38877
7776,38878
7776,38879
7776,38880
7777,38881
7777,38882
7777,38883
7777,38884
7777,38885
7778,38886
7778,38887
7778,38888
7778,38889
7778,38890
7779,38891
7779,38892
7779,38893
7779,38894
7779,38895
7780,38896
7780,38897
7780,38898
7780,38899
7780,38900
7781,38901
7781,38902
7781,38903
7781,38904
7781,38905
7782,38906
7782,38907
7782,38908
7782,38909
7782,38910
7783,38911
7783,38912
7783,38913
7783,38914
7783,38915
7784,38916
7784,38917
7784,38918
7784,38919
7784,38920
7785,38921
7785,38922
7785,38923
7785,38924
7785,38925
7786,38926
7786,38927
7786,38928
7786,38929
7786,38930
7787,38931
7787,38932
7787,38933
7787,38934
7787,38935
7788,38936
7788,38937
7788,38938
7788,38939
7788,38940
7789,38941
7789,38942
7789,38943
7789,38944
7789,38945
7790,38946
7790,38947
7790,38948
7790,38949
7790,38950
7791,38951
7791,38952
7791,38953
7791,38954
7791,38955
7792,38956
7792,38957
7792,38958
7792,38959
7792,38960
7793,38961
7793,38962
7793,38963
7793,38964
7793,38965
7794,38966
7794,38967
7794,38968
7794,38969
7794,38970
7795,38971
7795,38972
7795,38973
7795,38974
7795,38975
7796,38976
7796,38977
7796,38978
7796,38979
7796,38980
7797,38981
7797,38982
7797,38983
7797,38984
7797,38985
7798,38986
7798,38987
7798,38988
7798,38989
7798,38990
7799,38991
7799,38992
7799,38993
7799,38994
7799,38995
7800,38996
7800,38997
7800,38998
7800,38999
7800,39000
7801,39001
7801,39002
7801,39003
7801,39004
7801,39005
7802,39006
7802,39007
7802,39008
7802,39009
7802,39010
7803,39011
7803,39012
7803,39013
7803,39014
7803,39015
7804,39016
7804,39017
7804,39018
7804,39019
7804,39020
7805,39021
7805,39022
7805,39023
7805,39024
7805,39025
7806,39026
7806,39027
7806,39028
7806,39029
7806,39030
7807,39031
7807,39032
7807,39033
7807,39034
7807,39035
7808,39036
7808,39037
7808,39038
7808,39039
7808,39040
7809,39041
7809,39042
7809,39043
7809,39044
7809,39045
7810,39046
7810,39047
7810,39048
7810,39049
7810,39050
7811,39051
7811,39052
7811,39053
7811,39054
7811,39055
7812,39056
7812,39057
7812,39058
7812,39059
7812,39060
7813,39061
7813,39062
7813,39063
7813,39064
7813,39065
7814,39066
7814,39067
7814,39068
7814,39069
7814,39070
7815,39071
7815,39072
7815,39073
7815,39074
7815,39075
7816,39076
7816,39077
7816,39078
7816,39079
7816,39080
7817,39081
7817,39082
7817,39083
7817,39084
7817,39085
7818,39086
7818,39087
7818,39088
7818,39089
7818,39090
7819,39091
7819,39092
7819,39093
7819,39094
7819,39095
7820,39096
7820,39097
7820,39098
7820,39099
7820,39100
7821,39101
7821,39102
7821,39103
7821,39104
7821,39105
7822,39106
7822,39107
7822,39108
7822,39109
7822,39110
7823,39111
7823,39112
7823,39113
7823,39114
7823,39115
7824,39116
7824,39117
7824,39118
7824,39119
7824,39120
7825,39121
7825,39122
7825,39123
7825,39124
7825,39125
7826,39126
7826,39127
7826,39128
7826,39129
7826,39130
7827,39131
7827,39132
7827,39133
7827,39134
7827,39135
7828,39136
7828,39137
7828,39138
7828,39139
7828,39140
7829,39141
7829,39142
7829,39143
7829,39144
7829,39145
7830,39146
7830,39147
7830,39148
7830,39149
7830,39150
7831,39151
7831,39152
7831,39153
7831,39154
7831,39155
7832,39156
7832,39157
7832,39158
7832,39159
7832,39160
7833,39161
7833,39162
7833,39163
7833,39164
7833,39165
7834,39166
7834,39167
7834,39168
7834,39169
7834,39170
7835,39171
7835,39172
7835,39173
7835,39174
7835,39175
7836,39176
7836,39177
7836,39178
7836,39179
7836,39180
7837,39181
7837,39182
7837,39183
7837,39184
7837,39185
7838,39186
7838,39187
7838,39188
7838,39189
7838,39190
7839,39191
7839,39192
7839,39193
7839,39194
7839,39195
7840,39196
7840,39197
7840,39198
7840,39199
7840,39200
7841,39201
7841,39202
7841,39203
7841,39204
7841,39205
7842,39206
7842,39207
7842,39208
7842,39209
7842,39210
7843,39211
7843,39212
7843,39213
7843,39214
7843,39215
7844,39216
7844,39217
7844,39218
7844,39219
7844,39220
7845,39221
7845,39222
7845,39223
7845,39224
7845,39225
7846,39226
7846,39227
7846,39228
7846,39229
7846,39230
7847,39231
7847,39232
7847,39233
7847,39234
7847,39235
7848,39236
7848,39237
7848,39238
7848,39239
7848,39240
7849,39241
7849,39242
7849,39243
7849,39244
7849,39245
7850,39246
7850,39247
7850,39248
7850,39249
7850,39250
7851,39251
7851,39252
7851,39253
7851,39254
7851,39255
7852,39256
7852,39257
7852,39258
7852,39259
7852,39260
7853,39261
7853,39262
7853,39263
7853,39264
7853,39265
7854,39266
7854,39267
7854,39268
7854,39269
7854,39270
7855,39271
7855,39272
7855,39273
7855,39274
7855,39275
7856,39276
7856,39277
7856,39278
7856,39279
7856,39280
7857,39281
7857,39282
7857,39283
7857,39284
7857,39285
7858,39286
7858,39287
7858,39288
7858,39289
7858,39290
7859,39291
7859,39292
7859,39293
7859,39294
7859,39295
7860,39296
7860,39297
7860,39298
7860,39299
7860,39300
7861,39301
7861,39302
7861,39303
7861,39304
7861,39305
7862,39306
7862,39307
7862,39308
7862,39309
7862,39310
7863,39311
7863,39312
7863,39313
7863,39314
7863,39315
7864,39316
7864,39317
7864,39318
7864,39319
7864,39320
7865,39321
7865,39322
7865,39323
7865,39324
7865,39325
7866,39326
7866,39327
7866,39328
7866,39329
7866,39330
7867,39331
7867,39332
7867,39333
7867,39334
7867,39335
7868,39336
7868,39337
7868,39338
7868,39339
7868,39340
7869,39341
7869,39342
7869,39343
7869,39344
7869,39345
7870,39346
7870,39347
7870,39348
7870,39349
7870,39350
7871,39351
7871,39352
7871,39353
7871,39354
7871,39355
7872,39356
7872,39357
7872,39358
7872,39359
7872,39360
7873,39361
7873,39362
7873,39363
7873,39364
7873,39365
7874,39366
7874,39367
7874,39368
7874,39369
7874,39370
7875,39371
7875,39372
7875,39373
7875,39374
7875,39375
7876,39376
7876,39377
7876,39378
7876,39379
7876,39380
7877,39381
7877,39382
7877,39383
7877,39384
7877,39385
7878,39386
7878,39387
7878,39388
7878,39389
7878,39390
7879,39391
7879,39392
7879,39393
7879,39394
7879,39395
7880,39396
7880,39397
7880,39398
7880,39399
7880,39400
7881,39401
7881,39402
7881,39403
7881,39404
7881,39405
7882,39406
7882,39407
7882,39408
7882,39409
7882,39410
7883,39411
7883,39412
7883,39413
7883,39414
7883,39415
7884,39416
7884,39417
7884,39418
7884,39419
7884,39420
7885,39421
7885,39422
7885,39423
7885,39424
7885,39425
7886,39426
7886,39427
7886,39428
7886,39429
7886,39430
7887,39431
7887,39432
7887,39433
7887,39434
7887,39435
7888,39436
7888,39437
7888,39438
7888,39439
7888,39440
7889,39441
7889,39442
7889,39443
7889,39444
7889,39445
7890,39446
7890,39447
7890,39448
7890,39449
7890,39450
7891,39451
7891,39452
7891,39453
7891,39454
7891,39455
7892,39456
7892,39457
7892,39458
7892,39459
7892,39460
7893,39461
7893,39462
7893,39463
7893,39464
7893,39465
7894,39466
7894,39467
7894,39468
7894,39469
7894,39470
7895,39471
7895,39472
7895,39473
7895,39474
7895,39475
7896,39476
7896,39477
7896,39478
7896,39479
7896,39480
7897,39481
7897,39482
7897,39483
7897,39484
7897,39485
7898,39486
7898,39487
7898,39488
7898,39489
7898,39490
7899,39491
7899,39492
7899,39493
7899,39494
7899,39495
7900,39496
7900,39497
7900,39498
7900,39499
7900,39500
7901,39501
7901,39502
7901,39503
7901,39504
7901,39505
7902,39506
7902,39507
7902,39508
7902,39509
7902,39510
7903,39511
7903,39512
7903,39513
7903,39514
7903,39515
7904,39516
7904,39517
7904,39518
7904,39519
7904,39520
7905,39521
7905,39522
7905,39523
7905,39524
7905,39525
7906,39526
7906,39527
7906,39528
7906,39529
7906,39530
7907,39531
7907,39532
7907,39533
7907,39534
7907,39535
7908,39536
7908,39537
7908,39538
7908,39539
7908,39540
7909,39541
7909,39542
7909,39543
7909,39544
7909,39545
7910,39546
7910,39547
7910,39548
7910,39549
7910,39550
7911,39551
7911,39552
7911,39553
7911,39554
7911,39555
7912,39556
7912,39557
7912,39558
7912,39559
7912,39560
7913,39561
7913,39562
7913,39563
7913,39564
7913,39565
7914,39566
7914,39567
7914,39568
7914,39569
7914,39570
7915,39571
7915,39572
7915,39573
7915,39574
7915,39575
7916,39576
7916,39577
7916,39578
7916,39579
7916,39580
7917,39581
7917,39582
7917,39583
7917,39584
7917,39585
7918,39586
7918,39587
7918,39588
7918,39589
7918,39590
7919,39591
7919,39592
7919,39593
7919,39594
7919,39595
7920,39596
7920,39597
7920,39598
7920,39599
7920,39600
7921,39601
7921,39602
7921,39603
7921,39604
7921,39605
7922,39606
7922,39607
7922,39608
7922,39609
7922,39610
7923,39611
7923,39612
7923,39613
7923,39614
7923,39615
7924,39616
7924,39617
7924,39618
7924,39619
7924,39620
7925,39621
7925,39622
7925,39623
7925,39624
7925,39625
7926,39626
7926,39627
7926,39628
7926,39629
7926,39630
7927,39631
7927,39632
7927,39633
7927,39634
7927,39635
7928,39636
7928,39637
7928,39638
7928,39639
7928,39640
7929,39641
7929,39642
7929,39643
7929,39644
7929,39645
7930,39646
7930,39647
7930,39648
7930,39649
7930,39650
7931,39651
7931,39652
7931,39653
7931,39654
7931,39655
7932,39656
7932,39657
7932,39658
7932,39659
7932,39660
7933,39661
7933,39662
7933,39663
7933,39664
7933,39665
7934,39666
7934,39667
7934,39668
7934,39669
7934,39670
7935,39671
7935,39672
7935,39673
7935,39674
7935,39675
7936,39676
7936,39677
7936,39678
7936,39679
7936,39680
7937,39681
7937,39682
7937,39683
7937,39684
7937,39685
7938,39686
7938,39687
7938,39688
7938,39689
7938,39690
7939,39691
7939,39692
7939,39693
7939,39694
7939,39695
7940,39696
7940,39697
7940,39698
7940,39699
7940,39700
7941,39701
7941,39702
7941,39703
7941,39704
7941,39705
7942,39706
7942,39707
7942,39708
7942,39709
7942,39710
7943,39711
7943,39712
7943,39713
7943,39714
7943,39715
7944,39716
7944,39717
7944,39718
7944,39719
7944,39720
7945,39721
7945,39722
7945,39723
7945,39724
7945,39725
7946,39726
7946,39727
7946,39728
7946,39729
7946,39730
7947,39731
7947,39732
7947,39733
7947,39734
7947,39735
7948,39736
7948,39737
7948,39738
7948,39739
7948,39740
7949,39741
7949,39742
7949,39743
7949,39744
7949,39745
7950,39746
7950,39747
7950,39748
7950,39749
7950,39750
7951,39751
7951,39752
7951,39753
7951,39754
7951,39755
7952,39756
7952,39757
7952,39758
7952,39759
7952,39760
7953,39761
7953,39762
7953,39763
7953,39764
7953,39765
7954,39766
7954,39767
7954,39768
7954,39769
7954,39770
7955,39771
7955,39772
7955,39773
7955,39774
7955,39775
7956,39776
7956,39777
7956,39778
7956,39779
7956,39780
7957,39781
7957,39782
7957,39783
7957,39784
7957,39785
7958,39786
7958,39787
7958,39788
7958,39789
7958,39790
7959,39791
7959,39792
7959,39793
7959,39794
7959,39795
7960,39796
7960,39797
7960,39798
7960,39799
7960,39800
7961,39801
7961,39802
7961,39803
7961,39804
7961,39805
7962,39806
7962,39807
7962,39808
7962,39809
7962,39810
7963,39811
7963,39812
7963,39813
7963,39814
7963,39815
7964,39816
7964,39817
7964,39818
7964,39819
7964,39820
7965,39821
7965,39822
7965,39823
7965,39824
7965,39825
7966,39826
7966,39827
7966,39828
7966,39829
7966,39830
7967,39831
7967,39832
7967,39833
7967,39834
7967,39835
7968,39836
7968,39837
7968,39838
7968,39839
7968,39840
7969,39841
7969,39842
7969,39843
7969,39844
7969,39845
7970,39846
7970,39847
7970,39848
7970,39849
7970,39850
7971,39851
7971,39852
7971,39853
7971,39854
7971,39855
7972,39856
7972,39857
7972,39858
7972,39859
7972,39860
7973,39861
7973,39862
7973,39863
7973,39864
7973,39865
7974,39866
7974,39867
7974,39868
7974,39869
7974,39870
7975,39871
7975,39872
7975,39873
7975,39874
7975,39875
7976,39876
7976,39877
7976,39878
7976,39879
7976,39880
7977,39881
7977,39882
7977,39883
7977,39884
7977,39885
7978,39886
7978,39887
7978,39888
7978,39889
7978,39890
7979,39891
7979,39892
7979,39893
7979,39894
7979,39895
7980,39896
7980,39897
7980,39898
7980,39899
7980,39900
7981,39901
7981,39902
7981,39903
7981,39904
7981,39905
7982,39906
7982,39907
7982,39908
7982,39909
7982,39910
7983,39911
7983,39912
7983,39913
7983,39914
7983,39915
7984,39916
7984,39917
7984,39918
7984,39919
7984,39920
7985,39921
7985,39922
7985,39923
7985,39924
7985,39925
7986,39926
7986,39927
7986,39928
7986,39929
7986,39930
7987,39931
7987,39932
7987,39933
7987,39934
7987,39935
7988,39936
7988,39937
7988,39938
7988,39939
7988,39940
7989,39941
7989,39942
7989,39943
7989,39944
7989,39945
7990,39946
7990,39947
7990,39948
7990,39949
7990,39950
7991,39951
7991,39952
7991,39953
7991,39954
7991,39955
7992,39956
7992,39957
7992,39958
7992,39959
7992,39960
7993,39961
7993,39962
7993,39963
7993,39964
7993,39965
7994,39966
7994,39967
7994,39968
7994,39969
7994,39970
7995,39971
7995,39972
7995,39973
7995,39974
7995,39975
7996,39976
7996,39977
7996,39978
7996,39979
7996,39980
7997,39981
7997,39982
7997,39983
7997,39984
7997,39985
7998,39986
7998,39987
7998,39988
7998,39989
7998,39990
7999,39991
7999,39992
7999,39993
7999,39994
7999,39995
8000,39996
8000,39997
8000,39998
8000,39999
8000,40000
